split,dataset,seed,source,operator,k,ordering,n,max_linf,mean_abs,pred_changes
k1,MHEALTH,0,,late_product,1,"[0, 2, 1]",1987,6.556510925292969e-07,1.136956359464357e-09,0
k1,MHEALTH,0,,late_product,1,"[1, 0, 2]",1987,0.0,0.0,0
k1,MHEALTH,0,,late_product,1,"[1, 2, 0]",1987,6.556510925292969e-07,1.1066953338722897e-09,0
k1,MHEALTH,0,,late_product,1,"[2, 0, 1]",1987,6.556510925292969e-07,1.136956359464357e-09,0
k1,MHEALTH,0,,late_product,1,"[2, 1, 0]",1987,6.556510925292969e-07,1.1066953338722897e-09,0
k1,MHEALTH,0,,late_mean,1,"[0, 2, 1]",1987,5.960464477539063e-08,1.4071471440928379e-09,0
k1,MHEALTH,0,,late_mean,1,"[1, 0, 2]",1987,1.1920928955078125e-07,1.0808480496941934e-09,0
k1,MHEALTH,0,,late_mean,1,"[1, 2, 0]",1987,5.960464477539063e-08,1.9674213425754053e-09,0
k1,MHEALTH,0,,late_mean,1,"[2, 0, 1]",1987,5.960464477539063e-08,1.9306226046962262e-09,0
k1,MHEALTH,0,,late_mean,1,"[2, 1, 0]",1987,1.1920928955078125e-07,2.049471825279337e-09,0
k1,MHEALTH,0,,cpsa,1,"[0, 2, 1]",1987,2.384185791015625e-07,3.133739268187074e-09,0
k1,MHEALTH,0,,cpsa,1,"[1, 0, 2]",1987,0.0,0.0,0
k1,MHEALTH,0,,cpsa,1,"[1, 2, 0]",1987,1.7881393432617188e-07,3.050909871037692e-09,0
k1,MHEALTH,0,,cpsa,1,"[2, 0, 1]",1987,2.384185791015625e-07,3.133739268187074e-09,0
k1,MHEALTH,0,,cpsa,1,"[2, 1, 0]",1987,1.7881393432617188e-07,3.050909871037692e-09,0
k1,MHEALTH,1,,late_product,1,"[0, 2, 1]",1987,5.364418029785156e-07,1.3415248462112243e-09,0
k1,MHEALTH,1,,late_product,1,"[1, 0, 2]",1987,0.0,0.0,0
k1,MHEALTH,1,,late_product,1,"[1, 2, 0]",1987,5.364418029785156e-07,1.1051698744709671e-09,0
k1,MHEALTH,1,,late_product,1,"[2, 0, 1]",1987,5.364418029785156e-07,1.3415248462112243e-09,0
k1,MHEALTH,1,,late_product,1,"[2, 1, 0]",1987,5.364418029785156e-07,1.1051698744709671e-09,0
k1,MHEALTH,1,,late_mean,1,"[0, 2, 1]",1987,5.960464477539063e-08,1.4431836964635958e-09,0
k1,MHEALTH,1,,late_mean,1,"[1, 0, 2]",1987,1.1920928955078125e-07,1.187518004759288e-09,0
k1,MHEALTH,1,,late_mean,1,"[1, 2, 0]",1987,5.960464477539063e-08,2.0806941733040083e-09,0
k1,MHEALTH,1,,late_mean,1,"[2, 0, 1]",1987,5.960464477539063e-08,2.1023967238829483e-09,0
k1,MHEALTH,1,,late_mean,1,"[2, 1, 0]",1987,1.1920928955078125e-07,2.1992357805982515e-09,0
k1,MHEALTH,1,,cpsa,1,"[0, 2, 1]",1987,2.384185791015625e-07,3.6570661924262848e-09,0
k1,MHEALTH,1,,cpsa,1,"[1, 0, 2]",1987,0.0,0.0,0
k1,MHEALTH,1,,cpsa,1,"[1, 2, 0]",1987,1.7881393432617188e-07,3.658486808319842e-09,0
k1,MHEALTH,1,,cpsa,1,"[2, 0, 1]",1987,2.384185791015625e-07,3.6570661924262848e-09,0
k1,MHEALTH,1,,cpsa,1,"[2, 1, 0]",1987,1.7881393432617188e-07,3.658486808319842e-09,0
k1,MHEALTH,2,,late_product,1,"[0, 2, 1]",1987,5.364418029785156e-07,7.902815420210039e-10,0
k1,MHEALTH,2,,late_product,1,"[1, 0, 2]",1987,0.0,0.0,0
k1,MHEALTH,2,,late_product,1,"[1, 2, 0]",1987,5.364418029785156e-07,6.332397909311322e-10,0
k1,MHEALTH,2,,late_product,1,"[2, 0, 1]",1987,5.364418029785156e-07,7.902815420210039e-10,0
k1,MHEALTH,2,,late_product,1,"[2, 1, 0]",1987,5.364418029785156e-07,6.332397909311322e-10,0
k1,MHEALTH,2,,late_mean,1,"[0, 2, 1]",1987,5.960464477539063e-08,1.5570536376795489e-09,0
k1,MHEALTH,2,,late_mean,1,"[1, 0, 2]",1987,5.960464477539063e-08,1.1092135524929708e-09,0
k1,MHEALTH,2,,late_mean,1,"[1, 2, 0]",1987,5.960464477539063e-08,2.146566102883727e-09,0
k1,MHEALTH,2,,late_mean,1,"[2, 0, 1]",1987,5.960464477539063e-08,2.1201942651820486e-09,0
k1,MHEALTH,2,,late_mean,1,"[2, 1, 0]",1987,1.1920928955078125e-07,2.295270364858146e-09,0
k1,MHEALTH,2,,cpsa,1,"[0, 2, 1]",1987,2.384185791015625e-07,3.5194229435878633e-09,0
k1,MHEALTH,2,,cpsa,1,"[1, 0, 2]",1987,0.0,0.0,0
k1,MHEALTH,2,,cpsa,1,"[1, 2, 0]",1987,1.7881393432617188e-07,3.26634135292946e-09,0
k1,MHEALTH,2,,cpsa,1,"[2, 0, 1]",1987,2.384185791015625e-07,3.5194229435878633e-09,0
k1,MHEALTH,2,,cpsa,1,"[2, 1, 0]",1987,1.7881393432617188e-07,3.26634135292946e-09,0
k1,HAPT,0,,late_product,1,"[1, 0]",3162,0.0,0.0,0
k1,HAPT,0,,late_mean,1,"[1, 0]",3162,0.0,0.0,0
k1,HAPT,0,,cpsa,1,"[1, 0]",3162,0.0,0.0,0
k1,HAPT,1,,late_product,1,"[1, 0]",3162,0.0,0.0,0
k1,HAPT,1,,late_mean,1,"[1, 0]",3162,0.0,0.0,0
k1,HAPT,1,,cpsa,1,"[1, 0]",3162,0.0,0.0,0
k1,HAPT,2,,late_product,1,"[1, 0]",3162,0.0,0.0,0
k1,HAPT,2,,late_mean,1,"[1, 0]",3162,0.0,0.0,0
k1,HAPT,2,,cpsa,1,"[1, 0]",3162,0.0,0.0,0
grid,MHEALTH,0,M1,late_product,1,reverse,1987,6.556510925292969e-07,1.1066953338722897e-09,0
grid,MHEALTH,0,M1,late_product,1,shuffle_B,1987,6.556510925292969e-07,1.1066953338722897e-09,0
grid,MHEALTH,0,M1,late_mean,1,reverse,1987,1.1920928955078125e-07,2.049471825279337e-09,0
grid,MHEALTH,0,M1,late_mean,1,shuffle_B,1987,1.1920928955078125e-07,2.049471825279337e-09,0
grid,MHEALTH,0,M1,cpsa,1,reverse,1987,1.7881393432617188e-07,3.050909871037692e-09,0
grid,MHEALTH,0,M1,cpsa,1,shuffle_B,1987,1.7881393432617188e-07,3.050909871037692e-09,0
grid,MHEALTH,0,M1,late_product,2,reverse,1987,4.917383193969727e-07,1.2225338453132833e-09,0
grid,MHEALTH,0,M1,late_product,2,shuffle_A,1987,4.76837158203125e-07,6.480839922399333e-10,0
grid,MHEALTH,0,M1,late_product,2,shuffle_B,1987,4.917383193969727e-07,1.2225338453132833e-09,0
grid,MHEALTH,0,M1,late_mean,2,reverse,1987,1.1920928955078125e-07,2.086078522616011e-09,0
grid,MHEALTH,0,M1,late_mean,2,shuffle_A,1987,1.1920928955078125e-07,8.574057714487991e-10,0
grid,MHEALTH,0,M1,late_mean,2,shuffle_B,1987,1.1920928955078125e-07,2.086078522616011e-09,0
grid,MHEALTH,0,M1,cpsa,2,reverse,1987,2.384185791015625e-07,3.6084414839474796e-09,0
grid,MHEALTH,0,M1,cpsa,2,shuffle_A,1987,1.7881393432617188e-07,1.965064601057168e-09,0
grid,MHEALTH,0,M1,cpsa,2,shuffle_B,1987,2.384185791015625e-07,3.6084414839474796e-09,0
grid,MHEALTH,0,M1,late_product,3,reverse,1987,1.6093254089355469e-06,1.2402222924413472e-09,0
grid,MHEALTH,0,M1,late_product,3,shuffle_A,1987,1.6093254089355469e-06,1.1623952987178802e-09,0
grid,MHEALTH,0,M1,late_product,3,shuffle_B,1987,7.748603820800781e-07,1.011214631114643e-09,0
grid,MHEALTH,0,M1,late_mean,3,reverse,1987,1.1920928955078125e-07,3.1130744889879423e-09,0
grid,MHEALTH,0,M1,late_mean,3,shuffle_A,1987,5.960464477539063e-08,1.8973696040738785e-09,0
grid,MHEALTH,0,M1,late_mean,3,shuffle_B,1987,1.1920928955078125e-07,1.933054337171648e-09,0
grid,MHEALTH,0,M1,cpsa,3,reverse,1987,2.384185791015625e-07,4.036939853705574e-09,0
grid,MHEALTH,0,M1,cpsa,3,shuffle_A,1987,2.384185791015625e-07,4.731887031258496e-09,0
grid,MHEALTH,0,M1,cpsa,3,shuffle_B,1987,2.384185791015625e-07,4.186203887938581e-09,0
grid,MHEALTH,0,M1,late_product,5,reverse,1987,1.3709068298339844e-06,1.2409327474322962e-09,0
grid,MHEALTH,0,M1,late_product,5,shuffle_A,1987,8.940696716308594e-07,9.086173847223508e-10,0
grid,MHEALTH,0,M1,late_product,5,shuffle_B,1987,8.940696716308594e-07,9.93168526165517e-10,0
grid,MHEALTH,0,M1,late_mean,5,reverse,1987,1.1920928955078125e-07,3.777816303456398e-09,0
grid,MHEALTH,0,M1,late_mean,5,shuffle_A,1987,5.960464477539063e-08,1.8751739749862844e-09,0
grid,MHEALTH,0,M1,late_mean,5,shuffle_B,1987,1.1920928955078125e-07,2.669489632323841e-09,0
grid,MHEALTH,0,M1,cpsa,5,reverse,1987,2.980232238769531e-07,3.2356494554880893e-09,0
grid,MHEALTH,0,M1,cpsa,5,shuffle_A,1987,2.980232238769531e-07,3.5538767294266925e-09,0
grid,MHEALTH,0,M1,cpsa,5,shuffle_B,1987,2.980232238769531e-07,3.0492104454013194e-09,0
grid,MHEALTH,0,M1,late_product,8,reverse,1987,3.427267074584961e-06,2.466842446615253e-09,0
grid,MHEALTH,0,M1,late_product,8,shuffle_A,1987,1.8477439880371094e-06,1.6198221626323606e-09,0
grid,MHEALTH,0,M1,late_product,8,shuffle_B,1987,1.6987323760986328e-06,1.1651791783281794e-09,0
grid,MHEALTH,0,M1,late_mean,8,reverse,1987,1.7881393432617188e-07,3.4062787648214553e-09,0
grid,MHEALTH,0,M1,late_mean,8,shuffle_A,1987,1.7881393432617188e-07,3.1697418881030567e-09,0
grid,MHEALTH,0,M1,late_mean,8,shuffle_B,1987,1.1920928955078125e-07,2.1057852589515296e-09,0
grid,MHEALTH,0,M1,cpsa,8,reverse,1987,2.980232238769531e-07,2.7843779799410906e-09,0
grid,MHEALTH,0,M1,cpsa,8,shuffle_A,1987,2.384185791015625e-07,4.276163474063515e-09,0
grid,MHEALTH,0,M1,cpsa,8,shuffle_B,1987,2.980232238769531e-07,3.899771759478693e-09,0
grid,MHEALTH,0,M1,late_product,16,reverse,1987,3.874301910400391e-06,1.9246751048148795e-09,0
grid,MHEALTH,0,M1,late_product,16,shuffle_A,1987,2.9206275939941406e-06,1.2391680068750514e-09,0
grid,MHEALTH,0,M1,late_product,16,shuffle_B,1987,2.9206275939941406e-06,1.7108202572954538e-09,0
grid,MHEALTH,0,M1,late_mean,16,reverse,1987,1.7881393432617188e-07,3.761573060060897e-09,0
grid,MHEALTH,0,M1,late_mean,16,shuffle_A,1987,1.7881393432617188e-07,3.555284243083272e-09,0
grid,MHEALTH,0,M1,late_mean,16,shuffle_B,1987,1.7881393432617188e-07,3.750657652607514e-09,0
grid,MHEALTH,0,M1,cpsa,16,reverse,1987,2.384185791015625e-07,2.3006879454747505e-09,0
grid,MHEALTH,0,M1,cpsa,16,shuffle_A,1987,2.384185791015625e-07,3.0315423833428816e-09,0
grid,MHEALTH,0,M1,cpsa,16,shuffle_B,1987,2.384185791015625e-07,3.31353806458138e-09,0
grid,MHEALTH,0,M1,late_product,32,reverse,1987,7.927417755126953e-06,3.3926604050057255e-09,0
grid,MHEALTH,0,M1,late_product,32,shuffle_A,1987,5.543231964111328e-06,2.725463159995049e-09,0
grid,MHEALTH,0,M1,late_product,32,shuffle_B,1987,4.6193599700927734e-06,2.3322846675568712e-09,0
grid,MHEALTH,0,M1,late_mean,32,reverse,1987,1.7881393432617188e-07,3.651639968359427e-09,0
grid,MHEALTH,0,M1,late_mean,32,shuffle_A,1987,1.7881393432617188e-07,3.583293628965031e-09,0
grid,MHEALTH,0,M1,late_mean,32,shuffle_B,1987,1.7881393432617188e-07,3.752774491121309e-09,0
grid,MHEALTH,0,M1,cpsa,32,reverse,1987,4.76837158203125e-07,2.533582022165042e-09,0
grid,MHEALTH,0,M1,cpsa,32,shuffle_A,1987,4.76837158203125e-07,3.223018749588462e-09,0
grid,MHEALTH,0,M1,cpsa,32,shuffle_B,1987,4.172325134277344e-07,4.5680947595067615e-09,0
grid,MHEALTH,0,M1,late_product,64,reverse,1987,1.150369644165039e-05,4.4658297997187516e-09,0
grid,MHEALTH,0,M1,late_product,64,shuffle_A,1987,7.748603820800781e-06,2.821643161725929e-09,0
grid,MHEALTH,0,M1,late_product,64,shuffle_B,1987,1.2189149856567383e-05,4.588709625622197e-09,0
grid,MHEALTH,0,M1,late_mean,64,reverse,1987,1.7881393432617188e-07,3.72866559680557e-09,0
grid,MHEALTH,0,M1,late_mean,64,shuffle_A,1987,1.1920928955078125e-07,2.2641363063385325e-09,0
grid,MHEALTH,0,M1,late_mean,64,shuffle_B,1987,1.7881393432617188e-07,3.728951483767267e-09,0
grid,MHEALTH,0,M1,cpsa,64,reverse,1987,7.152557373046875e-07,3.066800619512004e-09,0
grid,MHEALTH,0,M1,cpsa,64,shuffle_A,1987,8.940696716308594e-07,4.637489481957929e-09,0
grid,MHEALTH,0,M1,cpsa,64,shuffle_B,1987,7.748603820800781e-07,3.5554852081788954e-09,0
grid,MHEALTH,0,M1,late_product,100,reverse,1987,1.6063451766967773e-05,6.99145648250528e-09,0
grid,MHEALTH,0,M1,late_product,100,shuffle_A,1987,1.0371208190917969e-05,4.449686669010927e-09,0
grid,MHEALTH,0,M1,late_product,100,shuffle_B,1987,1.6063451766967773e-05,7.00413972701961e-09,0
grid,MHEALTH,0,M1,late_mean,100,reverse,1987,1.1920928955078125e-07,3.954488981915202e-09,0
grid,MHEALTH,0,M1,late_mean,100,shuffle_A,1987,1.1920928955078125e-07,1.0711379074674822e-09,0
grid,MHEALTH,0,M1,late_mean,100,shuffle_B,1987,1.1920928955078125e-07,3.873919800026858e-09,0
grid,MHEALTH,0,M1,cpsa,100,reverse,1987,7.152557373046875e-07,3.0993750489668466e-09,0
grid,MHEALTH,0,M1,cpsa,100,shuffle_A,1987,6.556510925292969e-07,4.304209598394805e-09,0
grid,MHEALTH,0,M1,cpsa,100,shuffle_B,1987,7.152557373046875e-07,4.047877115954737e-09,0
grid,MHEALTH,0,M2,late_product,1,reverse,1987,6.556510925292969e-07,1.1066953338722897e-09,0
grid,MHEALTH,0,M2,late_product,1,shuffle_B,1987,0.0,0.0,0
grid,MHEALTH,0,M2,late_mean,1,reverse,1987,1.1920928955078125e-07,2.049471825279337e-09,0
grid,MHEALTH,0,M2,late_mean,1,shuffle_B,1987,1.1920928955078125e-07,1.0808480496941934e-09,0
grid,MHEALTH,0,M2,cpsa,1,reverse,1987,1.7881393432617188e-07,3.050909871037692e-09,0
grid,MHEALTH,0,M2,cpsa,1,shuffle_B,1987,0.0,0.0,0
grid,MHEALTH,0,M2,late_product,2,reverse,1987,1.5497207641601562e-06,1.8811410054957246e-09,0
grid,MHEALTH,0,M2,late_product,2,shuffle_A,1987,9.5367431640625e-07,1.0412661838881166e-09,0
grid,MHEALTH,0,M2,late_product,2,shuffle_B,1987,9.5367431640625e-07,1.1042555119284127e-09,0
grid,MHEALTH,0,M2,late_mean,2,reverse,1987,1.1920928955078125e-07,2.0259230147946705e-09,0
grid,MHEALTH,0,M2,late_mean,2,shuffle_A,1987,1.1920928955078125e-07,1.34582629143008e-09,0
grid,MHEALTH,0,M2,late_mean,2,shuffle_B,1987,1.1920928955078125e-07,8.307894075696947e-10,0
grid,MHEALTH,0,M2,cpsa,2,reverse,1987,1.7881393432617188e-07,3.6403988067202403e-09,0
grid,MHEALTH,0,M2,cpsa,2,shuffle_A,1987,1.7881393432617188e-07,2.650683125602763e-09,0
grid,MHEALTH,0,M2,cpsa,2,shuffle_B,1987,2.384185791015625e-07,2.0476941333057024e-09,0
grid,MHEALTH,0,M2,late_product,3,reverse,1987,5.364418029785156e-07,6.258733268517481e-10,0
grid,MHEALTH,0,M2,late_product,3,shuffle_A,1987,0.0,0.0,0
grid,MHEALTH,0,M2,late_product,3,shuffle_B,1987,4.76837158203125e-07,3.450503541292519e-10,0
grid,MHEALTH,0,M2,late_mean,3,reverse,1987,1.1920928955078125e-07,3.3152997712114725e-09,0
grid,MHEALTH,0,M2,late_mean,3,shuffle_A,1987,0.0,0.0,0
grid,MHEALTH,0,M2,late_mean,3,shuffle_B,1987,5.960464477539063e-08,1.3984941215685813e-09,0
grid,MHEALTH,0,M2,cpsa,3,reverse,1987,2.384185791015625e-07,3.931764055702821e-09,0
grid,MHEALTH,0,M2,cpsa,3,shuffle_A,1987,0.0,0.0,0
grid,MHEALTH,0,M2,cpsa,3,shuffle_B,1987,2.384185791015625e-07,4.409298794484714e-09,0
grid,MHEALTH,0,M2,late_product,5,reverse,1987,1.7285346984863281e-06,5.605022827339785e-10,0
grid,MHEALTH,0,M2,late_product,5,shuffle_A,1987,8.940696716308594e-07,3.077020260997379e-10,0
grid,MHEALTH,0,M2,late_product,5,shuffle_B,1987,8.940696716308594e-07,3.3695192509186487e-10,0
grid,MHEALTH,0,M2,late_mean,5,reverse,1987,1.1920928955078125e-07,3.6917022718099832e-09,0
grid,MHEALTH,0,M2,late_mean,5,shuffle_A,1987,1.1920928955078125e-07,2.8256507638492433e-09,0
grid,MHEALTH,0,M2,late_mean,5,shuffle_B,1987,1.1920928955078125e-07,2.371176054420547e-09,0
grid,MHEALTH,0,M2,cpsa,5,reverse,1987,2.980232238769531e-07,3.3280139596521853e-09,0
grid,MHEALTH,0,M2,cpsa,5,shuffle_A,1987,2.980232238769531e-07,3.2154195654536962e-09,0
grid,MHEALTH,0,M2,cpsa,5,shuffle_B,1987,2.980232238769531e-07,3.757333360507109e-09,0
grid,MHEALTH,0,M2,late_product,8,reverse,1987,1.9073486328125e-06,2.9998968794949547e-09,0
grid,MHEALTH,0,M2,late_product,8,shuffle_A,1987,1.1324882507324219e-06,9.646017254778098e-10,0
grid,MHEALTH,0,M2,late_product,8,shuffle_B,1987,1.3709068298339844e-06,1.6947451510673553e-09,0
grid,MHEALTH,0,M2,late_mean,8,reverse,1987,1.7881393432617188e-07,3.365574398529479e-09,0
grid,MHEALTH,0,M2,late_mean,8,shuffle_A,1987,1.1920928955078125e-07,1.8162415338769888e-09,0
grid,MHEALTH,0,M2,late_mean,8,shuffle_B,1987,1.7881393432617188e-07,2.839971147654492e-09,0
grid,MHEALTH,0,M2,cpsa,8,reverse,1987,2.384185791015625e-07,2.6462739215245446e-09,0
grid,MHEALTH,0,M2,cpsa,8,shuffle_A,1987,2.980232238769531e-07,4.5515883710646435e-09,0
grid,MHEALTH,0,M2,cpsa,8,shuffle_B,1987,2.384185791015625e-07,2.554704988690982e-09,0
grid,MHEALTH,0,M2,late_product,16,reverse,1987,3.248453140258789e-06,5.123973204250772e-09,0
grid,MHEALTH,0,M2,late_product,16,shuffle_A,1987,1.7285346984863281e-06,2.0554047192288064e-09,0
grid,MHEALTH,0,M2,late_product,16,shuffle_B,1987,1.430511474609375e-06,2.2995654395500217e-09,0
grid,MHEALTH,0,M2,late_mean,16,reverse,1987,1.7881393432617188e-07,3.4182134572265648e-09,0
grid,MHEALTH,0,M2,late_mean,16,shuffle_A,1987,1.1920928955078125e-07,2.071194624041468e-09,0
grid,MHEALTH,0,M2,late_mean,16,shuffle_B,1987,1.1920928955078125e-07,1.9150621254143034e-09,0
grid,MHEALTH,0,M2,cpsa,16,reverse,1987,2.384185791015625e-07,2.220558912995261e-09,0
grid,MHEALTH,0,M2,cpsa,16,shuffle_A,1987,2.980232238769531e-07,3.4627166649858256e-09,0
grid,MHEALTH,0,M2,cpsa,16,shuffle_B,1987,2.980232238769531e-07,3.34035390402399e-09,0
grid,MHEALTH,0,M2,late_product,32,reverse,1987,1.2964010238647461e-05,2.1949225257614757e-09,0
grid,MHEALTH,0,M2,late_product,32,shuffle_A,1987,1.9371509552001953e-06,5.850492557088157e-10,0
grid,MHEALTH,0,M2,late_product,32,shuffle_B,1987,9.298324584960938e-06,1.6360798379413587e-09,0
grid,MHEALTH,0,M2,late_mean,32,reverse,1987,1.7881393432617188e-07,3.351322694201987e-09,0
grid,MHEALTH,0,M2,late_mean,32,shuffle_A,1987,1.1920928955078125e-07,3.8263966945481577e-10,0
grid,MHEALTH,0,M2,late_mean,32,shuffle_B,1987,1.7881393432617188e-07,3.565846198331816e-09,0
grid,MHEALTH,0,M2,cpsa,32,reverse,1987,4.76837158203125e-07,2.2157749642948742e-09,0
grid,MHEALTH,0,M2,cpsa,32,shuffle_A,1987,4.76837158203125e-07,3.698193313613019e-09,0
grid,MHEALTH,0,M2,cpsa,32,shuffle_B,1987,4.76837158203125e-07,3.9979579902171494e-09,0
grid,MHEALTH,0,M2,late_product,64,reverse,1987,5.1081180572509766e-05,9.387666359446998e-09,0
grid,MHEALTH,0,M2,late_product,64,shuffle_A,1987,1.7583370208740234e-05,2.5451405661787312e-09,0
grid,MHEALTH,0,M2,late_product,64,shuffle_B,1987,1.9371509552001953e-05,2.6982996903961237e-09,0
grid,MHEALTH,0,M2,late_mean,64,reverse,1987,1.7881393432617188e-07,3.5265512862203266e-09,0
grid,MHEALTH,0,M2,late_mean,64,shuffle_A,1987,1.1920928955078125e-07,6.163477611604769e-10,0
grid,MHEALTH,0,M2,late_mean,64,shuffle_B,1987,1.1920928955078125e-07,4.244150850200636e-10,0
grid,MHEALTH,0,M2,cpsa,64,reverse,1987,7.152557373046875e-07,2.4780573604822776e-09,0
grid,MHEALTH,0,M2,cpsa,64,shuffle_A,1987,7.152557373046875e-07,3.861321458331831e-09,0
grid,MHEALTH,0,M2,cpsa,64,shuffle_B,1987,7.152557373046875e-07,3.502799000421259e-09,0
grid,MHEALTH,0,M2,late_product,100,reverse,1987,2.3365020751953125e-05,3.573898987041774e-09,0
grid,MHEALTH,0,M2,late_product,100,shuffle_A,1987,1.570582389831543e-05,1.99542103659501e-09,0
grid,MHEALTH,0,M2,late_product,100,shuffle_B,1987,1.722574234008789e-05,2.396871352461179e-09,0
grid,MHEALTH,0,M2,late_mean,100,reverse,1987,1.7881393432617188e-07,3.5601245255211624e-09,0
grid,MHEALTH,0,M2,late_mean,100,shuffle_A,1987,1.7881393432617188e-07,2.3260664789713956e-09,0
grid,MHEALTH,0,M2,late_mean,100,shuffle_B,1987,1.1920928955078125e-07,2.277809937972919e-09,0
grid,MHEALTH,0,M2,cpsa,100,reverse,1987,8.344650268554688e-07,2.585377120883749e-09,0
grid,MHEALTH,0,M2,cpsa,100,shuffle_A,1987,9.5367431640625e-07,2.383774783165786e-09,0
grid,MHEALTH,0,M2,cpsa,100,shuffle_B,1987,8.940696716308594e-07,3.250188389676657e-09,0
grid,MHEALTH,0,M3,late_product,1,reverse,1987,6.556510925292969e-07,1.1066953338722897e-09,0
grid,MHEALTH,0,M3,late_product,1,shuffle_B,1987,6.556510925292969e-07,1.1066953338722897e-09,0
grid,MHEALTH,0,M3,late_mean,1,reverse,1987,1.1920928955078125e-07,2.049471825279337e-09,0
grid,MHEALTH,0,M3,late_mean,1,shuffle_B,1987,1.1920928955078125e-07,2.049471825279337e-09,0
grid,MHEALTH,0,M3,cpsa,1,reverse,1987,1.7881393432617188e-07,3.050909871037692e-09,0
grid,MHEALTH,0,M3,cpsa,1,shuffle_B,1987,1.7881393432617188e-07,3.050909871037692e-09,0
grid,MHEALTH,0,M3,late_product,2,reverse,1987,8.940696716308594e-07,2.362309422894928e-09,0
grid,MHEALTH,0,M3,late_product,2,shuffle_A,1987,5.364418029785156e-07,1.8620232635246912e-09,0
grid,MHEALTH,0,M3,late_product,2,shuffle_B,1987,8.940696716308594e-07,1.9681336124582675e-09,0
grid,MHEALTH,0,M3,late_mean,2,reverse,1987,1.1920928955078125e-07,2.0765135191309176e-09,0
grid,MHEALTH,0,M3,late_mean,2,shuffle_A,1987,1.1920928955078125e-07,1.7971108331820525e-09,0
grid,MHEALTH,0,M3,late_mean,2,shuffle_B,1987,1.1920928955078125e-07,1.8859687391079287e-09,0
grid,MHEALTH,0,M3,cpsa,2,reverse,1987,1.7881393432617188e-07,3.745869962019133e-09,0
grid,MHEALTH,0,M3,cpsa,2,shuffle_A,1987,2.384185791015625e-07,3.6153678784547457e-09,0
grid,MHEALTH,0,M3,cpsa,2,shuffle_B,1987,1.7881393432617188e-07,3.497029586947962e-09,0
grid,MHEALTH,0,M3,late_product,3,reverse,1987,1.4007091522216797e-06,1.9335878512613407e-09,0
grid,MHEALTH,0,M3,late_product,3,shuffle_A,1987,1.0132789611816406e-06,1.4336147072586063e-09,0
grid,MHEALTH,0,M3,late_product,3,shuffle_B,1987,9.5367431640625e-07,1.4514057138332509e-09,0
grid,MHEALTH,0,M3,late_mean,3,reverse,1987,1.1920928955078125e-07,3.184495496239711e-09,0
grid,MHEALTH,0,M3,late_mean,3,shuffle_A,1987,5.960464477539063e-08,1.7707173005929247e-09,0
grid,MHEALTH,0,M3,late_mean,3,shuffle_B,1987,1.1920928955078125e-07,2.0468975447779555e-09,0
grid,MHEALTH,0,M3,cpsa,3,reverse,1987,2.384185791015625e-07,4.2052434207583755e-09,0
grid,MHEALTH,0,M3,cpsa,3,shuffle_A,1987,2.384185791015625e-07,3.7205941565605733e-09,0
grid,MHEALTH,0,M3,cpsa,3,shuffle_B,1987,2.384185791015625e-07,3.645610689016823e-09,0
grid,MHEALTH,0,M3,late_product,5,reverse,1987,3.814697265625e-06,5.796044239704145e-09,0
grid,MHEALTH,0,M3,late_product,5,shuffle_A,1987,1.8775463104248047e-06,3.3944184030729055e-09,0
grid,MHEALTH,0,M3,late_product,5,shuffle_B,1987,3.814697265625e-06,5.069764037683182e-09,0
grid,MHEALTH,0,M3,late_mean,5,reverse,1987,1.1920928955078125e-07,3.68026515750039e-09,0
grid,MHEALTH,0,M3,late_mean,5,shuffle_A,1987,1.1920928955078125e-07,2.5486723269580283e-09,0
grid,MHEALTH,0,M3,late_mean,5,shuffle_B,1987,1.1920928955078125e-07,3.590399760638596e-09,0
grid,MHEALTH,0,M3,cpsa,5,reverse,1987,2.980232238769531e-07,3.3994718163758077e-09,0
grid,MHEALTH,0,M3,cpsa,5,shuffle_A,1987,2.980232238769531e-07,2.6351776941191566e-09,0
grid,MHEALTH,0,M3,cpsa,5,shuffle_B,1987,2.980232238769531e-07,3.750049929650576e-09,0
grid,MHEALTH,0,M3,late_product,8,reverse,1987,3.9637088775634766e-06,3.5885848336280926e-09,0
grid,MHEALTH,0,M3,late_product,8,shuffle_A,1987,1.9669532775878906e-06,1.7305887216456824e-09,0
grid,MHEALTH,0,M3,late_product,8,shuffle_B,1987,2.384185791015625e-06,2.1613921195617718e-09,0
grid,MHEALTH,0,M3,late_mean,8,reverse,1987,1.7881393432617188e-07,3.585418989861073e-09,0
grid,MHEALTH,0,M3,late_mean,8,shuffle_A,1987,1.1920928955078125e-07,2.2176222348539284e-09,0
grid,MHEALTH,0,M3,late_mean,8,shuffle_B,1987,1.1920928955078125e-07,2.4101766777892487e-09,0
grid,MHEALTH,0,M3,cpsa,8,reverse,1987,2.384185791015625e-07,2.7251729854730447e-09,0
grid,MHEALTH,0,M3,cpsa,8,shuffle_A,1987,2.384185791015625e-07,3.308252738322648e-09,0
grid,MHEALTH,0,M3,cpsa,8,shuffle_B,1987,2.384185791015625e-07,4.772143794240203e-09,0
grid,MHEALTH,0,M3,late_product,16,reverse,1987,6.616115570068359e-06,3.3432263682716107e-09,0
grid,MHEALTH,0,M3,late_product,16,shuffle_A,1987,4.76837158203125e-06,2.862167775774323e-09,0
grid,MHEALTH,0,M3,late_product,16,shuffle_B,1987,4.76837158203125e-06,2.5981048358654e-09,0
grid,MHEALTH,0,M3,late_mean,16,reverse,1987,1.7881393432617188e-07,3.669701752292155e-09,0
grid,MHEALTH,0,M3,late_mean,16,shuffle_A,1987,1.7881393432617188e-07,3.4655663074943135e-09,0
grid,MHEALTH,0,M3,late_mean,16,shuffle_B,1987,1.7881393432617188e-07,3.652775460072204e-09,0
grid,MHEALTH,0,M3,cpsa,16,reverse,1987,2.384185791015625e-07,2.230467985470606e-09,0
grid,MHEALTH,0,M3,cpsa,16,shuffle_A,1987,2.384185791015625e-07,2.167061917084963e-09,0
grid,MHEALTH,0,M3,cpsa,16,shuffle_B,1987,2.384185791015625e-07,2.8639104201751606e-09,0
grid,MHEALTH,0,M3,late_product,32,reverse,1987,1.1265277862548828e-05,4.666604457682304e-09,0
grid,MHEALTH,0,M3,late_product,32,shuffle_A,1987,4.708766937255859e-06,2.3535454355186977e-09,0
grid,MHEALTH,0,M3,late_product,32,shuffle_B,1987,5.662441253662109e-06,2.3729105519252364e-09,0
grid,MHEALTH,0,M3,late_mean,32,reverse,1987,1.7881393432617188e-07,3.4629633804774085e-09,0
grid,MHEALTH,0,M3,late_mean,32,shuffle_A,1987,1.1920928955078125e-07,8.276032450466661e-10,0
grid,MHEALTH,0,M3,late_mean,32,shuffle_B,1987,1.1920928955078125e-07,1.8563068650046347e-09,0
grid,MHEALTH,0,M3,cpsa,32,reverse,1987,4.172325134277344e-07,2.3851239193048583e-09,0
grid,MHEALTH,0,M3,cpsa,32,shuffle_A,1987,4.76837158203125e-07,4.007413748187522e-09,0
grid,MHEALTH,0,M3,cpsa,32,shuffle_B,1987,5.364418029785156e-07,4.394759859696891e-09,0
grid,MHEALTH,0,M3,late_product,64,reverse,1987,2.8431415557861328e-05,1.1633897613788417e-08,0
grid,MHEALTH,0,M3,late_product,64,shuffle_A,1987,1.9550323486328125e-05,9.883570387256948e-09,0
grid,MHEALTH,0,M3,late_product,64,shuffle_B,1987,2.1278858184814453e-05,1.0209408807240074e-08,0
grid,MHEALTH,0,M3,late_mean,64,reverse,1987,1.7881393432617188e-07,3.610278653127108e-09,0
grid,MHEALTH,0,M3,late_mean,64,shuffle_A,1987,1.7881393432617188e-07,3.6490077887350695e-09,0
grid,MHEALTH,0,M3,late_mean,64,shuffle_B,1987,1.7881393432617188e-07,3.6298689128359762e-09,0
grid,MHEALTH,0,M3,cpsa,64,reverse,1987,7.152557373046875e-07,2.8137344190947495e-09,0
grid,MHEALTH,0,M3,cpsa,64,shuffle_A,1987,7.748603820800781e-07,4.216228798162444e-09,0
grid,MHEALTH,0,M3,cpsa,64,shuffle_B,1987,7.152557373046875e-07,4.145936275066916e-09,0
grid,MHEALTH,0,M3,late_product,100,reverse,1987,2.7567148208618164e-05,1.505665061706513e-08,0
grid,MHEALTH,0,M3,late_product,100,shuffle_A,1987,2.8401613235473633e-05,1.4471864275232952e-08,0
grid,MHEALTH,0,M3,late_product,100,shuffle_B,1987,1.753866672515869e-05,7.972454032559312e-09,0
grid,MHEALTH,0,M3,late_mean,100,reverse,1987,1.1920928955078125e-07,3.6896016230993295e-09,0
grid,MHEALTH,0,M3,late_mean,100,shuffle_A,1987,1.1920928955078125e-07,3.5561663006006024e-09,0
grid,MHEALTH,0,M3,late_mean,100,shuffle_B,1987,1.1920928955078125e-07,2.229779280764524e-09,0
grid,MHEALTH,0,M3,cpsa,100,reverse,1987,7.152557373046875e-07,2.683534906425425e-09,0
grid,MHEALTH,0,M3,cpsa,100,shuffle_A,1987,7.152557373046875e-07,3.007064786366662e-09,0
grid,MHEALTH,0,M3,cpsa,100,shuffle_B,1987,6.556510925292969e-07,3.011590443629225e-09,0
grid,MHEALTH,1,M1,late_product,1,reverse,1987,5.364418029785156e-07,1.1051698744709671e-09,0
grid,MHEALTH,1,M1,late_product,1,shuffle_B,1987,5.364418029785156e-07,1.1051698744709671e-09,0
grid,MHEALTH,1,M1,late_mean,1,reverse,1987,1.1920928955078125e-07,2.1992357805982515e-09,0
grid,MHEALTH,1,M1,late_mean,1,shuffle_B,1987,1.1920928955078125e-07,2.1992357805982515e-09,0
grid,MHEALTH,1,M1,cpsa,1,reverse,1987,1.7881393432617188e-07,3.658486808319842e-09,0
grid,MHEALTH,1,M1,cpsa,1,shuffle_B,1987,1.7881393432617188e-07,3.658486808319842e-09,0
grid,MHEALTH,1,M1,late_product,2,reverse,1987,5.960464477539062e-07,1.1939787457533261e-09,0
grid,MHEALTH,1,M1,late_product,2,shuffle_A,1987,4.76837158203125e-07,5.965225974369787e-10,0
grid,MHEALTH,1,M1,late_product,2,shuffle_B,1987,5.960464477539062e-07,1.1939787457533261e-09,0
grid,MHEALTH,1,M1,late_mean,2,reverse,1987,1.1920928955078125e-07,2.176717531013879e-09,0
grid,MHEALTH,1,M1,late_mean,2,shuffle_A,1987,1.1920928955078125e-07,7.483179113410213e-10,0
grid,MHEALTH,1,M1,late_mean,2,shuffle_B,1987,1.1920928955078125e-07,2.176717531013879e-09,0
grid,MHEALTH,1,M1,cpsa,2,reverse,1987,2.384185791015625e-07,3.760183830663169e-09,0
grid,MHEALTH,1,M1,cpsa,2,shuffle_A,1987,2.384185791015625e-07,2.291562937335915e-09,0
grid,MHEALTH,1,M1,cpsa,2,shuffle_B,1987,2.384185791015625e-07,3.760183830663169e-09,0
grid,MHEALTH,1,M1,late_product,3,reverse,1987,9.5367431640625e-07,1.4194088464085712e-09,0
grid,MHEALTH,1,M1,late_product,3,shuffle_A,1987,9.5367431640625e-07,1.2569673225357603e-09,0
grid,MHEALTH,1,M1,late_product,3,shuffle_B,1987,9.5367431640625e-07,1.1737122562071401e-09,0
grid,MHEALTH,1,M1,late_mean,3,reverse,1987,1.1920928955078125e-07,3.290349840969047e-09,0
grid,MHEALTH,1,M1,late_mean,3,shuffle_A,1987,1.1920928955078125e-07,2.0201940380674753e-09,0
grid,MHEALTH,1,M1,late_mean,3,shuffle_B,1987,1.1920928955078125e-07,1.9271204424042577e-09,0
grid,MHEALTH,1,M1,cpsa,3,reverse,1987,2.384185791015625e-07,4.2962637454140434e-09,0
grid,MHEALTH,1,M1,cpsa,3,shuffle_A,1987,2.980232238769531e-07,4.852583163507433e-09,0
grid,MHEALTH,1,M1,cpsa,3,shuffle_B,1987,2.384185791015625e-07,4.420132427719981e-09,0
grid,MHEALTH,1,M1,late_product,5,reverse,1987,1.0728836059570312e-06,1.5500839501215725e-09,0
grid,MHEALTH,1,M1,late_product,5,shuffle_A,1987,9.5367431640625e-07,1.194728228840915e-09,0
grid,MHEALTH,1,M1,late_product,5,shuffle_B,1987,1.0728836059570312e-06,1.4463358113211943e-09,0
grid,MHEALTH,1,M1,late_mean,5,reverse,1987,1.1920928955078125e-07,3.767904683320747e-09,0
grid,MHEALTH,1,M1,late_mean,5,shuffle_A,1987,5.960464477539063e-08,1.989009893890263e-09,0
grid,MHEALTH,1,M1,late_mean,5,shuffle_B,1987,1.1920928955078125e-07,2.6673002069115156e-09,0
grid,MHEALTH,1,M1,cpsa,5,reverse,1987,2.980232238769531e-07,3.3798996169693035e-09,0
grid,MHEALTH,1,M1,cpsa,5,shuffle_A,1987,2.980232238769531e-07,3.8523635280975755e-09,0
grid,MHEALTH,1,M1,cpsa,5,shuffle_B,1987,2.980232238769531e-07,3.0967508431871187e-09,0
grid,MHEALTH,1,M1,late_product,8,reverse,1987,2.8312206268310547e-06,2.6645888786074234e-09,0
grid,MHEALTH,1,M1,late_product,8,shuffle_A,1987,1.0728836059570312e-06,1.6403307872555066e-09,0
grid,MHEALTH,1,M1,late_product,8,shuffle_B,1987,1.1324882507324219e-06,1.4977619488345985e-09,0
grid,MHEALTH,1,M1,late_mean,8,reverse,1987,1.7881393432617188e-07,3.4217773270450284e-09,0
grid,MHEALTH,1,M1,late_mean,8,shuffle_A,1987,1.7881393432617188e-07,3.0744640263183855e-09,0
grid,MHEALTH,1,M1,late_mean,8,shuffle_B,1987,1.1920928955078125e-07,1.9339955812209383e-09,0
grid,MHEALTH,1,M1,cpsa,8,reverse,1987,2.384185791015625e-07,2.8365156321681167e-09,0
grid,MHEALTH,1,M1,cpsa,8,shuffle_A,1987,2.384185791015625e-07,4.070240505053206e-09,0
grid,MHEALTH,1,M1,cpsa,8,shuffle_B,1987,2.384185791015625e-07,3.7197341875846216e-09,0
grid,MHEALTH,1,M1,late_product,16,reverse,1987,5.304813385009766e-06,3.82856229251288e-09,0
grid,MHEALTH,1,M1,late_product,16,shuffle_A,1987,3.5762786865234375e-06,2.9603348160629774e-09,0
grid,MHEALTH,1,M1,late_product,16,shuffle_B,1987,4.470348358154297e-06,2.997831919166367e-09,0
grid,MHEALTH,1,M1,late_mean,16,reverse,1987,2.384185791015625e-07,3.6846738010845668e-09,0
grid,MHEALTH,1,M1,late_mean,16,shuffle_A,1987,2.384185791015625e-07,3.560134117477514e-09,0
grid,MHEALTH,1,M1,late_mean,16,shuffle_B,1987,1.7881393432617188e-07,3.6286680079632667e-09,0
grid,MHEALTH,1,M1,cpsa,16,reverse,1987,2.384185791015625e-07,2.0550316715819907e-09,0
grid,MHEALTH,1,M1,cpsa,16,shuffle_A,1987,2.384185791015625e-07,3.1146849469481185e-09,0
grid,MHEALTH,1,M1,cpsa,16,shuffle_B,1987,2.384185791015625e-07,3.3430552438635238e-09,0
grid,MHEALTH,1,M1,late_product,32,reverse,1987,9.298324584960938e-06,5.3051778575641355e-09,0
grid,MHEALTH,1,M1,late_product,32,shuffle_A,1987,9.298324584960938e-06,4.839528563087019e-09,0
grid,MHEALTH,1,M1,late_product,32,shuffle_B,1987,8.493661880493164e-06,3.5961957487810562e-09,0
grid,MHEALTH,1,M1,late_mean,32,reverse,1987,1.7881393432617188e-07,3.4698384175475795e-09,0
grid,MHEALTH,1,M1,late_mean,32,shuffle_A,1987,1.7881393432617188e-07,3.4461033017410565e-09,0
grid,MHEALTH,1,M1,late_mean,32,shuffle_B,1987,1.7881393432617188e-07,3.5990648454787177e-09,0
grid,MHEALTH,1,M1,cpsa,32,reverse,1987,4.172325134277344e-07,2.2709221287042597e-09,0
grid,MHEALTH,1,M1,cpsa,32,shuffle_A,1987,4.76837158203125e-07,3.158423476413173e-09,0
grid,MHEALTH,1,M1,cpsa,32,shuffle_B,1987,4.172325134277344e-07,4.299306705306152e-09,0
grid,MHEALTH,1,M1,late_product,64,reverse,1987,1.7881393432617188e-05,5.67106153888105e-09,0
grid,MHEALTH,1,M1,late_product,64,shuffle_A,1987,1.2993812561035156e-05,4.401732381789319e-09,0
grid,MHEALTH,1,M1,late_product,64,shuffle_B,1987,1.3947486877441406e-05,5.347054941839997e-09,0
grid,MHEALTH,1,M1,late_mean,64,reverse,1987,1.7881393432617188e-07,3.817791770552932e-09,0
grid,MHEALTH,1,M1,late_mean,64,shuffle_A,1987,1.1920928955078125e-07,2.331640734307697e-09,0
grid,MHEALTH,1,M1,late_mean,64,shuffle_B,1987,1.7881393432617188e-07,3.7705284521239506e-09,0
grid,MHEALTH,1,M1,cpsa,64,reverse,1987,7.152557373046875e-07,2.729717966318069e-09,0
grid,MHEALTH,1,M1,cpsa,64,shuffle_A,1987,8.940696716308594e-07,4.095794522725743e-09,0
grid,MHEALTH,1,M1,cpsa,64,shuffle_B,1987,8.940696716308594e-07,3.1025105343864937e-09,0
grid,MHEALTH,1,M1,late_product,100,reverse,1987,2.8192996978759766e-05,6.708638349088613e-09,0
grid,MHEALTH,1,M1,late_product,100,shuffle_A,1987,2.0384788513183594e-05,5.111408777321162e-09,0
grid,MHEALTH,1,M1,late_product,100,shuffle_B,1987,2.9802322387695312e-05,6.704112401460709e-09,0
grid,MHEALTH,1,M1,late_mean,100,reverse,1987,1.1920928955078125e-07,3.732704149215709e-09,0
grid,MHEALTH,1,M1,late_mean,100,shuffle_A,1987,1.1920928955078125e-07,1.0967543814058836e-09,0
grid,MHEALTH,1,M1,late_mean,100,shuffle_B,1987,1.1920928955078125e-07,3.6590392227777383e-09,0
grid,MHEALTH,1,M1,cpsa,100,reverse,1987,8.940696716308594e-07,2.573743749298554e-09,0
grid,MHEALTH,1,M1,cpsa,100,shuffle_A,1987,8.344650268554688e-07,4.143138282696303e-09,0
grid,MHEALTH,1,M1,cpsa,100,shuffle_B,1987,8.344650268554688e-07,3.6148227719215495e-09,0
grid,MHEALTH,1,M2,late_product,1,reverse,1987,5.364418029785156e-07,1.1051698744709671e-09,0
grid,MHEALTH,1,M2,late_product,1,shuffle_B,1987,0.0,0.0,0
grid,MHEALTH,1,M2,late_mean,1,reverse,1987,1.1920928955078125e-07,2.1992357805982515e-09,0
grid,MHEALTH,1,M2,late_mean,1,shuffle_B,1987,1.1920928955078125e-07,1.187518004759288e-09,0
grid,MHEALTH,1,M2,cpsa,1,reverse,1987,1.7881393432617188e-07,3.658486808319842e-09,0
grid,MHEALTH,1,M2,cpsa,1,shuffle_B,1987,0.0,0.0,0
grid,MHEALTH,1,M2,late_product,2,reverse,1987,7.152557373046875e-07,6.98308128270057e-10,0
grid,MHEALTH,1,M2,late_product,2,shuffle_A,1987,8.940696716308594e-07,5.672505943274861e-10,0
grid,MHEALTH,1,M2,late_product,2,shuffle_B,1987,8.940696716308594e-07,4.905007564911619e-10,0
grid,MHEALTH,1,M2,late_mean,2,reverse,1987,1.1920928955078125e-07,2.1464392649389187e-09,0
grid,MHEALTH,1,M2,late_mean,2,shuffle_A,1987,1.1920928955078125e-07,1.3299923399722617e-09,0
grid,MHEALTH,1,M2,late_mean,2,shuffle_B,1987,1.1920928955078125e-07,7.950090642922654e-10,0
grid,MHEALTH,1,M2,cpsa,2,reverse,1987,2.384185791015625e-07,3.958741608854557e-09,0
grid,MHEALTH,1,M2,cpsa,2,shuffle_A,1987,2.384185791015625e-07,2.999582109538786e-09,0
grid,MHEALTH,1,M2,cpsa,2,shuffle_B,1987,2.384185791015625e-07,2.618355476165876e-09,0
grid,MHEALTH,1,M2,late_product,3,reverse,1987,1.9073486328125e-06,1.5563757234294527e-09,0
grid,MHEALTH,1,M2,late_product,3,shuffle_A,1987,0.0,0.0,0
grid,MHEALTH,1,M2,late_product,3,shuffle_B,1987,9.5367431640625e-07,9.104072185250575e-10,0
grid,MHEALTH,1,M2,late_mean,3,reverse,1987,1.1920928955078125e-07,3.3513736991329895e-09,0
grid,MHEALTH,1,M2,late_mean,3,shuffle_A,1987,0.0,0.0,0
grid,MHEALTH,1,M2,late_mean,3,shuffle_B,1987,5.960464477539063e-08,1.3851614421587253e-09,0
grid,MHEALTH,1,M2,cpsa,3,reverse,1987,2.384185791015625e-07,4.311753462132928e-09,0
grid,MHEALTH,1,M2,cpsa,3,shuffle_A,1987,0.0,0.0,0
grid,MHEALTH,1,M2,cpsa,3,shuffle_B,1987,2.384185791015625e-07,4.693774801804017e-09,0
grid,MHEALTH,1,M2,late_product,5,reverse,1987,1.6391277313232422e-06,2.8114384900261295e-09,0
grid,MHEALTH,1,M2,late_product,5,shuffle_A,1987,1.0132789611816406e-06,1.6681555634683727e-09,0
grid,MHEALTH,1,M2,late_product,5,shuffle_B,1987,1.0132789611816406e-06,1.6501931859092742e-09,0
grid,MHEALTH,1,M2,late_mean,5,reverse,1987,1.1920928955078125e-07,3.914940757321222e-09,0
grid,MHEALTH,1,M2,late_mean,5,shuffle_A,1987,1.1920928955078125e-07,2.7934761531669054e-09,0
grid,MHEALTH,1,M2,late_mean,5,shuffle_B,1987,1.1920928955078125e-07,2.4363237381246863e-09,0
grid,MHEALTH,1,M2,cpsa,5,reverse,1987,2.384185791015625e-07,3.5380600857954164e-09,0
grid,MHEALTH,1,M2,cpsa,5,shuffle_A,1987,2.980232238769531e-07,3.3094798956903973e-09,0
grid,MHEALTH,1,M2,cpsa,5,shuffle_B,1987,2.980232238769531e-07,3.77787904962768e-09,0
grid,MHEALTH,1,M2,late_product,8,reverse,1987,1.341104507446289e-06,6.478712452915738e-10,0
grid,MHEALTH,1,M2,late_product,8,shuffle_A,1987,9.5367431640625e-07,3.4538931385040205e-10,0
grid,MHEALTH,1,M2,late_product,8,shuffle_B,1987,9.5367431640625e-07,4.3407597015826147e-10,0
grid,MHEALTH,1,M2,late_mean,8,reverse,1987,1.7881393432617188e-07,3.4274305084581895e-09,0
grid,MHEALTH,1,M2,late_mean,8,shuffle_A,1987,1.1920928955078125e-07,1.7876615571839343e-09,0
grid,MHEALTH,1,M2,late_mean,8,shuffle_B,1987,1.7881393432617188e-07,2.965435988178445e-09,0
grid,MHEALTH,1,M2,cpsa,8,reverse,1987,2.384185791015625e-07,2.686641026116788e-09,0
grid,MHEALTH,1,M2,cpsa,8,shuffle_A,1987,2.384185791015625e-07,4.636558092030014e-09,0
grid,MHEALTH,1,M2,cpsa,8,shuffle_B,1987,2.980232238769531e-07,2.719023954155096e-09,0
grid,MHEALTH,1,M2,late_product,16,reverse,1987,6.735324859619141e-06,3.0829059412791035e-09,0
grid,MHEALTH,1,M2,late_product,16,shuffle_A,1987,3.844499588012695e-06,1.0338559259715711e-09,0
grid,MHEALTH,1,M2,late_product,16,shuffle_B,1987,3.844499588012695e-06,1.16867522282097e-09,0
grid,MHEALTH,1,M2,late_mean,16,reverse,1987,1.7881393432617188e-07,3.5933793247737906e-09,0
grid,MHEALTH,1,M2,late_mean,16,shuffle_A,1987,1.1920928955078125e-07,2.2210413580458188e-09,0
grid,MHEALTH,1,M2,late_mean,16,shuffle_B,1987,1.1920928955078125e-07,2.1591234323645566e-09,0
grid,MHEALTH,1,M2,cpsa,16,reverse,1987,2.384185791015625e-07,2.02999816194822e-09,0
grid,MHEALTH,1,M2,cpsa,16,shuffle_A,1987,2.384185791015625e-07,3.2305442297853536e-09,0
grid,MHEALTH,1,M2,cpsa,16,shuffle_B,1987,2.384185791015625e-07,3.2631555041535277e-09,0
grid,MHEALTH,1,M2,late_product,32,reverse,1987,1.3887882232666016e-05,3.494756681948181e-09,0
grid,MHEALTH,1,M2,late_product,32,shuffle_A,1987,1.7285346984863281e-06,5.543477467408226e-10,0
grid,MHEALTH,1,M2,late_product,32,shuffle_B,1987,9.566545486450195e-06,2.6850393728785802e-09,0
grid,MHEALTH,1,M2,late_mean,32,reverse,1987,1.7881393432617188e-07,3.435819358218977e-09,0
grid,MHEALTH,1,M2,late_mean,32,shuffle_A,1987,1.1920928955078125e-07,2.936686936609044e-10,0
grid,MHEALTH,1,M2,late_mean,32,shuffle_B,1987,1.7881393432617188e-07,3.504193674620692e-09,0
grid,MHEALTH,1,M2,cpsa,32,reverse,1987,4.172325134277344e-07,1.9794691019339252e-09,0
grid,MHEALTH,1,M2,cpsa,32,shuffle_A,1987,4.76837158203125e-07,3.6550292813535335e-09,0
grid,MHEALTH,1,M2,cpsa,32,shuffle_B,1987,4.172325134277344e-07,4.087583221170177e-09,0
grid,MHEALTH,1,M2,late_product,64,reverse,1987,2.6017427444458008e-05,3.5386490979928145e-09,0
grid,MHEALTH,1,M2,late_product,64,shuffle_A,1987,3.039836883544922e-06,4.763398448066281e-10,0
grid,MHEALTH,1,M2,late_product,64,shuffle_B,1987,3.7550926208496094e-06,5.488777278229619e-10,0
grid,MHEALTH,1,M2,late_mean,64,reverse,1987,1.7881393432617188e-07,3.6743405723635133e-09,0
grid,MHEALTH,1,M2,late_mean,64,shuffle_A,1987,1.1920928955078125e-07,6.349451595629938e-10,0
grid,MHEALTH,1,M2,late_mean,64,shuffle_B,1987,1.1920928955078125e-07,4.0286700547950685e-10,0
grid,MHEALTH,1,M2,cpsa,64,reverse,1987,7.152557373046875e-07,2.0296690688265813e-09,0
grid,MHEALTH,1,M2,cpsa,64,shuffle_A,1987,6.556510925292969e-07,3.949473121991566e-09,0
grid,MHEALTH,1,M2,cpsa,64,shuffle_B,1987,7.152557373046875e-07,3.2461641363623125e-09,0
grid,MHEALTH,1,M2,late_product,100,reverse,1987,2.2798776626586914e-05,2.035186609744271e-09,0
grid,MHEALTH,1,M2,late_product,100,shuffle_A,1987,1.0147690773010254e-05,1.0126369027508255e-09,0
grid,MHEALTH,1,M2,late_product,100,shuffle_B,1987,1.3515353202819824e-05,1.3484549559720965e-09,0
grid,MHEALTH,1,M2,late_mean,100,reverse,1987,1.1920928955078125e-07,3.955484199134834e-09,0
grid,MHEALTH,1,M2,late_mean,100,shuffle_A,1987,1.1920928955078125e-07,2.592188722744587e-09,0
grid,MHEALTH,1,M2,late_mean,100,shuffle_B,1987,1.1920928955078125e-07,2.5255458016015823e-09,0
grid,MHEALTH,1,M2,cpsa,100,reverse,1987,8.344650268554688e-07,1.996868717567134e-09,0
grid,MHEALTH,1,M2,cpsa,100,shuffle_A,1987,8.344650268554688e-07,1.755009207523779e-09,0
grid,MHEALTH,1,M2,cpsa,100,shuffle_B,1987,7.748603820800781e-07,2.674407061600508e-09,0
grid,MHEALTH,1,M3,late_product,1,reverse,1987,5.364418029785156e-07,1.1051698744709671e-09,0
grid,MHEALTH,1,M3,late_product,1,shuffle_B,1987,5.364418029785156e-07,1.1051698744709671e-09,0
grid,MHEALTH,1,M3,late_mean,1,reverse,1987,1.1920928955078125e-07,2.1992357805982515e-09,0
grid,MHEALTH,1,M3,late_mean,1,shuffle_B,1987,1.1920928955078125e-07,2.1992357805982515e-09,0
grid,MHEALTH,1,M3,cpsa,1,reverse,1987,1.7881393432617188e-07,3.658486808319842e-09,0
grid,MHEALTH,1,M3,cpsa,1,shuffle_B,1987,1.7881393432617188e-07,3.658486808319842e-09,0
grid,MHEALTH,1,M3,late_product,2,reverse,1987,1.3709068298339844e-06,1.3679938658566676e-09,0
grid,MHEALTH,1,M3,late_product,2,shuffle_A,1987,8.940696716308594e-07,8.078409827029914e-10,0
grid,MHEALTH,1,M3,late_product,2,shuffle_B,1987,8.940696716308594e-07,1.252043711008054e-09,0
grid,MHEALTH,1,M3,late_mean,2,reverse,1987,1.1920928955078125e-07,2.2875358071772187e-09,0
grid,MHEALTH,1,M3,late_mean,2,shuffle_A,1987,1.1920928955078125e-07,1.9198574689612615e-09,0
grid,MHEALTH,1,M3,late_mean,2,shuffle_B,1987,1.1920928955078125e-07,2.0161683371871352e-09,0
grid,MHEALTH,1,M3,cpsa,2,reverse,1987,2.980232238769531e-07,3.92432269514986e-09,0
grid,MHEALTH,1,M3,cpsa,2,shuffle_A,1987,1.7881393432617188e-07,3.853289396821839e-09,0
grid,MHEALTH,1,M3,cpsa,2,shuffle_B,1987,2.980232238769531e-07,3.65916746300015e-09,0
grid,MHEALTH,1,M3,late_product,3,reverse,1987,8.940696716308594e-07,1.1816189782336097e-09,0
grid,MHEALTH,1,M3,late_product,3,shuffle_A,1987,5.960464477539062e-07,7.117079930647584e-10,0
grid,MHEALTH,1,M3,late_product,3,shuffle_B,1987,4.76837158203125e-07,9.465971705043624e-10,0
grid,MHEALTH,1,M3,late_mean,3,reverse,1987,1.1920928955078125e-07,3.279846995541909e-09,0
grid,MHEALTH,1,M3,late_mean,3,shuffle_A,1987,5.960464477539063e-08,1.7470490999558674e-09,0
grid,MHEALTH,1,M3,late_mean,3,shuffle_B,1987,1.1920928955078125e-07,2.0638294769618955e-09,0
grid,MHEALTH,1,M3,cpsa,3,reverse,1987,2.384185791015625e-07,4.134353284659675e-09,0
grid,MHEALTH,1,M3,cpsa,3,shuffle_A,1987,2.384185791015625e-07,3.4786242040957453e-09,0
grid,MHEALTH,1,M3,cpsa,3,shuffle_B,1987,2.384185791015625e-07,3.8446034682994975e-09,0
grid,MHEALTH,1,M3,late_product,5,reverse,1987,2.86102294921875e-06,2.312980996431614e-09,0
grid,MHEALTH,1,M3,late_product,5,shuffle_A,1987,9.5367431640625e-07,1.1381756888673347e-09,0
grid,MHEALTH,1,M3,late_product,5,shuffle_B,1987,2.86102294921875e-06,2.2980686461516635e-09,0
grid,MHEALTH,1,M3,late_mean,5,reverse,1987,1.1920928955078125e-07,3.7950735719826115e-09,0
grid,MHEALTH,1,M3,late_mean,5,shuffle_A,1987,1.1920928955078125e-07,2.45268488175191e-09,0
grid,MHEALTH,1,M3,late_mean,5,shuffle_B,1987,1.1920928955078125e-07,3.756475880139685e-09,0
grid,MHEALTH,1,M3,cpsa,5,reverse,1987,2.980232238769531e-07,3.295500519322337e-09,0
grid,MHEALTH,1,M3,cpsa,5,shuffle_A,1987,2.980232238769531e-07,2.646696664052938e-09,0
grid,MHEALTH,1,M3,cpsa,5,shuffle_B,1987,2.980232238769531e-07,3.749188879699467e-09,0
grid,MHEALTH,1,M3,late_product,8,reverse,1987,3.6954879760742188e-06,3.0456379009442693e-09,0
grid,MHEALTH,1,M3,late_product,8,shuffle_A,1987,1.4007091522216797e-06,1.351144224550383e-09,0
grid,MHEALTH,1,M3,late_product,8,shuffle_B,1987,1.9073486328125e-06,1.540518390044649e-09,0
grid,MHEALTH,1,M3,late_mean,8,reverse,1987,1.7881393432617188e-07,3.552265399016062e-09,0
grid,MHEALTH,1,M3,late_mean,8,shuffle_A,1987,1.1920928955078125e-07,2.221583912953773e-09,0
grid,MHEALTH,1,M3,late_mean,8,shuffle_B,1987,1.1920928955078125e-07,2.4261014597175133e-09,0
grid,MHEALTH,1,M3,cpsa,8,reverse,1987,2.384185791015625e-07,2.672891268149636e-09,0
grid,MHEALTH,1,M3,cpsa,8,shuffle_A,1987,2.980232238769531e-07,3.1628556394752594e-09,0
grid,MHEALTH,1,M3,cpsa,8,shuffle_B,1987,2.980232238769531e-07,4.5734784531135865e-09,0
grid,MHEALTH,1,M3,late_product,16,reverse,1987,6.67572021484375e-06,7.274252148554573e-09,0
grid,MHEALTH,1,M3,late_product,16,shuffle_A,1987,6.67572021484375e-06,5.523769164522197e-09,0
grid,MHEALTH,1,M3,late_product,16,shuffle_B,1987,6.67572021484375e-06,4.8992437296413535e-09,0
grid,MHEALTH,1,M3,late_mean,16,reverse,1987,1.7881393432617188e-07,3.7300346964237835e-09,0
grid,MHEALTH,1,M3,late_mean,16,shuffle_A,1987,1.7881393432617188e-07,3.562826851962365e-09,0
grid,MHEALTH,1,M3,late_mean,16,shuffle_B,1987,1.7881393432617188e-07,3.7013064092820497e-09,0
grid,MHEALTH,1,M3,cpsa,16,reverse,1987,2.384185791015625e-07,2.2785398023455316e-09,0
grid,MHEALTH,1,M3,cpsa,16,shuffle_A,1987,2.384185791015625e-07,2.206676058089419e-09,0
grid,MHEALTH,1,M3,cpsa,16,shuffle_B,1987,2.384185791015625e-07,2.588608736613888e-09,0
grid,MHEALTH,1,M3,late_product,32,reverse,1987,1.9043684005737305e-05,6.937393271195389e-09,0
grid,MHEALTH,1,M3,late_product,32,shuffle_A,1987,5.7220458984375e-06,2.6800054739962795e-09,0
grid,MHEALTH,1,M3,late_product,32,shuffle_B,1987,1.33514404296875e-05,3.7747344922307e-09,0
grid,MHEALTH,1,M3,late_mean,32,reverse,1987,1.7881393432617188e-07,3.4738315453712928e-09,0
grid,MHEALTH,1,M3,late_mean,32,shuffle_A,1987,1.1920928955078125e-07,7.994839353686855e-10,0
grid,MHEALTH,1,M3,late_mean,32,shuffle_B,1987,1.1920928955078125e-07,2.1139496066734942e-09,0
grid,MHEALTH,1,M3,cpsa,32,reverse,1987,4.172325134277344e-07,1.8639103951923735e-09,0
grid,MHEALTH,1,M3,cpsa,32,shuffle_A,1987,4.172325134277344e-07,3.390270061452977e-09,0
grid,MHEALTH,1,M3,cpsa,32,shuffle_B,1987,4.76837158203125e-07,3.897761864931589e-09,0
grid,MHEALTH,1,M3,late_product,64,reverse,1987,2.8014183044433594e-06,8.669039787210228e-10,0
grid,MHEALTH,1,M3,late_product,64,shuffle_A,1987,2.086162567138672e-06,7.587746279691349e-10,0
grid,MHEALTH,1,M3,late_product,64,shuffle_B,1987,2.086162567138672e-06,6.379424260732006e-10,0
grid,MHEALTH,1,M3,late_mean,64,reverse,1987,1.7881393432617188e-07,3.88652539115144e-09,0
grid,MHEALTH,1,M3,late_mean,64,shuffle_A,1987,1.7881393432617188e-07,3.770091712838467e-09,0
grid,MHEALTH,1,M3,late_mean,64,shuffle_B,1987,1.7881393432617188e-07,3.782178130750386e-09,0
grid,MHEALTH,1,M3,cpsa,64,reverse,1987,7.152557373046875e-07,1.8817232940266916e-09,0
grid,MHEALTH,1,M3,cpsa,64,shuffle_A,1987,7.152557373046875e-07,3.409094440829491e-09,0
grid,MHEALTH,1,M3,cpsa,64,shuffle_B,1987,7.152557373046875e-07,3.2120804575030183e-09,0
grid,MHEALTH,1,M3,late_product,100,reverse,1987,2.4557113647460938e-05,6.309234174738935e-09,0
grid,MHEALTH,1,M3,late_product,100,shuffle_A,1987,2.6345252990722656e-05,6.81250000929356e-09,0
grid,MHEALTH,1,M3,late_product,100,shuffle_B,1987,1.8298625946044922e-05,5.215004195740506e-09,0
grid,MHEALTH,1,M3,late_mean,100,reverse,1987,1.7881393432617188e-07,3.6706869988790823e-09,0
grid,MHEALTH,1,M3,late_mean,100,shuffle_A,1987,1.7881393432617188e-07,3.6412185914009144e-09,0
grid,MHEALTH,1,M3,late_mean,100,shuffle_B,1987,1.7881393432617188e-07,2.3155648077554023e-09,0
grid,MHEALTH,1,M3,cpsa,100,reverse,1987,6.556510925292969e-07,2.086009295886203e-09,0
grid,MHEALTH,1,M3,cpsa,100,shuffle_A,1987,7.152557373046875e-07,2.28060533932504e-09,0
grid,MHEALTH,1,M3,cpsa,100,shuffle_B,1987,9.5367431640625e-07,2.3676636449109342e-09,0
grid,MHEALTH,2,M1,late_product,1,reverse,1987,5.364418029785156e-07,6.332397909311322e-10,0
grid,MHEALTH,2,M1,late_product,1,shuffle_B,1987,5.364418029785156e-07,6.332397909311322e-10,0
grid,MHEALTH,2,M1,late_mean,1,reverse,1987,1.1920928955078125e-07,2.295270364858146e-09,0
grid,MHEALTH,2,M1,late_mean,1,shuffle_B,1987,1.1920928955078125e-07,2.295270364858146e-09,0
grid,MHEALTH,2,M1,cpsa,1,reverse,1987,1.7881393432617188e-07,3.26634135292946e-09,0
grid,MHEALTH,2,M1,cpsa,1,shuffle_B,1987,1.7881393432617188e-07,3.26634135292946e-09,0
grid,MHEALTH,2,M1,late_product,2,reverse,1987,1.0132789611816406e-06,1.2472997258593484e-09,0
grid,MHEALTH,2,M1,late_product,2,shuffle_A,1987,6.705522537231445e-07,7.795948414494794e-10,0
grid,MHEALTH,2,M1,late_product,2,shuffle_B,1987,1.0132789611816406e-06,1.2472997258593484e-09,0
grid,MHEALTH,2,M1,late_mean,2,reverse,1987,1.1920928955078125e-07,2.1969325815688457e-09,0
grid,MHEALTH,2,M1,late_mean,2,shuffle_A,1987,1.1920928955078125e-07,9.230696452514916e-10,0
grid,MHEALTH,2,M1,late_mean,2,shuffle_B,1987,1.1920928955078125e-07,2.1969325815688457e-09,0
grid,MHEALTH,2,M1,cpsa,2,reverse,1987,1.7881393432617188e-07,3.845975885507312e-09,0
grid,MHEALTH,2,M1,cpsa,2,shuffle_A,1987,1.7881393432617188e-07,2.343631687662667e-09,0
grid,MHEALTH,2,M1,cpsa,2,shuffle_B,1987,1.7881393432617188e-07,3.845975885507312e-09,0
grid,MHEALTH,2,M1,late_product,3,reverse,1987,4.172325134277344e-07,5.544527217398356e-10,0
grid,MHEALTH,2,M1,late_product,3,shuffle_A,1987,4.76837158203125e-07,5.041000045828547e-10,0
grid,MHEALTH,2,M1,late_product,3,shuffle_B,1987,8.344650268554688e-07,5.200266295300889e-10,0
grid,MHEALTH,2,M1,late_mean,3,reverse,1987,1.1920928955078125e-07,3.2781871641872093e-09,0
grid,MHEALTH,2,M1,late_mean,3,shuffle_A,1987,5.960464477539063e-08,2.0537776804417404e-09,0
grid,MHEALTH,2,M1,late_mean,3,shuffle_B,1987,1.1920928955078125e-07,1.9705440670237453e-09,0
grid,MHEALTH,2,M1,cpsa,3,reverse,1987,2.384185791015625e-07,4.106321189810773e-09,0
grid,MHEALTH,2,M1,cpsa,3,shuffle_A,1987,2.384185791015625e-07,4.617842736324362e-09,0
grid,MHEALTH,2,M1,cpsa,3,shuffle_B,1987,2.384185791015625e-07,4.0747422187796235e-09,0
grid,MHEALTH,2,M1,late_product,5,reverse,1987,1.9073486328125e-06,8.884981518243279e-10,0
grid,MHEALTH,2,M1,late_product,5,shuffle_A,1987,9.5367431640625e-07,5.051932844071874e-10,0
grid,MHEALTH,2,M1,late_product,5,shuffle_B,1987,1.9073486328125e-06,9.268187680747065e-10,0
grid,MHEALTH,2,M1,late_mean,5,reverse,1987,1.1920928955078125e-07,3.811632947355266e-09,0
grid,MHEALTH,2,M1,late_mean,5,shuffle_A,1987,1.1920928955078125e-07,2.016199121011999e-09,0
grid,MHEALTH,2,M1,late_mean,5,shuffle_B,1987,5.960464477539063e-08,2.73467089488639e-09,0
grid,MHEALTH,2,M1,cpsa,5,reverse,1987,2.980232238769531e-07,3.350689025636461e-09,0
grid,MHEALTH,2,M1,cpsa,5,shuffle_A,1987,2.980232238769531e-07,3.424859844395058e-09,0
grid,MHEALTH,2,M1,cpsa,5,shuffle_B,1987,2.980232238769531e-07,2.8412643502209456e-09,0
grid,MHEALTH,2,M1,late_product,8,reverse,1987,4.708766937255859e-06,2.0920541789978116e-09,0
grid,MHEALTH,2,M1,late_product,8,shuffle_A,1987,2.2351741790771484e-06,1.2694360588416956e-09,0
grid,MHEALTH,2,M1,late_product,8,shuffle_B,1987,1.9073486328125e-06,9.34288646078848e-10,0
grid,MHEALTH,2,M1,late_mean,8,reverse,1987,1.7881393432617188e-07,3.52448257221276e-09,0
grid,MHEALTH,2,M1,late_mean,8,shuffle_A,1987,1.7881393432617188e-07,3.1927533432825916e-09,0
grid,MHEALTH,2,M1,late_mean,8,shuffle_B,1987,1.1920928955078125e-07,2.007883530679697e-09,0
grid,MHEALTH,2,M1,cpsa,8,reverse,1987,2.980232238769531e-07,2.5160467583425433e-09,0
grid,MHEALTH,2,M1,cpsa,8,shuffle_A,1987,2.980232238769531e-07,4.01709238443126e-09,0
grid,MHEALTH,2,M1,cpsa,8,shuffle_B,1987,2.980232238769531e-07,3.751285974052494e-09,0
grid,MHEALTH,2,M1,late_product,16,reverse,1987,5.781650543212891e-06,2.4684540405963127e-09,0
grid,MHEALTH,2,M1,late_product,16,shuffle_A,1987,1.9073486328125e-06,1.3538671290846933e-09,0
grid,MHEALTH,2,M1,late_product,16,shuffle_B,1987,2.9206275939941406e-06,2.109180754388029e-09,0
grid,MHEALTH,2,M1,late_mean,16,reverse,1987,1.7881393432617188e-07,3.538354216118944e-09,0
grid,MHEALTH,2,M1,late_mean,16,shuffle_A,1987,1.7881393432617188e-07,3.4738551391887775e-09,0
grid,MHEALTH,2,M1,late_mean,16,shuffle_B,1987,1.7881393432617188e-07,3.6261292835916094e-09,0
grid,MHEALTH,2,M1,cpsa,16,reverse,1987,2.384185791015625e-07,1.9557964733508615e-09,0
grid,MHEALTH,2,M1,cpsa,16,shuffle_A,1987,2.980232238769531e-07,2.8314818998994144e-09,0
grid,MHEALTH,2,M1,cpsa,16,shuffle_B,1987,2.384185791015625e-07,3.1204213312020206e-09,0
grid,MHEALTH,2,M1,late_product,32,reverse,1987,3.874301910400391e-06,2.483499134936907e-09,0
grid,MHEALTH,2,M1,late_product,32,shuffle_A,1987,2.9802322387695312e-06,2.285520792628789e-09,0
grid,MHEALTH,2,M1,late_product,32,shuffle_B,1987,2.592802047729492e-06,1.5400102666284175e-09,0
grid,MHEALTH,2,M1,late_mean,32,reverse,1987,1.7881393432617188e-07,3.680106887399327e-09,0
grid,MHEALTH,2,M1,late_mean,32,shuffle_A,1987,1.7881393432617188e-07,3.646841603682012e-09,0
grid,MHEALTH,2,M1,late_mean,32,shuffle_B,1987,1.7881393432617188e-07,3.7606900748323435e-09,0
grid,MHEALTH,2,M1,cpsa,32,reverse,1987,4.172325134277344e-07,1.8086712726264085e-09,0
grid,MHEALTH,2,M1,cpsa,32,shuffle_A,1987,4.76837158203125e-07,3.1057870896105885e-09,0
grid,MHEALTH,2,M1,cpsa,32,shuffle_B,1987,4.172325134277344e-07,3.84890945153442e-09,0
grid,MHEALTH,2,M1,late_product,64,reverse,1987,1.3232231140136719e-05,3.749461561676452e-09,0
grid,MHEALTH,2,M1,late_product,64,shuffle_A,1987,1.1682510375976562e-05,3.1292666743992386e-09,0
grid,MHEALTH,2,M1,late_product,64,shuffle_B,1987,1.3232231140136719e-05,3.6876756857538857e-09,0
grid,MHEALTH,2,M1,late_mean,64,reverse,1987,1.7881393432617188e-07,3.8191402311578135e-09,0
grid,MHEALTH,2,M1,late_mean,64,shuffle_A,1987,1.7881393432617188e-07,2.339997970652188e-09,0
grid,MHEALTH,2,M1,late_mean,64,shuffle_B,1987,1.7881393432617188e-07,3.7459673980769825e-09,0
grid,MHEALTH,2,M1,cpsa,64,reverse,1987,4.76837158203125e-07,1.8374422008649965e-09,0
grid,MHEALTH,2,M1,cpsa,64,shuffle_A,1987,5.364418029785156e-07,3.5380362402246917e-09,0
grid,MHEALTH,2,M1,cpsa,64,shuffle_B,1987,5.364418029785156e-07,2.738629798621371e-09,0
grid,MHEALTH,2,M1,late_product,100,reverse,1987,1.2755393981933594e-05,2.454239265065761e-09,0
grid,MHEALTH,2,M1,late_product,100,shuffle_A,1987,6.22868537902832e-06,1.5173005923807855e-09,0
grid,MHEALTH,2,M1,late_product,100,shuffle_B,1987,1.0311603546142578e-05,2.3333360803551633e-09,0
grid,MHEALTH,2,M1,late_mean,100,reverse,1987,1.1920928955078125e-07,3.796644818876312e-09,0
grid,MHEALTH,2,M1,late_mean,100,shuffle_A,1987,1.1920928955078125e-07,1.090503488080067e-09,0
grid,MHEALTH,2,M1,late_mean,100,shuffle_B,1987,1.1920928955078125e-07,3.729670800325499e-09,0
grid,MHEALTH,2,M1,cpsa,100,reverse,1987,7.748603820800781e-07,1.9321041122883665e-09,0
grid,MHEALTH,2,M1,cpsa,100,shuffle_A,1987,7.748603820800781e-07,3.6151879854112016e-09,0
grid,MHEALTH,2,M1,cpsa,100,shuffle_B,1987,8.344650268554688e-07,3.0184395249778473e-09,0
grid,MHEALTH,2,M2,late_product,1,reverse,1987,5.364418029785156e-07,6.332397909311322e-10,0
grid,MHEALTH,2,M2,late_product,1,shuffle_B,1987,0.0,0.0,0
grid,MHEALTH,2,M2,late_mean,1,reverse,1987,1.1920928955078125e-07,2.295270364858146e-09,0
grid,MHEALTH,2,M2,late_mean,1,shuffle_B,1987,5.960464477539063e-08,1.1092135524929708e-09,0
grid,MHEALTH,2,M2,cpsa,1,reverse,1987,1.7881393432617188e-07,3.26634135292946e-09,0
grid,MHEALTH,2,M2,cpsa,1,shuffle_B,1987,0.0,0.0,0
grid,MHEALTH,2,M2,late_product,2,reverse,1987,1.9073486328125e-06,2.454092845415694e-09,0
grid,MHEALTH,2,M2,late_product,2,shuffle_A,1987,9.5367431640625e-07,9.052338506187592e-10,0
grid,MHEALTH,2,M2,late_product,2,shuffle_B,1987,9.5367431640625e-07,1.3898248530632233e-09,0
grid,MHEALTH,2,M2,late_mean,2,reverse,1987,1.1920928955078125e-07,2.169233672136962e-09,0
grid,MHEALTH,2,M2,late_mean,2,shuffle_A,1987,1.1920928955078125e-07,1.3704312793611203e-09,0
grid,MHEALTH,2,M2,late_mean,2,shuffle_B,1987,1.1920928955078125e-07,8.960805075661085e-10,0
grid,MHEALTH,2,M2,cpsa,2,reverse,1987,2.384185791015625e-07,3.79748269169056e-09,0
grid,MHEALTH,2,M2,cpsa,2,shuffle_A,1987,1.7881393432617188e-07,2.625398837603062e-09,0
grid,MHEALTH,2,M2,cpsa,2,shuffle_B,1987,1.7881393432617188e-07,2.3537834261453465e-09,0
grid,MHEALTH,2,M2,late_product,3,reverse,1987,1.9371509552001953e-06,2.972925828646987e-09,0
grid,MHEALTH,2,M2,late_product,3,shuffle_A,1987,0.0,0.0,0
grid,MHEALTH,2,M2,late_product,3,shuffle_B,1987,9.834766387939453e-07,1.186854539135885e-09,0
grid,MHEALTH,2,M2,late_mean,3,reverse,1987,1.1920928955078125e-07,3.2749254128581216e-09,0
grid,MHEALTH,2,M2,late_mean,3,shuffle_A,1987,0.0,0.0,0
grid,MHEALTH,2,M2,late_mean,3,shuffle_B,1987,1.1920928955078125e-07,1.3688140337124494e-09,0
grid,MHEALTH,2,M2,cpsa,3,reverse,1987,2.384185791015625e-07,4.172099305194711e-09,0
grid,MHEALTH,2,M2,cpsa,3,shuffle_A,1987,0.0,0.0,0
grid,MHEALTH,2,M2,cpsa,3,shuffle_B,1987,2.384185791015625e-07,4.55404252461779e-09,0
grid,MHEALTH,2,M2,late_product,5,reverse,1987,2.562999725341797e-06,2.344615432863648e-09,0
grid,MHEALTH,2,M2,late_product,5,shuffle_A,1987,1.6689300537109375e-06,1.3501348719030483e-09,0
grid,MHEALTH,2,M2,late_product,5,shuffle_B,1987,1.6689300537109375e-06,1.2133078740055177e-09,0
grid,MHEALTH,2,M2,late_mean,5,reverse,1987,1.1920928955078125e-07,3.794916831982893e-09,0
grid,MHEALTH,2,M2,late_mean,5,shuffle_A,1987,5.960464477539063e-08,2.940646371161373e-09,0
grid,MHEALTH,2,M2,late_mean,5,shuffle_B,1987,1.1920928955078125e-07,2.468487289957419e-09,0
grid,MHEALTH,2,M2,cpsa,5,reverse,1987,2.384185791015625e-07,3.341639864005599e-09,0
grid,MHEALTH,2,M2,cpsa,5,shuffle_A,1987,2.980232238769531e-07,3.0475787929732376e-09,0
grid,MHEALTH,2,M2,cpsa,5,shuffle_B,1987,2.980232238769531e-07,3.6450090646715306e-09,0
grid,MHEALTH,2,M2,late_product,8,reverse,1987,1.5497207641601562e-06,3.072372293194426e-09,0
grid,MHEALTH,2,M2,late_product,8,shuffle_A,1987,1.3113021850585938e-06,1.1421756414687482e-09,0
grid,MHEALTH,2,M2,late_product,8,shuffle_B,1987,1.1920928955078125e-06,1.924161047894353e-09,0
grid,MHEALTH,2,M2,late_mean,8,reverse,1987,1.7881393432617188e-07,3.5557612752320044e-09,0
grid,MHEALTH,2,M2,late_mean,8,shuffle_A,1987,1.1920928955078125e-07,1.9022464890703966e-09,0
grid,MHEALTH,2,M2,late_mean,8,shuffle_B,1987,1.7881393432617188e-07,3.0451599036585097e-09,0
grid,MHEALTH,2,M2,cpsa,8,reverse,1987,2.980232238769531e-07,2.6395414565451508e-09,0
grid,MHEALTH,2,M2,cpsa,8,shuffle_A,1987,2.384185791015625e-07,4.663338712177842e-09,0
grid,MHEALTH,2,M2,cpsa,8,shuffle_B,1987,2.980232238769531e-07,2.5194870122009316e-09,0
grid,MHEALTH,2,M2,late_product,16,reverse,1987,7.450580596923828e-06,2.6712477946671657e-09,0
grid,MHEALTH,2,M2,late_product,16,shuffle_A,1987,2.8014183044433594e-06,7.818880381455744e-10,0
grid,MHEALTH,2,M2,late_product,16,shuffle_B,1987,2.8014183044433594e-06,8.90195258721777e-10,0
grid,MHEALTH,2,M2,late_mean,16,reverse,1987,1.7881393432617188e-07,3.53413913846123e-09,0
grid,MHEALTH,2,M2,late_mean,16,shuffle_A,1987,1.1920928955078125e-07,2.151314409959336e-09,0
grid,MHEALTH,2,M2,late_mean,16,shuffle_B,1987,1.1920928955078125e-07,2.1037294755265894e-09,0
grid,MHEALTH,2,M2,cpsa,16,reverse,1987,2.384185791015625e-07,2.1889225637823584e-09,0
grid,MHEALTH,2,M2,cpsa,16,shuffle_A,1987,2.980232238769531e-07,3.2016417641889887e-09,0
grid,MHEALTH,2,M2,cpsa,16,shuffle_B,1987,2.980232238769531e-07,3.224541616805429e-09,0
grid,MHEALTH,2,M2,late_product,32,reverse,1987,7.748603820800781e-06,2.0938206852321195e-09,0
grid,MHEALTH,2,M2,late_product,32,shuffle_A,1987,7.748603820800781e-07,2.1561496215972708e-10,0
grid,MHEALTH,2,M2,late_product,32,shuffle_B,1987,4.947185516357422e-06,1.7383769798550876e-09,0
grid,MHEALTH,2,M2,late_mean,32,reverse,1987,1.7881393432617188e-07,3.603892164401823e-09,0
grid,MHEALTH,2,M2,late_mean,32,shuffle_A,1987,1.1920928955078125e-07,3.145857235222626e-10,0
grid,MHEALTH,2,M2,late_mean,32,shuffle_B,1987,1.7881393432617188e-07,3.6089179382854816e-09,0
grid,MHEALTH,2,M2,cpsa,32,reverse,1987,4.172325134277344e-07,2.1225585738917535e-09,0
grid,MHEALTH,2,M2,cpsa,32,shuffle_A,1987,5.364418029785156e-07,3.6926511707234746e-09,0
grid,MHEALTH,2,M2,cpsa,32,shuffle_B,1987,4.172325134277344e-07,4.149951044322022e-09,0
grid,MHEALTH,2,M2,late_product,64,reverse,1987,2.0205974578857422e-05,4.567631482630101e-09,0
grid,MHEALTH,2,M2,late_product,64,shuffle_A,1987,6.765127182006836e-06,1.38052161434653e-09,0
grid,MHEALTH,2,M2,late_product,64,shuffle_B,1987,6.765127182006836e-06,8.720990875049531e-10,0
grid,MHEALTH,2,M2,late_mean,64,reverse,1987,1.7881393432617188e-07,3.6064114202991353e-09,0
grid,MHEALTH,2,M2,late_mean,64,shuffle_A,1987,1.1920928955078125e-07,6.446101538514346e-10,0
grid,MHEALTH,2,M2,late_mean,64,shuffle_B,1987,1.1920928955078125e-07,3.8243153208465974e-10,0
grid,MHEALTH,2,M2,cpsa,64,reverse,1987,7.152557373046875e-07,2.195460153117501e-09,0
grid,MHEALTH,2,M2,cpsa,64,shuffle_A,1987,7.152557373046875e-07,3.792217242383848e-09,0
grid,MHEALTH,2,M2,cpsa,64,shuffle_B,1987,7.152557373046875e-07,3.240636990618149e-09,0
grid,MHEALTH,2,M2,late_product,100,reverse,1987,6.16908073425293e-06,1.2396842042918255e-09,0
grid,MHEALTH,2,M2,late_product,100,shuffle_A,1987,7.331371307373047e-06,1.0024646237875653e-09,0
grid,MHEALTH,2,M2,late_product,100,shuffle_B,1987,8.463859558105469e-06,9.786181683366982e-10,0
grid,MHEALTH,2,M2,late_mean,100,reverse,1987,1.1920928955078125e-07,3.949661381427259e-09,0
grid,MHEALTH,2,M2,late_mean,100,shuffle_A,1987,1.1920928955078125e-07,2.504946187758819e-09,0
grid,MHEALTH,2,M2,late_mean,100,shuffle_B,1987,1.1920928955078125e-07,2.4512296360479346e-09,0
grid,MHEALTH,2,M2,cpsa,100,reverse,1987,7.152557373046875e-07,1.932901464508114e-09,0
grid,MHEALTH,2,M2,cpsa,100,shuffle_A,1987,5.364418029785156e-07,1.8044727052766622e-09,0
grid,MHEALTH,2,M2,cpsa,100,shuffle_B,1987,7.152557373046875e-07,2.6167017203992053e-09,0
grid,MHEALTH,2,M3,late_product,1,reverse,1987,5.364418029785156e-07,6.332397909311322e-10,0
grid,MHEALTH,2,M3,late_product,1,shuffle_B,1987,5.364418029785156e-07,6.332397909311322e-10,0
grid,MHEALTH,2,M3,late_mean,1,reverse,1987,1.1920928955078125e-07,2.295270364858146e-09,0
grid,MHEALTH,2,M3,late_mean,1,shuffle_B,1987,1.1920928955078125e-07,2.295270364858146e-09,0
grid,MHEALTH,2,M3,cpsa,1,reverse,1987,1.7881393432617188e-07,3.26634135292946e-09,0
grid,MHEALTH,2,M3,cpsa,1,shuffle_B,1987,1.7881393432617188e-07,3.26634135292946e-09,0
grid,MHEALTH,2,M3,late_product,2,reverse,1987,4.76837158203125e-07,3.39296171057782e-10,0
grid,MHEALTH,2,M3,late_product,2,shuffle_A,1987,5.364418029785156e-07,2.4871144493080674e-10,0
grid,MHEALTH,2,M3,late_product,2,shuffle_B,1987,5.364418029785156e-07,3.962710686202316e-10,0
grid,MHEALTH,2,M3,late_mean,2,reverse,1987,1.1920928955078125e-07,2.17796037234489e-09,0
grid,MHEALTH,2,M3,late_mean,2,shuffle_A,1987,1.1920928955078125e-07,1.7822871646588812e-09,0
grid,MHEALTH,2,M3,late_mean,2,shuffle_B,1987,1.1920928955078125e-07,1.9492681691185193e-09,0
grid,MHEALTH,2,M3,cpsa,2,reverse,1987,2.384185791015625e-07,3.938384084763703e-09,0
grid,MHEALTH,2,M3,cpsa,2,shuffle_A,1987,2.384185791015625e-07,3.887703150105634e-09,0
grid,MHEALTH,2,M3,cpsa,2,shuffle_B,1987,1.7881393432617188e-07,3.7042513958852826e-09,0
grid,MHEALTH,2,M3,late_product,3,reverse,1987,1.2516975402832031e-06,1.0989504520825959e-09,0
grid,MHEALTH,2,M3,late_product,3,shuffle_A,1987,9.5367431640625e-07,7.323799185936804e-10,0
grid,MHEALTH,2,M3,late_product,3,shuffle_B,1987,1.2516975402832031e-06,9.690984918686399e-10,0
grid,MHEALTH,2,M3,late_mean,3,reverse,1987,1.1920928955078125e-07,3.2197612740541442e-09,0
grid,MHEALTH,2,M3,late_mean,3,shuffle_A,1987,1.1920928955078125e-07,1.8858743714666554e-09,0
grid,MHEALTH,2,M3,late_mean,3,shuffle_B,1987,1.1920928955078125e-07,2.0637830249967093e-09,0
grid,MHEALTH,2,M3,cpsa,3,reverse,1987,2.384185791015625e-07,4.028435248344006e-09,0
grid,MHEALTH,2,M3,cpsa,3,shuffle_A,1987,2.384185791015625e-07,3.4650661605122065e-09,0
grid,MHEALTH,2,M3,cpsa,3,shuffle_B,1987,2.384185791015625e-07,3.693135245657336e-09,0
grid,MHEALTH,2,M3,late_product,5,reverse,1987,3.7550926208496094e-06,3.939111256869841e-09,0
grid,MHEALTH,2,M3,late_product,5,shuffle_A,1987,1.4007091522216797e-06,3.124485322079973e-09,0
grid,MHEALTH,2,M3,late_product,5,shuffle_B,1987,2.8014183044433594e-06,3.793194019074618e-09,0
grid,MHEALTH,2,M3,late_mean,5,reverse,1987,1.1920928955078125e-07,3.904645087526513e-09,0
grid,MHEALTH,2,M3,late_mean,5,shuffle_A,1987,1.1920928955078125e-07,2.56823506635828e-09,0
grid,MHEALTH,2,M3,late_mean,5,shuffle_B,1987,1.1920928955078125e-07,3.777635602352253e-09,0
grid,MHEALTH,2,M3,cpsa,5,reverse,1987,2.980232238769531e-07,3.2991577041892542e-09,0
grid,MHEALTH,2,M3,cpsa,5,shuffle_A,1987,2.980232238769531e-07,2.5120532862594924e-09,0
grid,MHEALTH,2,M3,cpsa,5,shuffle_B,1987,2.980232238769531e-07,3.583153378840878e-09,0
grid,MHEALTH,2,M3,late_product,8,reverse,1987,2.86102294921875e-06,2.4046864369168486e-09,0
grid,MHEALTH,2,M3,late_product,8,shuffle_A,1987,1.6093254089355469e-06,1.0977383355430876e-09,0
grid,MHEALTH,2,M3,late_product,8,shuffle_B,1987,1.9073486328125e-06,1.2199863835982241e-09,0
grid,MHEALTH,2,M3,late_mean,8,reverse,1987,1.7881393432617188e-07,3.5138973623697528e-09,0
grid,MHEALTH,2,M3,late_mean,8,shuffle_A,1987,1.1920928955078125e-07,2.139712770963363e-09,0
grid,MHEALTH,2,M3,late_mean,8,shuffle_B,1987,1.1920928955078125e-07,2.4017285584829325e-09,0
grid,MHEALTH,2,M3,cpsa,8,reverse,1987,2.384185791015625e-07,2.576917970427326e-09,0
grid,MHEALTH,2,M3,cpsa,8,shuffle_A,1987,2.384185791015625e-07,3.2401175991832198e-09,0
grid,MHEALTH,2,M3,cpsa,8,shuffle_B,1987,2.384185791015625e-07,4.621392824686074e-09,0
grid,MHEALTH,2,M3,late_product,16,reverse,1987,6.616115570068359e-06,5.254604932526112e-09,0
grid,MHEALTH,2,M3,late_product,16,shuffle_A,1987,4.738569259643555e-06,4.332887902842905e-09,0
grid,MHEALTH,2,M3,late_product,16,shuffle_B,1987,4.738569259643555e-06,4.221889501903846e-09,0
grid,MHEALTH,2,M3,late_mean,16,reverse,1987,1.7881393432617188e-07,3.5877156549006216e-09,0
grid,MHEALTH,2,M3,late_mean,16,shuffle_A,1987,1.7881393432617188e-07,3.5450212622752484e-09,0
grid,MHEALTH,2,M3,late_mean,16,shuffle_B,1987,1.7881393432617188e-07,3.5400655412716187e-09,0
grid,MHEALTH,2,M3,cpsa,16,reverse,1987,2.980232238769531e-07,1.7960434758912977e-09,0
grid,MHEALTH,2,M3,cpsa,16,shuffle_A,1987,2.384185791015625e-07,1.8197098186952205e-09,0
grid,MHEALTH,2,M3,cpsa,16,shuffle_B,1987,2.384185791015625e-07,2.3018555041950212e-09,0
grid,MHEALTH,2,M3,late_product,32,reverse,1987,9.238719940185547e-06,4.878618435739083e-09,0
grid,MHEALTH,2,M3,late_product,32,shuffle_A,1987,3.6954879760742188e-06,1.7521029561679623e-09,0
grid,MHEALTH,2,M3,late_product,32,shuffle_B,1987,5.364418029785156e-06,1.9276416439185862e-09,0
grid,MHEALTH,2,M3,late_mean,32,reverse,1987,1.7881393432617188e-07,3.53333168875228e-09,0
grid,MHEALTH,2,M3,late_mean,32,shuffle_A,1987,1.1920928955078125e-07,7.542098269526946e-10,0
grid,MHEALTH,2,M3,late_mean,32,shuffle_B,1987,1.1920928955078125e-07,1.951190014387374e-09,0
grid,MHEALTH,2,M3,cpsa,32,reverse,1987,4.172325134277344e-07,1.8121927058501e-09,0
grid,MHEALTH,2,M3,cpsa,32,shuffle_A,1987,4.172325134277344e-07,3.25026434610164e-09,0
grid,MHEALTH,2,M3,cpsa,32,shuffle_B,1987,4.172325134277344e-07,3.740719631582248e-09,0
grid,MHEALTH,2,M3,late_product,64,reverse,1987,1.3723969459533691e-05,6.191934404296095e-09,0
grid,MHEALTH,2,M3,late_product,64,shuffle_A,1987,9.775161743164062e-06,5.396452473105511e-09,0
grid,MHEALTH,2,M3,late_product,64,shuffle_B,1987,9.775161743164062e-06,5.965521957347164e-09,0
grid,MHEALTH,2,M3,late_mean,64,reverse,1987,1.1920928955078125e-07,3.737580536413817e-09,0
grid,MHEALTH,2,M3,late_mean,64,shuffle_A,1987,1.1920928955078125e-07,3.663938475755929e-09,0
grid,MHEALTH,2,M3,late_mean,64,shuffle_B,1987,1.1920928955078125e-07,3.6478534999333014e-09,0
grid,MHEALTH,2,M3,cpsa,64,reverse,1987,5.960464477539062e-07,1.8567011962852201e-09,0
grid,MHEALTH,2,M3,cpsa,64,shuffle_A,1987,7.748603820800781e-07,3.3921994467351836e-09,0
grid,MHEALTH,2,M3,cpsa,64,shuffle_B,1987,7.152557373046875e-07,3.286463317930042e-09,0
grid,MHEALTH,2,M3,late_product,100,reverse,1987,2.2083520889282227e-05,3.953793246336792e-09,0
grid,MHEALTH,2,M3,late_product,100,shuffle_A,1987,2.3931264877319336e-05,4.499847719496789e-09,0
grid,MHEALTH,2,M3,late_product,100,shuffle_B,1987,1.2695789337158203e-05,2.47988269477121e-09,0
grid,MHEALTH,2,M3,late_mean,100,reverse,1987,1.1920928955078125e-07,3.4907659859076853e-09,0
grid,MHEALTH,2,M3,late_mean,100,shuffle_A,1987,1.1920928955078125e-07,3.5194332389700022e-09,0
grid,MHEALTH,2,M3,late_mean,100,shuffle_B,1987,1.1920928955078125e-07,2.276938774080651e-09,0
grid,MHEALTH,2,M3,cpsa,100,reverse,1987,7.152557373046875e-07,1.8626039150097197e-09,0
grid,MHEALTH,2,M3,cpsa,100,shuffle_A,1987,7.152557373046875e-07,2.156855352729204e-09,0
grid,MHEALTH,2,M3,cpsa,100,shuffle_B,1987,7.152557373046875e-07,2.2790808331703394e-09,0
grid,HAPT,0,M1,late_product,1,reverse,3162,0.0,0.0,0
grid,HAPT,0,M1,late_product,1,shuffle_A,3162,0.0,0.0,0
grid,HAPT,0,M1,late_product,1,shuffle_B,3162,0.0,0.0,0
grid,HAPT,0,M1,late_mean,1,reverse,3162,0.0,0.0,0
grid,HAPT,0,M1,late_mean,1,shuffle_A,3162,0.0,0.0,0
grid,HAPT,0,M1,late_mean,1,shuffle_B,3162,0.0,0.0,0
grid,HAPT,0,M1,cpsa,1,reverse,3162,0.0,0.0,0
grid,HAPT,0,M1,cpsa,1,shuffle_A,3162,0.0,0.0,0
grid,HAPT,0,M1,cpsa,1,shuffle_B,3162,0.0,0.0,0
grid,HAPT,0,M1,late_product,2,reverse,3162,4.76837158203125e-07,5.489133598649216e-10,0
grid,HAPT,0,M1,late_product,2,shuffle_A,3162,4.76837158203125e-07,5.489133598649216e-10,0
grid,HAPT,0,M1,late_product,2,shuffle_B,3162,4.76837158203125e-07,5.489133598649216e-10,0
grid,HAPT,0,M1,late_mean,2,reverse,3162,5.960464477539063e-08,2.6117950296943878e-09,0
grid,HAPT,0,M1,late_mean,2,shuffle_A,3162,5.960464477539063e-08,2.6117950296943878e-09,0
grid,HAPT,0,M1,late_mean,2,shuffle_B,3162,5.960464477539063e-08,2.6117950296943878e-09,0
grid,HAPT,0,M1,cpsa,2,reverse,3162,1.7881393432617188e-07,2.183231203623311e-09,0
grid,HAPT,0,M1,cpsa,2,shuffle_A,3162,1.7881393432617188e-07,2.183231203623311e-09,0
grid,HAPT,0,M1,cpsa,2,shuffle_B,3162,1.7881393432617188e-07,2.183231203623311e-09,0
grid,HAPT,0,M1,late_product,3,reverse,3162,6.854534149169922e-07,6.821448137196707e-10,0
grid,HAPT,0,M1,late_product,3,shuffle_A,3162,6.854534149169922e-07,6.821448137196707e-10,0
grid,HAPT,0,M1,late_product,3,shuffle_B,3162,6.854534149169922e-07,6.821448137196707e-10,0
grid,HAPT,0,M1,late_mean,3,reverse,3162,1.1920928955078125e-07,2.811230089749439e-09,0
grid,HAPT,0,M1,late_mean,3,shuffle_A,3162,1.1920928955078125e-07,2.811230089749439e-09,0
grid,HAPT,0,M1,late_mean,3,shuffle_B,3162,1.1920928955078125e-07,2.811230089749439e-09,0
grid,HAPT,0,M1,cpsa,3,reverse,3162,1.7881393432617188e-07,3.3820899994495715e-09,0
grid,HAPT,0,M1,cpsa,3,shuffle_A,3162,1.7881393432617188e-07,3.3820899994495715e-09,0
grid,HAPT,0,M1,cpsa,3,shuffle_B,3162,1.7881393432617188e-07,3.3820899994495715e-09,0
grid,HAPT,0,M1,late_product,5,reverse,3162,4.76837158203125e-07,5.462301056463855e-10,0
grid,HAPT,0,M1,late_product,5,shuffle_A,3162,4.76837158203125e-07,2.797520756875482e-10,0
grid,HAPT,0,M1,late_product,5,shuffle_B,3162,4.76837158203125e-07,5.462301056463855e-10,0
grid,HAPT,0,M1,late_mean,5,reverse,3162,5.960464477539063e-08,1.7295895466766762e-09,0
grid,HAPT,0,M1,late_mean,5,shuffle_A,3162,5.960464477539063e-08,7.700016103609605e-10,0
grid,HAPT,0,M1,late_mean,5,shuffle_B,3162,5.960464477539063e-08,1.776756516606796e-09,0
grid,HAPT,0,M1,cpsa,5,reverse,3162,2.384185791015625e-07,1.3143154341322637e-09,0
grid,HAPT,0,M1,cpsa,5,shuffle_A,3162,2.980232238769531e-07,1.278023731489454e-09,0
grid,HAPT,0,M1,cpsa,5,shuffle_B,3162,1.7881393432617188e-07,2.193865883075158e-09,0
grid,HAPT,0,M1,late_product,8,reverse,3162,5.066394805908203e-07,5.895189573076168e-10,0
grid,HAPT,0,M1,late_product,8,shuffle_A,3162,0.0,0.0,0
grid,HAPT,0,M1,late_product,8,shuffle_B,3162,5.066394805908203e-07,2.673856891031382e-10,0
grid,HAPT,0,M1,late_mean,8,reverse,3162,1.1920928955078125e-07,2.5838078771774948e-09,0
grid,HAPT,0,M1,late_mean,8,shuffle_A,3162,0.0,0.0,0
grid,HAPT,0,M1,late_mean,8,shuffle_B,3162,5.960464477539063e-08,2.865205533164869e-10,0
grid,HAPT,0,M1,cpsa,8,reverse,3162,2.384185791015625e-07,9.780354641489927e-10,0
grid,HAPT,0,M1,cpsa,8,shuffle_A,3162,0.0,0.0,0
grid,HAPT,0,M1,cpsa,8,shuffle_B,3162,2.384185791015625e-07,2.6654459895830483e-09,0
grid,HAPT,0,M1,late_product,16,reverse,3162,1.2367963790893555e-06,7.101639662836247e-10,0
grid,HAPT,0,M1,late_product,16,shuffle_A,3162,9.5367431640625e-07,3.0311045245942136e-10,0
grid,HAPT,0,M1,late_product,16,shuffle_B,3162,9.5367431640625e-07,3.0311045245942136e-10,0
grid,HAPT,0,M1,late_mean,16,reverse,3162,1.1920928955078125e-07,2.0923138314208755e-09,0
grid,HAPT,0,M1,late_mean,16,shuffle_A,3162,1.1920928955078125e-07,3.2946845011545986e-10,0
grid,HAPT,0,M1,late_mean,16,shuffle_B,3162,1.1920928955078125e-07,3.2946845011545986e-10,0
grid,HAPT,0,M1,cpsa,16,reverse,3162,2.384185791015625e-07,1.0959532748772937e-09,0
grid,HAPT,0,M1,cpsa,16,shuffle_A,3162,2.384185791015625e-07,1.3483421364915272e-09,0
grid,HAPT,0,M1,cpsa,16,shuffle_B,3162,2.384185791015625e-07,1.3483421364915272e-09,0
grid,HAPT,0,M1,late_product,32,reverse,3162,1.8477439880371094e-06,5.979050689149777e-10,0
grid,HAPT,0,M1,late_product,32,shuffle_A,3162,1.8477439880371094e-06,5.980660705502587e-10,0
grid,HAPT,0,M1,late_product,32,shuffle_B,3162,1.8477439880371094e-06,5.979050689149777e-10,0
grid,HAPT,0,M1,late_mean,32,reverse,3162,5.960464477539063e-08,2.3588073489919564e-09,0
grid,HAPT,0,M1,late_mean,32,shuffle_A,3162,5.960464477539063e-08,2.2377536627245777e-09,0
grid,HAPT,0,M1,late_mean,32,shuffle_B,3162,5.960464477539063e-08,2.2765541244526468e-09,0
grid,HAPT,0,M1,cpsa,32,reverse,3162,4.172325134277344e-07,1.2967265881829808e-09,0
grid,HAPT,0,M1,cpsa,32,shuffle_A,3162,4.172325134277344e-07,2.7140436527397593e-09,0
grid,HAPT,0,M1,cpsa,32,shuffle_B,3162,4.172325134277344e-07,1.4940961783356257e-09,0
grid,HAPT,0,M1,late_product,64,reverse,3162,1.9073486328125e-06,5.732429151775219e-10,0
grid,HAPT,0,M1,late_product,64,shuffle_A,3162,1.6689300537109375e-06,9.204458069106607e-11,0
grid,HAPT,0,M1,late_product,64,shuffle_B,3162,3.2782554626464844e-06,6.229377846892054e-10,0
grid,HAPT,0,M1,late_mean,64,reverse,3162,1.1920928955078125e-07,2.205557833943431e-09,0
grid,HAPT,0,M1,late_mean,64,shuffle_A,3162,5.960464477539063e-08,1.1387790500331068e-10,0
grid,HAPT,0,M1,late_mean,64,shuffle_B,3162,1.1920928955078125e-07,2.095323505081605e-09,0
grid,HAPT,0,M1,cpsa,64,reverse,3162,5.960464477539062e-07,1.3054157346721624e-09,0
grid,HAPT,0,M1,cpsa,64,shuffle_A,3162,5.364418029785156e-07,2.720015596134144e-09,0
grid,HAPT,0,M1,cpsa,64,shuffle_B,3162,5.960464477539062e-07,2.336190835014023e-09,0
grid,HAPT,0,M1,late_product,100,reverse,3162,4.470348358154297e-06,1.0205133039855626e-09,0
grid,HAPT,0,M1,late_product,100,shuffle_A,3162,3.4570693969726562e-06,9.65562158515557e-10,0
grid,HAPT,0,M1,late_product,100,shuffle_B,3162,4.76837158203125e-06,9.95272250115489e-10,0
grid,HAPT,0,M1,late_mean,100,reverse,3162,1.1920928955078125e-07,2.2373093646270734e-09,0
grid,HAPT,0,M1,late_mean,100,shuffle_A,3162,1.1920928955078125e-07,2.1582301833651654e-09,0
grid,HAPT,0,M1,late_mean,100,shuffle_B,3162,1.1920928955078125e-07,2.121366625414673e-09,0
grid,HAPT,0,M1,cpsa,100,reverse,3162,8.344650268554688e-07,1.5280473325730435e-09,0
grid,HAPT,0,M1,cpsa,100,shuffle_A,3162,8.344650268554688e-07,2.7636378480549947e-09,0
grid,HAPT,0,M1,cpsa,100,shuffle_B,3162,7.152557373046875e-07,1.5580163982445276e-09,0
grid,HAPT,0,M2,late_product,1,reverse,3162,0.0,0.0,0
grid,HAPT,0,M2,late_product,1,shuffle_A,3162,0.0,0.0,0
grid,HAPT,0,M2,late_product,1,shuffle_B,3162,0.0,0.0,0
grid,HAPT,0,M2,late_mean,1,reverse,3162,0.0,0.0,0
grid,HAPT,0,M2,late_mean,1,shuffle_A,3162,0.0,0.0,0
grid,HAPT,0,M2,late_mean,1,shuffle_B,3162,0.0,0.0,0
grid,HAPT,0,M2,cpsa,1,reverse,3162,0.0,0.0,0
grid,HAPT,0,M2,cpsa,1,shuffle_A,3162,0.0,0.0,0
grid,HAPT,0,M2,cpsa,1,shuffle_B,3162,0.0,0.0,0
grid,HAPT,0,M2,late_product,2,reverse,3162,2.682209014892578e-07,5.633630098925802e-10,0
grid,HAPT,0,M2,late_product,2,shuffle_B,3162,2.682209014892578e-07,5.633630098925802e-10,0
grid,HAPT,0,M2,late_mean,2,reverse,3162,5.960464477539063e-08,2.42772553748165e-09,0
grid,HAPT,0,M2,late_mean,2,shuffle_B,3162,5.960464477539063e-08,1.5760300083200444e-09,0
grid,HAPT,0,M2,cpsa,2,reverse,3162,2.384185791015625e-07,2.7013546543450005e-09,0
grid,HAPT,0,M2,cpsa,2,shuffle_B,3162,2.384185791015625e-07,2.7013546543450005e-09,0
grid,HAPT,0,M2,late_product,3,reverse,3162,8.046627044677734e-07,1.184529845862987e-09,0
grid,HAPT,0,M2,late_product,3,shuffle_A,3162,8.046627044677734e-07,1.184529845862987e-09,0
grid,HAPT,0,M2,late_product,3,shuffle_B,3162,0.0,0.0,0
grid,HAPT,0,M2,late_mean,3,reverse,3162,1.1920928955078125e-07,3.050447484101908e-09,0
grid,HAPT,0,M2,late_mean,3,shuffle_A,3162,1.1920928955078125e-07,3.050447484101908e-09,0
grid,HAPT,0,M2,late_mean,3,shuffle_B,3162,0.0,0.0,0
grid,HAPT,0,M2,cpsa,3,reverse,3162,2.384185791015625e-07,4.10025905949448e-09,0
grid,HAPT,0,M2,cpsa,3,shuffle_A,3162,2.384185791015625e-07,4.10025905949448e-09,0
grid,HAPT,0,M2,cpsa,3,shuffle_B,3162,0.0,0.0,0
grid,HAPT,0,M2,late_product,5,reverse,3162,8.344650268554688e-07,1.5363709062362553e-09,0
grid,HAPT,0,M2,late_product,5,shuffle_A,3162,0.0,0.0,0
grid,HAPT,0,M2,late_product,5,shuffle_B,3162,6.854534149169922e-07,1.121889451970078e-09,0
grid,HAPT,0,M2,late_mean,5,reverse,3162,5.960464477539063e-08,2.0984195321557903e-09,0
grid,HAPT,0,M2,late_mean,5,shuffle_A,3162,0.0,0.0,0
grid,HAPT,0,M2,late_mean,5,shuffle_B,3162,1.1920928955078125e-07,1.987732223901031e-09,0
grid,HAPT,0,M2,cpsa,5,reverse,3162,2.980232238769531e-07,2.2382327968477244e-09,0
grid,HAPT,0,M2,cpsa,5,shuffle_A,3162,0.0,0.0,0
grid,HAPT,0,M2,cpsa,5,shuffle_B,3162,2.384185791015625e-07,3.1604260880446445e-09,0
grid,HAPT,0,M2,late_product,8,reverse,3162,1.6689300537109375e-06,2.2501105902701917e-09,0
grid,HAPT,0,M2,late_product,8,shuffle_A,3162,0.0,0.0,0
grid,HAPT,0,M2,late_product,8,shuffle_B,3162,1.6689300537109375e-06,2.0349216921625112e-09,0
grid,HAPT,0,M2,late_mean,8,reverse,3162,1.1920928955078125e-07,2.6897438854157084e-09,0
grid,HAPT,0,M2,late_mean,8,shuffle_A,3162,0.0,0.0,0
grid,HAPT,0,M2,late_mean,8,shuffle_B,3162,1.1920928955078125e-07,2.1648755405937387e-09,0
grid,HAPT,0,M2,cpsa,8,reverse,3162,2.384185791015625e-07,2.3003637891095238e-09,0
grid,HAPT,0,M2,cpsa,8,shuffle_A,3162,0.0,0.0,0
grid,HAPT,0,M2,cpsa,8,shuffle_B,3162,2.384185791015625e-07,3.7408408517091875e-09,0
grid,HAPT,0,M2,late_product,16,reverse,3162,2.4437904357910156e-06,3.3050486032062425e-09,0
grid,HAPT,0,M2,late_product,16,shuffle_A,3162,9.834766387939453e-07,1.6519746259846362e-09,0
grid,HAPT,0,M2,late_product,16,shuffle_B,3162,2.86102294921875e-06,3.113831573218374e-09,0
grid,HAPT,0,M2,late_mean,16,reverse,3162,1.1920928955078125e-07,2.508284510605702e-09,0
grid,HAPT,0,M2,late_mean,16,shuffle_A,3162,1.1920928955078125e-07,7.118891696485081e-10,0
grid,HAPT,0,M2,late_mean,16,shuffle_B,3162,1.1920928955078125e-07,2.3775085647553362e-09,0
grid,HAPT,0,M2,cpsa,16,reverse,3162,2.384185791015625e-07,2.9177694731630926e-09,0
grid,HAPT,0,M2,cpsa,16,shuffle_A,3162,2.384185791015625e-07,3.3515801536459977e-09,0
grid,HAPT,0,M2,cpsa,16,shuffle_B,3162,2.384185791015625e-07,2.768394872334342e-09,0
grid,HAPT,0,M2,late_product,32,reverse,3162,7.092952728271484e-06,5.008007469970352e-09,0
grid,HAPT,0,M2,late_product,32,shuffle_A,3162,7.599592208862305e-06,3.836688598028546e-09,0
grid,HAPT,0,M2,late_product,32,shuffle_B,3162,0.0,0.0,0
grid,HAPT,0,M2,late_mean,32,reverse,3162,1.1920928955078125e-07,2.4573599136230934e-09,0
grid,HAPT,0,M2,late_mean,32,shuffle_A,3162,1.1920928955078125e-07,2.3968024765199363e-09,0
grid,HAPT,0,M2,late_mean,32,shuffle_B,3162,0.0,0.0,0
grid,HAPT,0,M2,cpsa,32,reverse,3162,4.76837158203125e-07,3.804750432392598e-09,0
grid,HAPT,0,M2,cpsa,32,shuffle_A,3162,4.172325134277344e-07,4.2704414341473115e-09,0
grid,HAPT,0,M2,cpsa,32,shuffle_B,3162,0.0,0.0,0
grid,HAPT,0,M2,late_product,64,reverse,3162,5.632638931274414e-06,3.5351549653191307e-09,0
grid,HAPT,0,M2,late_product,64,shuffle_A,3162,4.887580871582031e-06,9.904743420671387e-10,0
grid,HAPT,0,M2,late_product,64,shuffle_B,3162,5.632638931274414e-06,3.6385963754910573e-09,0
grid,HAPT,0,M2,late_mean,64,reverse,3162,1.1920928955078125e-07,2.3980288148771286e-09,0
grid,HAPT,0,M2,late_mean,64,shuffle_A,3162,1.1920928955078125e-07,5.405125130740132e-10,0
grid,HAPT,0,M2,late_mean,64,shuffle_B,3162,1.1920928955078125e-07,2.317779151165846e-09,0
grid,HAPT,0,M2,cpsa,64,reverse,3162,7.152557373046875e-07,4.397403384070773e-09,0
grid,HAPT,0,M2,cpsa,64,shuffle_A,3162,7.152557373046875e-07,4.808098792344515e-09,0
grid,HAPT,0,M2,cpsa,64,shuffle_B,3162,6.556510925292969e-07,4.284829905340595e-09,0
grid,HAPT,0,M2,late_product,100,reverse,3162,1.1861324310302734e-05,4.487615496881828e-09,0
grid,HAPT,0,M2,late_product,100,shuffle_A,3162,0.0,0.0,0
grid,HAPT,0,M2,late_product,100,shuffle_B,3162,1.6063451766967773e-05,2.67829104236332e-09,0
grid,HAPT,0,M2,late_mean,100,reverse,3162,1.1920928955078125e-07,2.3574686911093794e-09,0
grid,HAPT,0,M2,late_mean,100,shuffle_A,3162,0.0,0.0,0
grid,HAPT,0,M2,late_mean,100,shuffle_B,3162,1.1920928955078125e-07,1.1908353656728495e-09,0
grid,HAPT,0,M2,cpsa,100,reverse,3162,8.940696716308594e-07,4.641003045425851e-09,0
grid,HAPT,0,M2,cpsa,100,shuffle_A,3162,0.0,0.0,0
grid,HAPT,0,M2,cpsa,100,shuffle_B,3162,8.344650268554688e-07,5.057788191953973e-09,0
grid,HAPT,1,M1,late_product,1,reverse,3162,0.0,0.0,0
grid,HAPT,1,M1,late_product,1,shuffle_A,3162,0.0,0.0,0
grid,HAPT,1,M1,late_product,1,shuffle_B,3162,0.0,0.0,0
grid,HAPT,1,M1,late_mean,1,reverse,3162,0.0,0.0,0
grid,HAPT,1,M1,late_mean,1,shuffle_A,3162,0.0,0.0,0
grid,HAPT,1,M1,late_mean,1,shuffle_B,3162,0.0,0.0,0
grid,HAPT,1,M1,cpsa,1,reverse,3162,0.0,0.0,0
grid,HAPT,1,M1,cpsa,1,shuffle_A,3162,0.0,0.0,0
grid,HAPT,1,M1,cpsa,1,shuffle_B,3162,0.0,0.0,0
grid,HAPT,1,M1,late_product,2,reverse,3162,3.5762786865234375e-07,5.630362374518025e-10,0
grid,HAPT,1,M1,late_product,2,shuffle_A,3162,3.5762786865234375e-07,5.630362374518025e-10,0
grid,HAPT,1,M1,late_product,2,shuffle_B,3162,3.5762786865234375e-07,5.630362374518025e-10,0
grid,HAPT,1,M1,late_mean,2,reverse,3162,5.960464477539063e-08,2.5282771371697068e-09,0
grid,HAPT,1,M1,late_mean,2,shuffle_A,3162,5.960464477539063e-08,2.5282771371697068e-09,0
grid,HAPT,1,M1,late_mean,2,shuffle_B,3162,5.960464477539063e-08,2.5282771371697068e-09,0
grid,HAPT,1,M1,cpsa,2,reverse,3162,1.7881393432617188e-07,2.1692418600697874e-09,0
grid,HAPT,1,M1,cpsa,2,shuffle_A,3162,1.7881393432617188e-07,2.1692418600697874e-09,0
grid,HAPT,1,M1,cpsa,2,shuffle_B,3162,1.7881393432617188e-07,2.1692418600697874e-09,0
grid,HAPT,1,M1,late_product,3,reverse,3162,3.5762786865234375e-07,6.773633214276525e-10,0
grid,HAPT,1,M1,late_product,3,shuffle_A,3162,3.5762786865234375e-07,6.773633214276525e-10,0
grid,HAPT,1,M1,late_product,3,shuffle_B,3162,3.5762786865234375e-07,6.773633214276525e-10,0
grid,HAPT,1,M1,late_mean,3,reverse,3162,1.1920928955078125e-07,2.963962792062754e-09,0
grid,HAPT,1,M1,late_mean,3,shuffle_A,3162,1.1920928955078125e-07,2.963962792062754e-09,0
grid,HAPT,1,M1,late_mean,3,shuffle_B,3162,1.1920928955078125e-07,2.963962792062754e-09,0
grid,HAPT,1,M1,cpsa,3,reverse,3162,1.7881393432617188e-07,3.4314581519277654e-09,0
grid,HAPT,1,M1,cpsa,3,shuffle_A,3162,1.7881393432617188e-07,3.4314581519277654e-09,0
grid,HAPT,1,M1,cpsa,3,shuffle_B,3162,1.7881393432617188e-07,3.4314581519277654e-09,0
grid,HAPT,1,M1,late_product,5,reverse,3162,4.76837158203125e-07,6.047065325682311e-10,0
grid,HAPT,1,M1,late_product,5,shuffle_A,3162,3.8743019104003906e-07,3.948445465888693e-10,0
grid,HAPT,1,M1,late_product,5,shuffle_B,3162,4.76837158203125e-07,6.047065325682311e-10,0
grid,HAPT,1,M1,late_mean,5,reverse,3162,5.960464477539063e-08,1.6931772985047136e-09,0
grid,HAPT,1,M1,late_mean,5,shuffle_A,3162,5.960464477539063e-08,8.175932613024422e-10,0
grid,HAPT,1,M1,late_mean,5,shuffle_B,3162,5.960464477539063e-08,1.6843578473050947e-09,0
grid,HAPT,1,M1,cpsa,5,reverse,3162,2.384185791015625e-07,1.4302241238567617e-09,0
grid,HAPT,1,M1,cpsa,5,shuffle_A,3162,2.384185791015625e-07,1.283388552666387e-09,0
grid,HAPT,1,M1,cpsa,5,shuffle_B,3162,2.384185791015625e-07,2.2992459634892225e-09,0
grid,HAPT,1,M1,late_product,8,reverse,3162,4.76837158203125e-07,6.094215028986633e-10,0
grid,HAPT,1,M1,late_product,8,shuffle_A,3162,0.0,0.0,0
grid,HAPT,1,M1,late_product,8,shuffle_B,3162,2.682209014892578e-07,2.6674532574193153e-10,0
grid,HAPT,1,M1,late_mean,8,reverse,3162,1.1920928955078125e-07,2.607795720230377e-09,0
grid,HAPT,1,M1,late_mean,8,shuffle_A,3162,0.0,0.0,0
grid,HAPT,1,M1,late_mean,8,shuffle_B,3162,5.960464477539063e-08,3.3986214008485144e-10,0
grid,HAPT,1,M1,cpsa,8,reverse,3162,2.384185791015625e-07,1.0506871474004504e-09,0
grid,HAPT,1,M1,cpsa,8,shuffle_A,3162,0.0,0.0,0
grid,HAPT,1,M1,cpsa,8,shuffle_B,3162,2.980232238769531e-07,2.910667295113401e-09,0
grid,HAPT,1,M1,late_product,16,reverse,3162,1.1324882507324219e-06,8.093037990273574e-10,0
grid,HAPT,1,M1,late_product,16,shuffle_A,3162,9.5367431640625e-07,3.7857475702714304e-10,0
grid,HAPT,1,M1,late_product,16,shuffle_B,3162,9.5367431640625e-07,3.7857475702714304e-10,0
grid,HAPT,1,M1,late_mean,16,reverse,3162,1.1920928955078125e-07,2.1897637463495755e-09,0
grid,HAPT,1,M1,late_mean,16,shuffle_A,3162,5.960464477539063e-08,3.5107727499081406e-10,0
grid,HAPT,1,M1,late_mean,16,shuffle_B,3162,5.960464477539063e-08,3.5107727499081406e-10,0
grid,HAPT,1,M1,cpsa,16,reverse,3162,2.384185791015625e-07,1.2360601137897195e-09,0
grid,HAPT,1,M1,cpsa,16,shuffle_A,3162,2.384185791015625e-07,1.5092749659562026e-09,0
grid,HAPT,1,M1,cpsa,16,shuffle_B,3162,2.384185791015625e-07,1.5092749659562026e-09,0
grid,HAPT,1,M1,late_product,32,reverse,3162,1.7583370208740234e-06,7.956122259293746e-10,0
grid,HAPT,1,M1,late_product,32,shuffle_A,3162,1.7583370208740234e-06,8.506783179405385e-10,0
grid,HAPT,1,M1,late_product,32,shuffle_B,3162,1.7583370208740234e-06,7.956122259293746e-10,0
grid,HAPT,1,M1,late_mean,32,reverse,3162,1.1920928955078125e-07,2.299326107327595e-09,0
grid,HAPT,1,M1,late_mean,32,shuffle_A,3162,1.1920928955078125e-07,2.1898130611619525e-09,0
grid,HAPT,1,M1,late_mean,32,shuffle_B,3162,1.1920928955078125e-07,2.2218118276925303e-09,0
grid,HAPT,1,M1,cpsa,32,reverse,3162,4.172325134277344e-07,1.3874394010896944e-09,0
grid,HAPT,1,M1,cpsa,32,shuffle_A,3162,4.172325134277344e-07,2.6942076351632576e-09,0
grid,HAPT,1,M1,cpsa,32,shuffle_B,3162,4.172325134277344e-07,1.6312267319470104e-09,0
grid,HAPT,1,M1,late_product,64,reverse,3162,1.1473894119262695e-06,4.219515528353992e-10,0
grid,HAPT,1,M1,late_product,64,shuffle_A,3162,1.7285346984863281e-06,8.956020732070395e-11,0
grid,HAPT,1,M1,late_product,64,shuffle_B,3162,2.562999725341797e-06,5.63044662391379e-10,0
grid,HAPT,1,M1,late_mean,64,reverse,3162,1.1920928955078125e-07,2.226701255328786e-09,0
grid,HAPT,1,M1,late_mean,64,shuffle_A,3162,5.960464477539063e-08,1.2554925325875838e-10,0
grid,HAPT,1,M1,late_mean,64,shuffle_B,3162,1.1920928955078125e-07,2.0775756430995733e-09,0
grid,HAPT,1,M1,cpsa,64,reverse,3162,7.152557373046875e-07,1.7310798268017962e-09,0
grid,HAPT,1,M1,cpsa,64,shuffle_A,3162,7.152557373046875e-07,2.8369213701431005e-09,0
grid,HAPT,1,M1,cpsa,64,shuffle_B,3162,7.152557373046875e-07,2.70011028640135e-09,0
grid,HAPT,1,M1,late_product,100,reverse,3162,2.1457672119140625e-06,3.397488785508545e-10,0
grid,HAPT,1,M1,late_product,100,shuffle_A,3162,1.8477439880371094e-06,2.9505770291088017e-10,0
grid,HAPT,1,M1,late_product,100,shuffle_B,3162,1.8477439880371094e-06,3.571394386415416e-10,0
grid,HAPT,1,M1,late_mean,100,reverse,3162,1.1920928955078125e-07,2.2167965909665696e-09,0
grid,HAPT,1,M1,late_mean,100,shuffle_A,3162,1.1920928955078125e-07,2.148443097614102e-09,0
grid,HAPT,1,M1,late_mean,100,shuffle_B,3162,1.1920928955078125e-07,2.131094637537931e-09,0
grid,HAPT,1,M1,cpsa,100,reverse,3162,6.556510925292969e-07,2.0162048631555425e-09,0
grid,HAPT,1,M1,cpsa,100,shuffle_A,3162,8.344650268554688e-07,3.217995653707043e-09,0
grid,HAPT,1,M1,cpsa,100,shuffle_B,3162,8.344650268554688e-07,1.9665168745272834e-09,0
grid,HAPT,1,M2,late_product,1,reverse,3162,0.0,0.0,0
grid,HAPT,1,M2,late_product,1,shuffle_A,3162,0.0,0.0,0
grid,HAPT,1,M2,late_product,1,shuffle_B,3162,0.0,0.0,0
grid,HAPT,1,M2,late_mean,1,reverse,3162,0.0,0.0,0
grid,HAPT,1,M2,late_mean,1,shuffle_A,3162,0.0,0.0,0
grid,HAPT,1,M2,late_mean,1,shuffle_B,3162,0.0,0.0,0
grid,HAPT,1,M2,cpsa,1,reverse,3162,0.0,0.0,0
grid,HAPT,1,M2,cpsa,1,shuffle_A,3162,0.0,0.0,0
grid,HAPT,1,M2,cpsa,1,shuffle_B,3162,0.0,0.0,0
grid,HAPT,1,M2,late_product,2,reverse,3162,4.470348358154297e-07,5.696263491392896e-10,0
grid,HAPT,1,M2,late_product,2,shuffle_B,3162,4.470348358154297e-07,5.696263491392896e-10,0
grid,HAPT,1,M2,late_mean,2,reverse,3162,5.960464477539063e-08,2.3766298319096086e-09,0
grid,HAPT,1,M2,late_mean,2,shuffle_B,3162,5.960464477539063e-08,1.5772048181512166e-09,0
grid,HAPT,1,M2,cpsa,2,reverse,3162,1.7881393432617188e-07,2.6264950333156856e-09,0
grid,HAPT,1,M2,cpsa,2,shuffle_B,3162,1.7881393432617188e-07,2.6264950333156856e-09,0
grid,HAPT,1,M2,late_product,3,reverse,3162,5.066394805908203e-07,1.2152019887812905e-09,0
grid,HAPT,1,M2,late_product,3,shuffle_A,3162,5.066394805908203e-07,1.2152019887812905e-09,0
grid,HAPT,1,M2,late_product,3,shuffle_B,3162,0.0,0.0,0
grid,HAPT,1,M2,late_mean,3,reverse,3162,1.1920928955078125e-07,2.976199215011675e-09,0
grid,HAPT,1,M2,late_mean,3,shuffle_A,3162,1.1920928955078125e-07,2.976199215011675e-09,0
grid,HAPT,1,M2,late_mean,3,shuffle_B,3162,0.0,0.0,0
grid,HAPT,1,M2,cpsa,3,reverse,3162,2.384185791015625e-07,4.005467986165932e-09,0
grid,HAPT,1,M2,cpsa,3,shuffle_A,3162,2.384185791015625e-07,4.005467986165932e-09,0
grid,HAPT,1,M2,cpsa,3,shuffle_B,3162,0.0,0.0,0
grid,HAPT,1,M2,late_product,5,reverse,3162,8.344650268554688e-07,1.7851155635480452e-09,0
grid,HAPT,1,M2,late_product,5,shuffle_A,3162,0.0,0.0,0
grid,HAPT,1,M2,late_product,5,shuffle_B,3162,7.152557373046875e-07,1.3055357664117106e-09,0
grid,HAPT,1,M2,late_mean,5,reverse,3162,5.960464477539063e-08,2.1083630210757965e-09,0
grid,HAPT,1,M2,late_mean,5,shuffle_A,3162,0.0,0.0,0
grid,HAPT,1,M2,late_mean,5,shuffle_B,3162,1.1920928955078125e-07,2.0450856002611648e-09,0
grid,HAPT,1,M2,cpsa,5,reverse,3162,2.980232238769531e-07,2.06030216670563e-09,0
grid,HAPT,1,M2,cpsa,5,shuffle_A,3162,0.0,0.0,0
grid,HAPT,1,M2,cpsa,5,shuffle_B,3162,2.980232238769531e-07,3.1060912307166084e-09,0
grid,HAPT,1,M2,late_product,8,reverse,3162,1.341104507446289e-06,2.2672488171005588e-09,0
grid,HAPT,1,M2,late_product,8,shuffle_A,3162,0.0,0.0,0
grid,HAPT,1,M2,late_product,8,shuffle_B,3162,8.940696716308594e-07,1.8601943437383562e-09,0
grid,HAPT,1,M2,late_mean,8,reverse,3162,1.1920928955078125e-07,2.770926045798339e-09,0
grid,HAPT,1,M2,late_mean,8,shuffle_A,3162,0.0,0.0,0
grid,HAPT,1,M2,late_mean,8,shuffle_B,3162,1.1920928955078125e-07,2.2115783187804114e-09,0
grid,HAPT,1,M2,cpsa,8,reverse,3162,2.980232238769531e-07,2.117073741582534e-09,0
grid,HAPT,1,M2,cpsa,8,shuffle_A,3162,0.0,0.0,0
grid,HAPT,1,M2,cpsa,8,shuffle_B,3162,2.980232238769531e-07,3.802468625832265e-09,0
grid,HAPT,1,M2,late_product,16,reverse,3162,2.562999725341797e-06,3.678510517279731e-09,0
grid,HAPT,1,M2,late_product,16,shuffle_A,3162,1.1324882507324219e-06,1.757264264471921e-09,0
grid,HAPT,1,M2,late_product,16,shuffle_B,3162,2.5033950805664062e-06,3.073720161068649e-09,0
grid,HAPT,1,M2,late_mean,16,reverse,3162,1.1920928955078125e-07,2.483921484007905e-09,0
grid,HAPT,1,M2,late_mean,16,shuffle_A,3162,1.1920928955078125e-07,7.450160983084797e-10,0
grid,HAPT,1,M2,late_mean,16,shuffle_B,3162,1.1920928955078125e-07,2.3292614104783707e-09,0
grid,HAPT,1,M2,cpsa,16,reverse,3162,2.980232238769531e-07,2.6797876170136684e-09,0
grid,HAPT,1,M2,cpsa,16,shuffle_A,3162,3.5762786865234375e-07,3.1045243255097923e-09,0
grid,HAPT,1,M2,cpsa,16,shuffle_B,3162,2.384185791015625e-07,2.548906105952454e-09,0
grid,HAPT,1,M2,late_product,32,reverse,3162,7.987022399902344e-06,4.175136180698051e-09,0
grid,HAPT,1,M2,late_product,32,shuffle_A,3162,5.9604644775390625e-06,3.270485059431377e-09,0
grid,HAPT,1,M2,late_product,32,shuffle_B,3162,0.0,0.0,0
grid,HAPT,1,M2,late_mean,32,reverse,3162,1.1920928955078125e-07,2.4770972217879138e-09,0
grid,HAPT,1,M2,late_mean,32,shuffle_A,3162,1.1920928955078125e-07,2.3758071962617746e-09,0
grid,HAPT,1,M2,late_mean,32,shuffle_B,3162,0.0,0.0,0
grid,HAPT,1,M2,cpsa,32,reverse,3162,4.76837158203125e-07,3.832694289676949e-09,0
grid,HAPT,1,M2,cpsa,32,shuffle_A,3162,4.172325134277344e-07,4.401708958808388e-09,0
grid,HAPT,1,M2,cpsa,32,shuffle_B,3162,0.0,0.0,0
grid,HAPT,1,M2,late_product,64,reverse,3162,1.3083219528198242e-05,4.5814421620378405e-09,0
grid,HAPT,1,M2,late_product,64,shuffle_A,3162,1.4841556549072266e-05,2.0696868051286637e-09,0
grid,HAPT,1,M2,late_product,64,shuffle_B,3162,1.3083219528198242e-05,4.831464975829033e-09,0
grid,HAPT,1,M2,late_mean,64,reverse,3162,1.1920928955078125e-07,2.4469565018223096e-09,0
grid,HAPT,1,M2,late_mean,64,shuffle_A,3162,1.1920928955078125e-07,5.532373372387076e-10,0
grid,HAPT,1,M2,late_mean,64,shuffle_B,3162,1.1920928955078125e-07,2.34507071770576e-09,0
grid,HAPT,1,M2,cpsa,64,reverse,3162,7.152557373046875e-07,4.324526701231321e-09,0
grid,HAPT,1,M2,cpsa,64,shuffle_A,3162,7.748603820800781e-07,4.518915894175077e-09,0
grid,HAPT,1,M2,cpsa,64,shuffle_B,3162,7.152557373046875e-07,4.277534739657777e-09,0
grid,HAPT,1,M2,late_product,100,reverse,3162,2.065300941467285e-05,5.29112476026669e-09,0
grid,HAPT,1,M2,late_product,100,shuffle_A,3162,0.0,0.0,0
grid,HAPT,1,M2,late_product,100,shuffle_B,3162,1.8775463104248047e-05,4.2419291900917045e-09,0
grid,HAPT,1,M2,late_mean,100,reverse,3162,1.1920928955078125e-07,2.260058766882537e-09,0
grid,HAPT,1,M2,late_mean,100,shuffle_A,3162,0.0,0.0,0
grid,HAPT,1,M2,late_mean,100,shuffle_B,3162,1.1920928955078125e-07,1.1042214664109283e-09,0
grid,HAPT,1,M2,cpsa,100,reverse,3162,8.940696716308594e-07,4.326446540933603e-09,0
grid,HAPT,1,M2,cpsa,100,shuffle_A,3162,0.0,0.0,0
grid,HAPT,1,M2,cpsa,100,shuffle_B,3162,7.152557373046875e-07,4.529209862269116e-09,0
grid,HAPT,2,M1,late_product,1,reverse,3162,0.0,0.0,0
grid,HAPT,2,M1,late_product,1,shuffle_A,3162,0.0,0.0,0
grid,HAPT,2,M1,late_product,1,shuffle_B,3162,0.0,0.0,0
grid,HAPT,2,M1,late_mean,1,reverse,3162,0.0,0.0,0
grid,HAPT,2,M1,late_mean,1,shuffle_A,3162,0.0,0.0,0
grid,HAPT,2,M1,late_mean,1,shuffle_B,3162,0.0,0.0,0
grid,HAPT,2,M1,cpsa,1,reverse,3162,0.0,0.0,0
grid,HAPT,2,M1,cpsa,1,shuffle_A,3162,0.0,0.0,0
grid,HAPT,2,M1,cpsa,1,shuffle_B,3162,0.0,0.0,0
grid,HAPT,2,M1,late_product,2,reverse,3162,2.980232238769531e-07,5.383368448413658e-10,0
grid,HAPT,2,M1,late_product,2,shuffle_A,3162,2.980232238769531e-07,5.383368448413658e-10,0
grid,HAPT,2,M1,late_product,2,shuffle_B,3162,2.980232238769531e-07,5.383368448413658e-10,0
grid,HAPT,2,M1,late_mean,2,reverse,3162,5.960464477539063e-08,2.6776224808484387e-09,0
grid,HAPT,2,M1,late_mean,2,shuffle_A,3162,5.960464477539063e-08,2.6776224808484387e-09,0
grid,HAPT,2,M1,late_mean,2,shuffle_B,3162,5.960464477539063e-08,2.6776224808484387e-09,0
grid,HAPT,2,M1,cpsa,2,reverse,3162,1.7881393432617188e-07,2.2842104571986096e-09,0
grid,HAPT,2,M1,cpsa,2,shuffle_A,3162,1.7881393432617188e-07,2.2842104571986096e-09,0
grid,HAPT,2,M1,cpsa,2,shuffle_B,3162,1.7881393432617188e-07,2.2842104571986096e-09,0
grid,HAPT,2,M1,late_product,3,reverse,3162,4.172325134277344e-07,5.815890999031951e-10,0
grid,HAPT,2,M1,late_product,3,shuffle_A,3162,4.172325134277344e-07,5.815890999031951e-10,0
grid,HAPT,2,M1,late_product,3,shuffle_B,3162,4.172325134277344e-07,5.815890999031951e-10,0
grid,HAPT,2,M1,late_mean,3,reverse,3162,1.1920928955078125e-07,2.9692257579243386e-09,0
grid,HAPT,2,M1,late_mean,3,shuffle_A,3162,1.1920928955078125e-07,2.9692257579243386e-09,0
grid,HAPT,2,M1,late_mean,3,shuffle_B,3162,1.1920928955078125e-07,2.9692257579243386e-09,0
grid,HAPT,2,M1,cpsa,3,reverse,3162,2.384185791015625e-07,3.4190873465537476e-09,0
grid,HAPT,2,M1,cpsa,3,shuffle_A,3162,2.384185791015625e-07,3.4190873465537476e-09,0
grid,HAPT,2,M1,cpsa,3,shuffle_B,3162,2.384185791015625e-07,3.4190873465537476e-09,0
grid,HAPT,2,M1,late_product,5,reverse,3162,7.152557373046875e-07,6.530701652942382e-10,0
grid,HAPT,2,M1,late_product,5,shuffle_A,3162,4.76837158203125e-07,3.7711564490534916e-10,0
grid,HAPT,2,M1,late_product,5,shuffle_B,3162,7.152557373046875e-07,6.530701652942382e-10,0
grid,HAPT,2,M1,late_mean,5,reverse,3162,5.960464477539063e-08,1.891966909606519e-09,0
grid,HAPT,2,M1,late_mean,5,shuffle_A,3162,5.960464477539063e-08,8.665516661533716e-10,0
grid,HAPT,2,M1,late_mean,5,shuffle_B,3162,5.960464477539063e-08,1.878362616007296e-09,0
grid,HAPT,2,M1,cpsa,5,reverse,3162,2.384185791015625e-07,1.4973755845658079e-09,0
grid,HAPT,2,M1,cpsa,5,shuffle_A,3162,2.384185791015625e-07,1.3648940997996218e-09,0
grid,HAPT,2,M1,cpsa,5,shuffle_B,3162,2.384185791015625e-07,2.3812781154939057e-09,0
grid,HAPT,2,M1,late_product,8,reverse,3162,8.940696716308594e-07,7.009407253905371e-10,0
grid,HAPT,2,M1,late_product,8,shuffle_A,3162,0.0,0.0,0
grid,HAPT,2,M1,late_product,8,shuffle_B,3162,4.172325134277344e-07,3.0389209532051315e-10,0
grid,HAPT,2,M1,late_mean,8,reverse,3162,1.1920928955078125e-07,2.554854523407625e-09,0
grid,HAPT,2,M1,late_mean,8,shuffle_A,3162,0.0,0.0,0
grid,HAPT,2,M1,late_mean,8,shuffle_B,3162,5.960464477539063e-08,3.362472758387807e-10,0
grid,HAPT,2,M1,cpsa,8,reverse,3162,2.384185791015625e-07,1.116103910207525e-09,0
grid,HAPT,2,M1,cpsa,8,shuffle_A,3162,0.0,0.0,0
grid,HAPT,2,M1,cpsa,8,shuffle_B,3162,2.384185791015625e-07,2.7487345946043357e-09,0
grid,HAPT,2,M1,late_product,16,reverse,3162,1.2814998626708984e-06,6.996555622370145e-10,0
grid,HAPT,2,M1,late_product,16,shuffle_A,3162,1.2814998626708984e-06,2.8019469241322757e-10,0
grid,HAPT,2,M1,late_product,16,shuffle_B,3162,1.2814998626708984e-06,2.8019469241322757e-10,0
grid,HAPT,2,M1,late_mean,16,reverse,3162,1.1920928955078125e-07,2.172209308423769e-09,0
grid,HAPT,2,M1,late_mean,16,shuffle_A,3162,5.960464477539063e-08,3.6137666133832695e-10,0
grid,HAPT,2,M1,late_mean,16,shuffle_B,3162,5.960464477539063e-08,3.6137666133832695e-10,0
grid,HAPT,2,M1,cpsa,16,reverse,3162,2.384185791015625e-07,1.321706478558028e-09,0
grid,HAPT,2,M1,cpsa,16,shuffle_A,3162,2.384185791015625e-07,1.5481871045464108e-09,0
grid,HAPT,2,M1,cpsa,16,shuffle_B,3162,2.384185791015625e-07,1.5481871045464108e-09,0
grid,HAPT,2,M1,late_product,32,reverse,3162,2.4437904357910156e-06,9.53876660670762e-10,0
grid,HAPT,2,M1,late_product,32,shuffle_A,3162,2.4437904357910156e-06,9.850307098486031e-10,0
grid,HAPT,2,M1,late_product,32,shuffle_B,3162,2.4437904357910156e-06,9.53876660670762e-10,0
grid,HAPT,2,M1,late_mean,32,reverse,3162,1.1920928955078125e-07,2.352852929863127e-09,0
grid,HAPT,2,M1,late_mean,32,shuffle_A,3162,1.1920928955078125e-07,2.2413909176019354e-09,0
grid,HAPT,2,M1,late_mean,32,shuffle_B,3162,1.1920928955078125e-07,2.273909779546e-09,0
grid,HAPT,2,M1,cpsa,32,reverse,3162,4.172325134277344e-07,1.5030784768012618e-09,0
grid,HAPT,2,M1,cpsa,32,shuffle_A,3162,4.172325134277344e-07,2.6682324849898784e-09,0
grid,HAPT,2,M1,cpsa,32,shuffle_B,3162,4.172325134277344e-07,1.636064083667585e-09,0
grid,HAPT,2,M1,late_product,64,reverse,3162,2.9802322387695312e-06,5.509674849196505e-10,0
grid,HAPT,2,M1,late_product,64,shuffle_A,3162,5.960464477539062e-07,4.31976472288268e-11,0
grid,HAPT,2,M1,late_product,64,shuffle_B,3162,2.2351741790771484e-06,5.375530074129484e-10,0
grid,HAPT,2,M1,late_mean,64,reverse,3162,1.1920928955078125e-07,2.212697392890984e-09,0
grid,HAPT,2,M1,late_mean,64,shuffle_A,3162,1.1920928955078125e-07,1.3767209215524375e-10,0
grid,HAPT,2,M1,late_mean,64,shuffle_B,3162,1.1920928955078125e-07,2.0785111830220497e-09,0
grid,HAPT,2,M1,cpsa,64,reverse,3162,7.152557373046875e-07,1.7378734247643538e-09,0
grid,HAPT,2,M1,cpsa,64,shuffle_A,3162,7.152557373046875e-07,2.887205803872544e-09,0
grid,HAPT,2,M1,cpsa,64,shuffle_B,3162,7.152557373046875e-07,2.6835300487692973e-09,0
grid,HAPT,2,M1,late_product,100,reverse,3162,1.6093254089355469e-06,2.8409205824386415e-10,0
grid,HAPT,2,M1,late_product,100,shuffle_A,3162,1.9669532775878906e-06,3.718867688826456e-10,0
grid,HAPT,2,M1,late_product,100,shuffle_B,3162,1.9669532775878906e-06,2.4389820259959876e-10,0
grid,HAPT,2,M1,late_mean,100,reverse,3162,1.1920928955078125e-07,2.2948179329608556e-09,0
grid,HAPT,2,M1,late_mean,100,shuffle_A,3162,1.1920928955078125e-07,2.2187088179143135e-09,0
grid,HAPT,2,M1,late_mean,100,shuffle_B,3162,1.1920928955078125e-07,2.1993869803893783e-09,0
grid,HAPT,2,M1,cpsa,100,reverse,3162,8.344650268554688e-07,1.7860017682957007e-09,0
grid,HAPT,2,M1,cpsa,100,shuffle_A,3162,8.344650268554688e-07,3.0254629251315727e-09,0
grid,HAPT,2,M1,cpsa,100,shuffle_B,3162,7.152557373046875e-07,1.7762664242521245e-09,0
grid,HAPT,2,M2,late_product,1,reverse,3162,0.0,0.0,0
grid,HAPT,2,M2,late_product,1,shuffle_A,3162,0.0,0.0,0
grid,HAPT,2,M2,late_product,1,shuffle_B,3162,0.0,0.0,0
grid,HAPT,2,M2,late_mean,1,reverse,3162,0.0,0.0,0
grid,HAPT,2,M2,late_mean,1,shuffle_A,3162,0.0,0.0,0
grid,HAPT,2,M2,late_mean,1,shuffle_B,3162,0.0,0.0,0
grid,HAPT,2,M2,cpsa,1,reverse,3162,0.0,0.0,0
grid,HAPT,2,M2,cpsa,1,shuffle_A,3162,0.0,0.0,0
grid,HAPT,2,M2,cpsa,1,shuffle_B,3162,0.0,0.0,0
grid,HAPT,2,M2,late_product,2,reverse,3162,3.427267074584961e-07,6.846099452913652e-10,0
grid,HAPT,2,M2,late_product,2,shuffle_B,3162,3.427267074584961e-07,6.846099452913652e-10,0
grid,HAPT,2,M2,late_mean,2,reverse,3162,5.960464477539063e-08,2.462157753881635e-09,0
grid,HAPT,2,M2,late_mean,2,shuffle_B,3162,5.960464477539063e-08,1.5914341370909098e-09,0
grid,HAPT,2,M2,cpsa,2,reverse,3162,2.384185791015625e-07,2.7944515657910372e-09,0
grid,HAPT,2,M2,cpsa,2,shuffle_B,3162,2.384185791015625e-07,2.7944515657910372e-09,0
grid,HAPT,2,M2,late_product,3,reverse,3162,7.152557373046875e-07,1.3098059568143373e-09,0
grid,HAPT,2,M2,late_product,3,shuffle_A,3162,7.152557373046875e-07,1.3098059568143373e-09,0
grid,HAPT,2,M2,late_product,3,shuffle_B,3162,0.0,0.0,0
grid,HAPT,2,M2,late_mean,3,reverse,3162,1.1920928955078125e-07,2.967332003964546e-09,0
grid,HAPT,2,M2,late_mean,3,shuffle_A,3162,1.1920928955078125e-07,2.967332003964546e-09,0
grid,HAPT,2,M2,late_mean,3,shuffle_B,3162,0.0,0.0,0
grid,HAPT,2,M2,cpsa,3,reverse,3162,2.384185791015625e-07,4.114978608389928e-09,0
grid,HAPT,2,M2,cpsa,3,shuffle_A,3162,2.384185791015625e-07,4.114978608389928e-09,0
grid,HAPT,2,M2,cpsa,3,shuffle_B,3162,0.0,0.0,0
grid,HAPT,2,M2,late_product,5,reverse,3162,9.834766387939453e-07,1.6075679591058881e-09,0
grid,HAPT,2,M2,late_product,5,shuffle_A,3162,0.0,0.0,0
grid,HAPT,2,M2,late_product,5,shuffle_B,3162,7.152557373046875e-07,1.2446455729723906e-09,0
grid,HAPT,2,M2,late_mean,5,reverse,3162,5.960464477539063e-08,2.1800143821195807e-09,0
grid,HAPT,2,M2,late_mean,5,shuffle_A,3162,0.0,0.0,0
grid,HAPT,2,M2,late_mean,5,shuffle_B,3162,1.1920928955078125e-07,2.0426858363023387e-09,0
grid,HAPT,2,M2,cpsa,5,reverse,3162,2.980232238769531e-07,2.443493302539822e-09,0
grid,HAPT,2,M2,cpsa,5,shuffle_A,3162,0.0,0.0,0
grid,HAPT,2,M2,cpsa,5,shuffle_B,3162,2.980232238769531e-07,3.385086686344375e-09,0
grid,HAPT,2,M2,late_product,8,reverse,3162,9.5367431640625e-07,2.101162167866934e-09,0
grid,HAPT,2,M2,late_product,8,shuffle_A,3162,0.0,0.0,0
grid,HAPT,2,M2,late_product,8,shuffle_B,3162,9.5367431640625e-07,1.7756227702486232e-09,0
grid,HAPT,2,M2,late_mean,8,reverse,3162,1.1920928955078125e-07,2.696764655708837e-09,0
grid,HAPT,2,M2,late_mean,8,shuffle_A,3162,0.0,0.0,0
grid,HAPT,2,M2,late_mean,8,shuffle_B,3162,1.1920928955078125e-07,2.1851796797190236e-09,0
grid,HAPT,2,M2,cpsa,8,reverse,3162,3.5762786865234375e-07,2.6333882382301637e-09,0
grid,HAPT,2,M2,cpsa,8,shuffle_A,3162,0.0,0.0,0
grid,HAPT,2,M2,cpsa,8,shuffle_B,3162,2.980232238769531e-07,4.092997642802974e-09,0
grid,HAPT,2,M2,late_product,16,reverse,3162,4.231929779052734e-06,3.0616033378664483e-09,0
grid,HAPT,2,M2,late_product,16,shuffle_A,3162,9.834766387939453e-07,1.2422380179625662e-09,0
grid,HAPT,2,M2,late_product,16,shuffle_B,3162,2.8014183044433594e-06,2.7459220594437455e-09,0
grid,HAPT,2,M2,late_mean,16,reverse,3162,1.1920928955078125e-07,2.4161195646740037e-09,0
grid,HAPT,2,M2,late_mean,16,shuffle_A,3162,1.1920928955078125e-07,7.132599726445562e-10,0
grid,HAPT,2,M2,late_mean,16,shuffle_B,3162,1.1920928955078125e-07,2.3049539784766736e-09,0
grid,HAPT,2,M2,cpsa,16,reverse,3162,2.980232238769531e-07,3.0737342391626043e-09,0
grid,HAPT,2,M2,cpsa,16,shuffle_A,3162,2.980232238769531e-07,3.2041814396029175e-09,0
grid,HAPT,2,M2,cpsa,16,shuffle_B,3162,2.384185791015625e-07,2.907078668182023e-09,0
grid,HAPT,2,M2,late_product,32,reverse,3162,3.933906555175781e-06,3.597941857727513e-09,0
grid,HAPT,2,M2,late_product,32,shuffle_A,3162,3.933906555175781e-06,3.1775383894532314e-09,0
grid,HAPT,2,M2,late_product,32,shuffle_B,3162,0.0,0.0,0
grid,HAPT,2,M2,late_mean,32,reverse,3162,1.1920928955078125e-07,2.4412510771015284e-09,0
grid,HAPT,2,M2,late_mean,32,shuffle_A,3162,1.1920928955078125e-07,2.4067288676336784e-09,0
grid,HAPT,2,M2,late_mean,32,shuffle_B,3162,0.0,0.0,0
grid,HAPT,2,M2,cpsa,32,reverse,3162,4.172325134277344e-07,4.21594759813878e-09,0
grid,HAPT,2,M2,cpsa,32,shuffle_A,3162,4.172325134277344e-07,4.483199193818149e-09,0
grid,HAPT,2,M2,cpsa,32,shuffle_B,3162,0.0,0.0,0
grid,HAPT,2,M2,late_product,64,reverse,3162,1.2755393981933594e-05,3.745731827825308e-09,0
grid,HAPT,2,M2,late_product,64,shuffle_A,3162,3.814697265625e-06,7.78942999250895e-10,0
grid,HAPT,2,M2,late_product,64,shuffle_B,3162,1.4603137969970703e-05,3.91079211270729e-09,0
grid,HAPT,2,M2,late_mean,64,reverse,3162,1.1920928955078125e-07,2.3977828644886074e-09,0
grid,HAPT,2,M2,late_mean,64,shuffle_A,3162,1.1920928955078125e-07,4.747927026558173e-10,0
grid,HAPT,2,M2,late_mean,64,shuffle_B,3162,1.1920928955078125e-07,2.3405336801884535e-09,0
grid,HAPT,2,M2,cpsa,64,reverse,3162,7.152557373046875e-07,4.755254412578316e-09,0
grid,HAPT,2,M2,cpsa,64,shuffle_A,3162,7.152557373046875e-07,4.855360320681092e-09,0
grid,HAPT,2,M2,cpsa,64,shuffle_B,3162,7.152557373046875e-07,4.679720742458671e-09,0
grid,HAPT,2,M2,late_product,100,reverse,3162,1.9818544387817383e-05,4.800510484200336e-09,0
grid,HAPT,2,M2,late_product,100,shuffle_A,3162,0.0,0.0,0
grid,HAPT,2,M2,late_product,100,shuffle_B,3162,2.524256706237793e-05,4.996505254901184e-09,0
grid,HAPT,2,M2,late_mean,100,reverse,3162,1.1920928955078125e-07,2.4105221781749962e-09,0
grid,HAPT,2,M2,late_mean,100,shuffle_A,3162,0.0,0.0,0
grid,HAPT,2,M2,late_mean,100,shuffle_B,3162,1.1920928955078125e-07,1.182637758540265e-09,0
grid,HAPT,2,M2,cpsa,100,reverse,3162,8.940696716308594e-07,5.110038201177048e-09,0
grid,HAPT,2,M2,cpsa,100,shuffle_A,3162,0.0,0.0,0
grid,HAPT,2,M2,cpsa,100,shuffle_B,3162,7.748603820800781e-07,5.296249281363379e-09,0
