seed,source,k,operator,subject,n,accuracy,nll,brier,confidence,prediction_flip_rate,mean_l1_to_k1
0,M1,1,late_product,8,654,0.65443425076452599,3.2893681526184082,0.62416386604309082,0.95034456253051758,0,0
0,M1,1,late_product,9,671,0.99552906110283157,0.011636955663561821,0.0072022848762571812,0.99554252624511719,0,0
0,M1,1,late_product,10,662,0.97432024169184295,0.088893495500087738,0.044376399368047714,0.98867207765579224,0,0
0,M1,2,late_product,8,654,0.64984709480122327,5.4708032608032227,0.65837860107421875,0.96787220239639282,0.045871559633027525,0.10326805710792542
0,M1,2,late_product,9,671,0.99552906110283157,0.013742614537477493,0.0068440204486250877,0.99715733528137207,0,0.004111842717975378
0,M1,2,late_product,10,662,0.90181268882175225,0.56614434719085693,0.17748609185218811,0.98901772499084473,0.075528700906344406,0.1406361311674118
0,M1,3,late_product,8,654,0.64220183486238536,6.3371281623840332,0.68297123908996582,0.97779524326324463,0.070336391437308868,0.15877017378807068
0,M1,3,late_product,9,671,0.99701937406855434,0.017669126391410828,0.0065876157023012638,0.99765175580978394,0.0014903129657228018,0.0055384943261742592
0,M1,3,late_product,10,662,0.88519637462235645,1.3123189210891724,0.22176815569400787,0.9954979419708252,0.092145015105740177,0.17622193694114685
0,M1,5,late_product,8,654,0.61467889908256879,7.9552273750305176,0.75703209638595581,0.98439210653305054,0.11467889908256881,0.25140106678009033
0,M1,5,late_product,9,671,0.99701937406855434,0.026578083634376526,0.006147902924567461,0.99829757213592529,0.0014903129657228018,0.0071465154178440571
0,M1,5,late_product,10,662,0.8761329305135952,2.6248607635498047,0.2430008202791214,0.99820065498352051,0.10120845921450151,0.19365330040454865
0,M1,8,late_product,8,654,0.55963302752293576,9.8625392913818359,0.86577510833740234,0.99003559350967407,0.15443425076452599,0.32884061336517334
0,M1,8,late_product,9,671,0.99552906110283157,0.05131322517991066,0.010140225291252136,0.99734526872634888,0.0029806259314456036,0.014016113243997097
0,M1,8,late_product,10,662,0.86706948640483383,3.158109188079834,0.25878480076789856,0.99618327617645264,0.11027190332326284,0.21199347078800201
0,M1,16,late_product,8,654,0.53669724770642202,11.775053024291992,0.9206356406211853,0.99449318647384644,0.18195718654434251,0.38277027010917664
0,M1,16,late_product,9,671,0.98658718330849482,0.20679792761802673,0.024103451520204544,0.99719095230102539,0.011922503725782414,0.029800411313772202
0,M1,16,late_product,10,662,0.8534743202416919,3.6451928615570068,0.29038441181182861,0.99802625179290771,0.12386706948640483,0.24115206301212311
0,M1,32,late_product,8,654,0.52752293577981646,12.655975341796875,0.94429832696914673,0.99660909175872803,0.19113149847094801,0.40552428364753723
0,M1,32,late_product,9,671,0.97168405365126675,0.50197780132293701,0.055718027055263519,0.99720150232315063,0.026825633383010434,0.062066745012998581
0,M1,32,late_product,10,662,0.84592145015105735,4.060575008392334,0.30691432952880859,0.99864894151687622,0.13141993957703926,0.25684276223182678
0,M1,64,late_product,8,654,0.51376146788990829,13.060651779174805,0.96980768442153931,0.99822127819061279,0.20642201834862386,0.43140619993209839
0,M1,64,late_product,9,671,0.95976154992548435,0.87709426879882812,0.079939708113670349,0.99613958597183228,0.038748137108792845,0.087791025638580322
0,M1,64,late_product,10,662,0.83836858006042292,4.3064603805541992,0.32294636964797974,0.99941742420196533,0.13897280966767372,0.27197912335395813
0,M1,100,late_product,8,654,0.5107033639143731,13.206337928771973,0.97797751426696777,0.99901866912841797,0.21100917431192662,0.44033324718475342
0,M1,100,late_product,9,671,0.94932935916542471,1.0407129526138306,0.098977275192737579,0.99614179134368896,0.049180327868852458,0.10680530220270157
0,M1,100,late_product,10,662,0.83383685800604235,4.4289398193359375,0.33060982823371887,0.99918919801712036,0.14350453172205438,0.2800498902797699
0,M2,1,late_product,8,654,0.65443425076452599,3.2893681526184082,0.62416386604309082,0.95034456253051758,0,0
0,M2,1,late_product,9,671,0.99552906110283157,0.011636955663561821,0.0072022848762571812,0.99554252624511719,0,0
0,M2,1,late_product,10,662,0.97432024169184295,0.088893495500087738,0.044376399368047714,0.98867207765579224,0,0
0,M2,2,late_product,8,654,0.63149847094801226,5.02899169921875,0.70286816358566284,0.97326838970184326,0.099388379204892963,0.19862204790115356
0,M2,2,late_product,9,671,0.87183308494783907,0.82038217782974243,0.21113972365856171,0.95987504720687866,0.13263785394932937,0.25822615623474121
0,M2,2,late_product,10,662,0.99546827794561932,0.012336910702288151,0.0071427812799811363,0.99786746501922607,0.021148036253776436,0.051331199705600739
0,M2,3,late_product,8,654,0.55351681957186549,7.7814955711364746,0.88158869743347168,0.99169743061065674,0.20183486238532111,0.40085306763648987
0,M2,3,late_product,9,671,0.82712369597615498,2.6597051620483398,0.33886149525642395,0.99795371294021606,0.17734724292101342,0.34996670484542847
0,M2,3,late_product,10,662,0.99848942598187307,0.010560787282884121,0.0040377783589065075,0.99707859754562378,0.024169184290030211,0.06025555357336998
0,M2,5,late_product,8,654,0.49235474006116209,12.062859535217285,1.0102416276931763,0.99679124355316162,0.27370030581039756,0.54870295524597168
0,M2,5,late_product,9,671,0.82712369597615498,3.3883612155914307,0.34575030207633972,0.99999183416366577,0.17734724292101342,0.35404291749000549
0,M2,5,late_product,10,662,0.9154078549848943,0.71127128601074219,0.16552455723285675,0.99893641471862793,0.10725075528700906,0.2211514413356781
0,M2,8,late_product,8,654,0.49388379204892968,13.537227630615234,0.98427045345306396,0.97762221097946167,0.31039755351681958,0.62884354591369629
0,M2,8,late_product,9,671,0.82712369597615498,4.4762744903564453,0.34575259685516357,0.99999988079071045,0.17734724292101342,0.35405915975570679
0,M2,8,late_product,10,662,0.9154078549848943,2.2540907859802246,0.16848520934581757,0.99978166818618774,0.10725075528700906,0.22295898199081421
0,M2,16,late_product,8,654,0.49082568807339449,13.940299987792969,0.99164247512817383,0.98046928644180298,0.38532110091743121,0.78191322088241577
0,M2,16,late_product,9,671,0.82265275707898655,4.829984188079834,0.35465529561042786,0.99997961521148682,0.18181818181818182,0.36300209164619446
0,M2,16,late_product,10,662,0.91389728096676737,2.303302526473999,0.17219510674476624,0.99997484683990479,0.10876132930513595,0.22633112967014313
0,M2,32,late_product,8,654,0.4892966360856269,14.033036231994629,1.0192934274673462,0.99862325191497803,0.46788990825688076,0.92563474178314209
0,M2,32,late_product,9,671,0.81222056631892703,5.0601973533630371,0.37566173076629639,0.99903106689453125,0.19225037257824143,0.38338151574134827
0,M2,32,late_product,10,662,0.91238670694864044,2.3748087882995605,0.17532233893871307,0.99973022937774658,0.11027190332326284,0.22985300421714783
0,M2,64,late_product,8,654,0.4892966360856269,14.057801246643066,1.0214042663574219,0.99990600347518921,0.46788990825688076,0.92796170711517334
0,M2,64,late_product,9,671,0.80029806259314451,5.3545832633972168,0.39378783106803894,0.99791818857192993,0.20268256333830104,0.40116134285926819
0,M2,64,late_product,10,662,0.91087613293051362,2.4460737705230713,0.17824773490428925,1,0.11178247734138973,0.23233529925346375
0,M2,100,late_product,8,654,0.48776758409785931,14.09584903717041,1.0244513750076294,0.99999666213989258,0.4694189602446483,0.93084251880645752
0,M2,100,late_product,9,671,0.79582712369597619,5.5380454063415527,0.40602874755859375,0.99903541803359985,0.20715350223546944,0.41083738207817078
0,M2,100,late_product,10,662,0.91087613293051362,2.4625833034515381,0.17824773490428925,1,0.11178247734138973,0.23233529925346375
0,M3,1,late_product,8,654,0.65443425076452599,3.2893681526184082,0.62416386604309082,0.95034456253051758,0,0
0,M3,1,late_product,9,671,0.99552906110283157,0.011636955663561821,0.0072022848762571812,0.99554252624511719,0,0
0,M3,1,late_product,10,662,0.97432024169184295,0.088893495500087738,0.044376399368047714,0.98867207765579224,0,0
0,M3,2,late_product,8,654,0.74770642201834858,3.5518383979797363,0.477772057056427,0.98082834482192993,0.15749235474006115,0.30026236176490784
0,M3,2,late_product,9,671,0.98658718330849482,0.03622930496931076,0.019629115238785744,0.99757832288742065,0.0089418777943368107,0.014557700604200363
0,M3,2,late_product,10,662,0.97280966767371602,0.17397494614124298,0.057648450136184692,0.96810436248779297,0.0015105740181268882,0.057541526854038239
0,M3,3,late_product,8,654,0.74006116207951067,4.0169668197631836,0.49761402606964111,0.98501682281494141,0.16972477064220184,0.3356361985206604
0,M3,3,late_product,9,671,0.98360655737704916,0.080849654972553253,0.030452392995357513,0.99771088361740112,0.011922503725782414,0.025506274774670601
0,M3,3,late_product,10,662,0.8761329305135952,0.87827026844024658,0.23302309215068817,0.98971438407897949,0.10422960725075529,0.21301792562007904
0,M3,5,late_product,8,654,0.73547400611620795,4.3736681938171387,0.4825206995010376,0.96771204471588135,0.26299694189602446,0.52691167593002319
0,M3,5,late_product,9,671,0.97019374068554398,0.23514486849308014,0.054956573992967606,0.99690550565719604,0.02533532041728763,0.051128733903169632
0,M3,5,late_product,10,662,0.85800604229607247,2.6319336891174316,0.26352259516716003,0.98665302991867065,0.13595166163141995,0.26784029603004456
0,M3,8,late_product,8,654,0.75229357798165142,5.6914687156677246,0.4812508225440979,0.98536986112594604,0.37155963302752293,0.72579354047775269
0,M3,8,late_product,9,671,0.95827123695976157,0.57450753450393677,0.078904017806053162,0.99698042869567871,0.037257824143070044,0.074531532824039459
0,M3,8,late_product,10,662,0.82779456193353473,3.8052918910980225,0.33640936017036438,0.99541592597961426,0.17371601208459214,0.3489564061164856
0,M3,16,late_product,8,654,0.74006116207951067,6.8203234672546387,0.51220422983169556,0.99492901563644409,0.41743119266055045,0.821510910987854
0,M3,16,late_product,9,671,0.94932935916542471,1.131087064743042,0.099555820226669312,0.99851661920547485,0.046199701937406856,0.093096815049648285
0,M3,16,late_product,10,662,0.80211480362537768,4.9515199661254883,0.39406546950340271,0.99699270725250244,0.19788519637462235,0.39828932285308838
0,M3,32,late_product,8,654,0.73241590214067276,7.1394500732421875,0.53155124187469482,0.99687665700912476,0.44495412844036697,0.88458418846130371
0,M3,32,late_product,9,671,0.94336810730253351,1.4204280376434326,0.11262427270412445,0.99947917461395264,0.05216095380029806,0.1052701473236084
0,M3,32,late_product,10,662,0.77945619335347427,5.7425179481506348,0.43901610374450684,0.9981544017791748,0.22054380664652568,0.44195851683616638
0,M3,64,late_product,8,654,0.6834862385321101,7.7042784690856934,0.62589317560195923,0.996421217918396,0.5,0.99140000343322754
0,M3,64,late_product,9,671,0.93293591654247388,1.6500803232192993,0.13373455405235291,0.99989867210388184,0.06259314456035768,0.12562492489814758
0,M3,64,late_product,10,662,0.77039274924471302,6.2374420166015625,0.45791885256767273,0.99904590845108032,0.22960725075528701,0.4595298171043396
0,M3,100,late_product,8,654,0.63761467889908252,8.9614696502685547,0.71591281890869141,0.99488312005996704,0.54892966360856266,1.0880396366119385
0,M3,100,late_product,9,671,0.93293591654247388,1.8008514642715454,0.13398568332195282,0.99946880340576172,0.06259314456035768,0.12654353678226471
0,M3,100,late_product,10,662,0.76586102719033233,6.3954310417175293,0.46817126870155334,0.99994027614593506,0.23413897280966767,0.46857425570487976
0,M1,1,late_mean,8,654,0.63761467889908252,1.0085262060165405,0.4558599591255188,0.61327564716339111,0,0
0,M1,1,late_mean,9,671,0.9940387481371088,0.21142426133155823,0.10559449344873428,0.83886265754699707,0,0
0,M1,1,late_mean,10,662,0.98036253776435045,0.29489675164222717,0.14266905188560486,0.7802768349647522,0,0
0,M1,2,late_mean,8,654,0.53975535168195721,1.0982893705368042,0.5178486704826355,0.68217635154724121,0.11773700305810397,0.17518018186092377
0,M1,2,late_mean,9,671,0.99105812220566314,0.19789771735668182,0.09779764711856842,0.84650802612304688,0.0089418777943368107,0.060089737176895142
0,M1,2,late_mean,10,662,0.87160120845921452,0.32901808619499207,0.16742289066314697,0.79292041063308716,0.10876132930513595,0.11568965017795563
0,M1,3,late_mean,8,654,0.52446483180428138,1.1734408140182495,0.57102423906326294,0.72811436653137207,0.13608562691131498,0.28028830885887146
0,M1,3,late_mean,9,671,0.98360655737704916,0.19265884160995483,0.09716372936964035,0.85207861661911011,0.016393442622950821,0.096143580973148346
0,M1,3,late_mean,10,662,0.85649546827794565,0.35770979523658752,0.19146028161048889,0.80566573143005371,0.12386706948640483,0.18510344624519348
0,M1,5,late_mean,8,654,0.5214067278287462,1.29071044921875,0.64647394418716431,0.78169667720794678,0.13914373088685014,0.40041181445121765
0,M1,5,late_mean,9,671,0.97466467958271241,0.1891200840473175,0.10015330463647842,0.8601454496383667,0.02533532041728763,0.1373479813337326
0,M1,5,late_mean,10,662,0.84592145015105735,0.40226668119430542,0.22736687958240509,0.82179737091064453,0.13595166163141995,0.26443347334861755
0,M1,8,late_mean,8,654,0.51681957186544347,1.4164156913757324,0.71333551406860352,0.82208120822906494,0.14220183486238533,0.49050450325012207
0,M1,8,late_mean,9,671,0.96274217585693,0.18826994299888611,0.10499533265829086,0.86708164215087891,0.037257824143070044,0.16825126111507416
0,M1,8,late_mean,10,662,0.84138972809667678,0.44950708746910095,0.26020151376724243,0.83491021394729614,0.1404833836858006,0.32393103837966919
0,M1,16,late_mean,8,654,0.51223241590214064,1.6200911998748779,0.79197537899017334,0.86425071954727173,0.14984709480122324,0.58393394947052002
0,M1,16,late_mean,9,671,0.95380029806259314,0.18933267891407013,0.11237045377492905,0.87504583597183228,0.046199701937406856,0.20029909908771515
0,M1,16,late_mean,10,662,0.8368580060422961,0.52500146627426147,0.29959806799888611,0.848926842212677,0.14652567975830816,0.38563218712806702
0,M1,32,late_mean,8,654,0.50458715596330272,1.8291189670562744,0.84265816211700439,0.88928878307342529,0.15749235474006115,0.63889241218566895
0,M1,32,late_mean,9,671,0.94038748137108796,0.19117547571659088,0.11782825738191605,0.88011687994003296,0.059612518628912071,0.21915082633495331
0,M1,32,late_mean,10,662,0.82930513595166166,0.60194331407546997,0.32531508803367615,0.85753446817398071,0.15407854984894259,0.42192694544792175
0,M1,64,late_mean,8,654,0.50305810397553519,2.0293538570404053,0.87168467044830322,0.90305078029632568,0.15902140672782875,0.66886979341506958
0,M1,64,late_mean,9,671,0.93591654247391953,0.1927143931388855,0.12115476280450821,0.8829914927482605,0.064083457526080481,0.2294335663318634
0,M1,64,late_mean,10,662,0.82930513595166166,0.67637383937835693,0.34013637900352478,0.8623548150062561,0.15407854984894259,0.44172415137290955
0,M1,100,late_mean,8,654,0.50305810397553519,2.1492393016815186,0.88282108306884766,0.90821266174316406,0.15902140672782875,0.68011122941970825
0,M1,100,late_mean,9,671,0.93442622950819676,0.19341938197612762,0.12246580421924591,0.88409817218780518,0.065573770491803282,0.23328946530818939
0,M1,100,late_mean,10,662,0.82175226586102723,0.72183871269226074,0.34583884477615356,0.864188551902771,0.16163141993957703,0.44914799928665161
0,M2,1,late_mean,8,654,0.63761467889908252,1.0085262060165405,0.4558599591255188,0.61327564716339111,0,0
0,M2,1,late_mean,9,671,0.9940387481371088,0.21142426133155823,0.10559449344873428,0.83886265754699707,0,0
0,M2,1,late_mean,10,662,0.98036253776435045,0.29489675164222717,0.14266905188560486,0.7802768349647522,0,0
0,M2,2,late_mean,8,654,0.51834862385321101,1.0536737442016602,0.50867104530334473,0.64960545301437378,0.327217125382263,0.20279042422771454
0,M2,2,late_mean,9,671,0.88971684053651268,0.26850533485412598,0.15204416215419769,0.81451934576034546,0.11028315946348734,0.086115367710590363
0,M2,2,late_mean,10,662,0.95317220543806647,0.25882095098495483,0.12016294151544571,0.80794429779052734,0.054380664652567974,0.11333400011062622
0,M2,3,late_mean,8,654,0.49235474006116209,1.1123677492141724,0.56186318397521973,0.70291298627853394,0.44189602446483178,0.32446464896202087
0,M2,3,late_mean,9,671,0.80923994038748137,0.31246843934059143,0.18798790872097015,0.8249276876449585,0.19076005961251863,0.13778458535671234
0,M2,3,late_mean,10,662,0.91389728096676737,0.2478896826505661,0.11595963686704636,0.83214724063873291,0.093655589123867067,0.18133440613746643
0,M2,5,late_mean,8,654,0.49082568807339449,1.2197198867797852,0.64240396022796631,0.77007901668548584,0.44954128440366975,0.46352094411849976
0,M2,5,late_mean,9,671,0.80476900149031294,0.37771016359329224,0.23648123443126678,0.83803743124008179,0.19821162444113263,0.19683513045310974
0,M2,5,late_mean,10,662,0.91238670694864044,0.2461080402135849,0.11969701945781708,0.86244595050811768,0.095166163141993956,0.25904914736747742
0,M2,8,late_mean,8,654,0.49082568807339449,1.3468016386032104,0.71663451194763184,0.82055926322937012,0.44954128440366975,0.56781315803527832
0,M2,8,late_mean,9,671,0.79880774962742174,0.44512298703193665,0.27804163098335266,0.84852075576782227,0.20417287630402384,0.2411230206489563
0,M2,8,late_mean,10,662,0.91087613293051362,0.25552642345428467,0.12847886979579926,0.8853754997253418,0.096676737160120846,0.31733518838882446
0,M2,16,late_mean,8,654,0.48776758409785931,1.5697073936462402,0.80613070726394653,0.8730623722076416,0.45259938837920488,0.67596811056137085
0,M2,16,late_mean,9,671,0.79135618479880776,0.55172938108444214,0.32584041357040405,0.86004447937011719,0.21162444113263784,0.28705126047134399
0,M2,16,late_mean,10,662,0.91087613293051362,0.28471139073371887,0.14299888908863068,0.90928840637207031,0.096676737160120846,0.37777999043464661
0,M2,32,late_mean,8,654,0.48776758409785931,1.8167082071304321,0.86472856998443604,0.90396314859390259,0.45259938837920488,0.73958861827850342
0,M2,32,late_mean,9,671,0.7883755588673621,0.66009128093719482,0.35619232058525085,0.86698973178863525,0.21460506706408347,0.31406784057617188
0,M2,32,late_mean,10,662,0.91087613293051362,0.32608705759048462,0.15411458909511566,0.92335480451583862,0.096676737160120846,0.41333574056625366
0,M2,64,late_mean,8,654,0.48776758409785931,2.072230339050293,0.89854967594146729,0.92081809043884277,0.45259938837920488,0.77429056167602539
0,M2,64,late_mean,9,671,0.78688524590163933,0.76421636343002319,0.37344571948051453,0.87081307172775269,0.21609538002980627,0.32880401611328125
0,M2,64,late_mean,10,662,0.91087613293051362,0.3742402195930481,0.16098147630691528,0.93102735280990601,0.096676737160120846,0.4327298104763031
0,M2,100,late_mean,8,654,0.48776758409785931,2.2364010810852051,0.91157090663909912,0.92713898420333862,0.45259938837920488,0.78730404376983643
0,M2,100,late_mean,9,671,0.78688524590163933,0.82696586847305298,0.38004276156425476,0.87225186824798584,0.21609538002980627,0.33433037996292114
0,M2,100,late_mean,10,662,0.91087613293051362,0.40709933638572693,0.16370286047458649,0.93390446901321411,0.096676737160120846,0.44000259041786194
0,M3,1,late_mean,8,654,0.63761467889908252,1.0085262060165405,0.4558599591255188,0.61327564716339111,0,0
0,M3,1,late_mean,9,671,0.9940387481371088,0.21142426133155823,0.10559449344873428,0.83886265754699707,0,0
0,M3,1,late_mean,10,662,0.98036253776435045,0.29489675164222717,0.14266905188560486,0.7802768349647522,0,0
0,M3,2,late_mean,8,654,0.75688073394495414,0.95460927486419678,0.40399724245071411,0.63626366853713989,0.38685015290519875,0.21889498829841614
0,M3,2,late_mean,9,671,0.96274217585693,0.18376646935939789,0.085982330143451691,0.86380630731582642,0.03129657228017884,0.080790780484676361
0,M3,2,late_mean,10,662,0.82175226586102723,0.32724830508232117,0.1725119948387146,0.7830689549446106,0.1782477341389728,0.12868884205818176
0,M3,3,late_mean,8,654,0.74159021406727832,0.94913744926452637,0.39581158757209778,0.67471450567245483,0.43425076452599387,0.35023197531700134
0,M3,3,late_mean,9,671,0.94932935916542471,0.17185831069946289,0.080375947058200836,0.88234204053878784,0.044709388971684055,0.12926524877548218
0,M3,3,late_mean,10,662,0.80211480362537768,0.35907664895057678,0.20273932814598083,0.80704140663146973,0.20241691842900303,0.20590214431285858
0,M3,5,late_mean,8,654,0.73547400611620795,0.96873915195465088,0.40751653909683228,0.72427874803543091,0.46177370030581039,0.50033140182495117
0,M3,5,late_mean,9,671,0.93889716840536508,0.16295880079269409,0.079626642167568207,0.90483957529067993,0.055141579731743669,0.18466463685035706
0,M3,5,late_mean,10,662,0.77945619335347427,0.41255477070808411,0.24860057234764099,0.83785724639892578,0.22507552870090636,0.29414591193199158
0,M3,8,late_mean,8,654,0.6834862385321101,1.0083783864974976,0.43103718757629395,0.76557427644729614,0.51987767584097855,0.61290597915649414
0,M3,8,late_mean,9,671,0.93591654247391953,0.1604790985584259,0.083025261759757996,0.92225837707519531,0.058122205663189271,0.22621418535709381
0,M3,8,late_mean,10,662,0.77039274924471302,0.47266504168510437,0.29091751575469971,0.86278760433197021,0.23413897280966767,0.36032873392105103
0,M3,16,late_mean,8,654,0.6330275229357798,1.0920994281768799,0.46877557039260864,0.81528449058532715,0.57492354740061158,0.72965002059936523
0,M3,16,late_mean,9,671,0.9314456035767511,0.16387873888015747,0.090135455131530762,0.94064527750015259,0.06259314456035768,0.2693026065826416
0,M3,16,late_mean,10,662,0.76586102719033233,0.57353740930557251,0.34197303652763367,0.88942718505859375,0.23867069486404835,0.4289628267288208
0,M3,32,late_mean,8,654,0.63149847094801226,1.1911282539367676,0.497322678565979,0.84603303670883179,0.57951070336391441,0.79832285642623901
0,M3,32,late_mean,9,671,0.92846497764530556,0.17115065455436707,0.096023380756378174,0.95166271924972534,0.065573770491803282,0.29464876651763916
0,M3,32,late_mean,10,662,0.75981873111782472,0.68056464195251465,0.37541651725769043,0.90529859066009521,0.24471299093655588,0.46933579444885254
0,M3,64,late_mean,8,654,0.63149847094801226,1.2939221858978271,0.51487571001052856,0.86287117004394531,0.58103975535168195,0.83578091859817505
0,M3,64,late_mean,9,671,0.92846497764530556,0.17855814099311829,0.099767431616783142,0.95767945051193237,0.065573770491803282,0.30847379565238953
0,M3,64,late_mean,10,662,0.75981873111782472,0.78713870048522949,0.39472329616546631,0.91408538818359375,0.24471299093655588,0.49135735630989075
0,M3,100,late_mean,8,654,0.63149847094801226,1.3587508201599121,0.52181875705718994,0.86919963359832764,0.58103975535168195,0.84982764720916748
0,M3,100,late_mean,9,671,0.92846497764530556,0.18250435590744019,0.10126836597919464,0.95993602275848389,0.065573770491803282,0.31365841627120972
0,M3,100,late_mean,10,662,0.75981873111782472,0.85363781452178955,0.40215709805488586,0.91738033294677734,0.24471299093655588,0.49961543083190918
0,M1,1,cpsa,8,654,0.76299694189602452,0.93801093101501465,0.41979244351387024,0.72075164318084717,0,0
0,M1,1,cpsa,9,671,0.97466467958271241,0.20865027606487274,0.10900451242923737,0.84378290176391602,0,0
0,M1,1,cpsa,10,662,0.89425981873111782,0.25568586587905884,0.12817411124706268,0.81762140989303589,0,0
0,M1,2,cpsa,8,654,0.54587155963302747,1.1493171453475952,0.56420737504959106,0.76551783084869385,0.23088685015290519,0.23982523381710052
0,M1,2,cpsa,9,671,0.96870342771982121,0.18414340913295746,0.092538498342037201,0.86219370365142822,0.013412816691505217,0.098889417946338654
0,M1,2,cpsa,10,662,0.86404833836858008,0.33965516090393066,0.19035470485687256,0.85087674856185913,0.033232628398791542,0.15711133182048798
0,M1,3,cpsa,8,654,0.52905198776758411,1.3247561454772949,0.66334825754165649,0.8172038197517395,0.25076452599388377,0.36246883869171143
0,M1,3,cpsa,9,671,0.96870342771982121,0.18085396289825439,0.09553363174200058,0.87087482213973999,0.019374068554396422,0.1489415168762207
0,M1,3,cpsa,10,662,0.85649546827794565,0.41473355889320374,0.23374450206756592,0.86207205057144165,0.040785498489425982,0.23939476907253265
0,M1,5,cpsa,8,654,0.52599388379204892,1.5703251361846924,0.76694422960281372,0.86349701881408691,0.25688073394495414,0.47192731499671936
0,M1,5,cpsa,9,671,0.9567809239940388,0.18305453658103943,0.10421871393918991,0.87755066156387329,0.03129657228017884,0.19341877102851868
0,M1,5,cpsa,10,662,0.84894259818731121,0.51968437433242798,0.2791517972946167,0.86696153879165649,0.051359516616314202,0.31826025247573853
0,M1,8,cpsa,8,654,0.51987767584097855,1.7888948917388916,0.82673090696334839,0.88781404495239258,0.26299694189602446,0.53047394752502441
0,M1,8,cpsa,9,671,0.94783904619970194,0.18653260171413422,0.11157426983118057,0.8815121054649353,0.046199701937406856,0.21825943887233734
0,M1,8,cpsa,10,662,0.84138972809667678,0.61152881383895874,0.308785080909729,0.86773377656936646,0.058912386706948643,0.36595374345779419
0,M1,16,cpsa,8,654,0.5107033639143731,2.070087194442749,0.87050634622573853,0.90488052368164062,0.27217125382262997,0.57280194759368896
0,M1,16,cpsa,9,671,0.93740685543964231,0.19053766131401062,0.11844900995492935,0.88432502746582031,0.05663189269746647,0.23732274770736694
0,M1,16,cpsa,10,662,0.8368580060422961,0.72413277626037598,0.33405777812004089,0.86766469478607178,0.064954682779456194,0.40461799502372742
0,M1,32,cpsa,8,654,0.50458715596330272,2.299985408782959,0.88860571384429932,0.91190320253372192,0.27828746177370028,0.59066236019134521
0,M1,32,cpsa,9,671,0.93591654247391953,0.1927545964717865,0.12182215601205826,0.88536471128463745,0.058122205663189271,0.24583582580089569
0,M1,32,cpsa,10,662,0.82930513595166166,0.80933630466461182,0.34587517380714417,0.86759203672409058,0.072507552870090641,0.42237627506256104
0,M1,64,cpsa,8,654,0.50152905198776754,2.4875223636627197,0.89651393890380859,0.91496235132217407,0.28134556574923547,0.59862989187240601
0,M1,64,cpsa,9,671,0.93293591654247388,0.19386385381221771,0.12342899292707443,0.8857874870300293,0.061102831594634872,0.24976213276386261
0,M1,64,cpsa,10,662,0.82930513595166166,0.87314403057098389,0.35136717557907104,0.86757051944732666,0.072507552870090641,0.43065327405929565
0,M1,100,cpsa,8,654,0.5,2.5899503231048584,0.89916020631790161,0.91598671674728394,0.28287461773700306,0.60133153200149536
0,M1,100,cpsa,9,671,0.93293591654247388,0.19425773620605469,0.12398963421583176,0.88592171669006348,0.061102831594634872,0.25111636519432068
0,M1,100,cpsa,10,662,0.82175226586102723,0.90529143810272217,0.35325911641120911,0.86758780479431152,0.080060422960725075,0.43352064490318298
0,M2,1,cpsa,8,654,0.76299694189602452,0.93801093101501465,0.41979244351387024,0.72075164318084717,0,0
0,M2,1,cpsa,9,671,0.97466467958271241,0.20865027606487274,0.10900451242923737,0.84378290176391602,0,0
0,M2,1,cpsa,10,662,0.89425981873111782,0.25568586587905884,0.12817411124706268,0.81762140989303589,0,0
0,M2,2,cpsa,8,654,0.68654434250764529,0.98374086618423462,0.45296061038970947,0.71396958827972412,0.14984709480122324,0.30032309889793396
0,M2,2,cpsa,9,671,0.81073025335320414,0.36054062843322754,0.22835010290145874,0.85599887371063232,0.17734724292101342,0.14427667856216431
0,M2,2,cpsa,10,662,0.9380664652567976,0.22197796404361725,0.10190188139677048,0.8540070652961731,0.13595166163141995,0.17327181994915009
0,M2,3,cpsa,8,654,0.58868501529051986,1.1104580163955688,0.55121332406997681,0.75133216381072998,0.35321100917431192,0.49272313714027405
0,M2,3,cpsa,9,671,0.8077496274217586,0.48358058929443359,0.29211285710334778,0.86727684736251831,0.18032786885245902,0.20780719816684723
0,M2,3,cpsa,10,662,0.91389728096676737,0.23997713625431061,0.11655476689338684,0.88695645332336426,0.16012084592145015,0.26349574327468872
0,M2,5,cpsa,8,654,0.49082568807339449,1.3555377721786499,0.70225614309310913,0.83542758226394653,0.45412844036697247,0.68030202388763428
0,M2,5,cpsa,9,671,0.79731743666169896,0.64577531814575195,0.34129595756530762,0.87314122915267944,0.19076005961251863,0.25753679871559143
0,M2,5,cpsa,10,662,0.91087613293051362,0.28656584024429321,0.13894404470920563,0.91345268487930298,0.16314199395770393,0.33928936719894409
0,M2,8,cpsa,8,654,0.4892966360856269,1.6125775575637817,0.80394470691680908,0.88366848230361938,0.45565749235474007,0.78013491630554199
0,M2,8,cpsa,9,671,0.79135618479880776,0.77949637174606323,0.3645002543926239,0.87486958503723145,0.19672131147540983,0.28275036811828613
0,M2,8,cpsa,10,662,0.91087613293051362,0.33461681008338928,0.15163522958755493,0.92547053098678589,0.16314199395770393,0.37769821286201477
0,M2,16,cpsa,8,654,0.48776758409785931,1.9792473316192627,0.88073116540908813,0.91633361577987671,0.45718654434250766,0.84785306453704834
0,M2,16,cpsa,9,671,0.7883755588673621,0.93696576356887817,0.38030710816383362,0.87524259090423584,0.19970193740685543,0.30125889182090759
0,M2,16,cpsa,10,662,0.91087613293051362,0.402851402759552,0.16108302772045135,0.93331742286682129,0.16314199395770393,0.40577536821365356
0,M2,32,cpsa,8,654,0.48776758409785931,2.3008754253387451,0.91161149740219116,0.92890876531600952,0.45718654434250766,0.87406879663467407
0,M2,32,cpsa,9,671,0.78688524590163933,1.0512845516204834,0.38679838180541992,0.87513589859008789,0.20119225037257824,0.30940887331962585
0,M2,32,cpsa,10,662,0.91087613293051362,0.46601131558418274,0.16526089608669281,0.93649691343307495,0.16314199395770393,0.41818559169769287
0,M2,64,cpsa,8,654,0.48776758409785931,2.5796117782592773,0.92463821172714233,0.93416637182235718,0.45718654434250766,0.88508057594299316
0,M2,64,cpsa,9,671,0.78688524590163933,1.1407090425491333,0.38968664407730103,0.87502771615982056,0.20119225037257824,0.31317657232284546
0,M2,64,cpsa,10,662,0.91087613293051362,0.52326852083206177,0.16715815663337708,0.93789976835250854,0.16314199395770393,0.42390382289886475
0,M2,100,cpsa,8,654,0.48776758409785931,2.7403426170349121,0.92890381813049316,0.93588817119598389,0.45718654434250766,0.88869559764862061
0,M2,100,cpsa,9,671,0.78688524590163933,1.1899073123931885,0.39066389203071594,0.87498098611831665,0.20119225037257824,0.31447812914848328
0,M2,100,cpsa,10,662,0.91087613293051362,0.55682116746902466,0.16780392825603485,0.93837451934814453,0.16314199395770393,0.42587405443191528
0,M3,1,cpsa,8,654,0.76299694189602452,0.93801093101501465,0.41979244351387024,0.72075164318084717,0,0
0,M3,1,cpsa,9,671,0.97466467958271241,0.20865027606487274,0.10900451242923737,0.84378290176391602,0,0
0,M3,1,cpsa,10,662,0.89425981873111782,0.25568586587905884,0.12817411124706268,0.81762140989303589,0,0
0,M3,2,cpsa,8,654,0.68807339449541283,0.88095968961715698,0.37547251582145691,0.71539467573165894,0.12996941896024464,0.30387067794799805
0,M3,2,cpsa,9,671,0.99105812220566314,0.15104162693023682,0.064349010586738586,0.88167202472686768,0.023845007451564829,0.12003678828477859
0,M3,2,cpsa,10,662,0.81722054380664655,0.31829524040222168,0.18432696163654327,0.82888436317443848,0.1797583081570997,0.18121747672557831
0,M3,3,cpsa,8,654,0.74923547400611623,0.91091126203536987,0.39209386706352234,0.7430989146232605,0.31957186544342508,0.47772389650344849
0,M3,3,cpsa,9,671,0.96572280178837555,0.13445903360843658,0.057553332298994064,0.90187174081802368,0.049180327868852458,0.18805074691772461
0,M3,3,cpsa,10,662,0.79456193353474325,0.39802071452140808,0.24397331476211548,0.85791736841201782,0.21148036253776434,0.28615304827690125
0,M3,5,cpsa,8,654,0.64525993883792054,0.99729317426681519,0.43723291158676147,0.80138713121414185,0.44954128440366975,0.64275497198104858
0,M3,5,cpsa,9,671,0.94336810730253351,0.1325322687625885,0.065675929188728333,0.92532473802566528,0.071535022354694486,0.25570008158683777
0,M3,5,cpsa,10,662,0.78398791540785495,0.52520740032196045,0.31328022480010986,0.88592886924743652,0.23262839879154079,0.38487502932548523
0,M3,8,cpsa,8,654,0.63455657492354745,1.0979639291763306,0.47583445906639099,0.83773159980773926,0.46788990825688076,0.73088258504867554
0,M3,8,cpsa,9,671,0.93591654247391953,0.14188168942928314,0.078005962073802948,0.94105559587478638,0.07898658718330849,0.2965380847454071
0,M3,8,cpsa,10,662,0.76586102719033233,0.6459621787071228,0.35632386803627014,0.90191411972045898,0.25226586102719034,0.44041013717651367
0,M3,16,cpsa,8,654,0.63149847094801226,1.2421914339065552,0.50863891839981079,0.86287415027618408,0.47553516819571867,0.79202830791473389
0,M3,16,cpsa,9,671,0.9314456035767511,0.15973535180091858,0.091314844787120819,0.95371931791305542,0.083457526080476907,0.32883113622665405
0,M3,16,cpsa,10,662,0.76586102719033233,0.80497258901596069,0.38963022828102112,0.91427934169769287,0.25528700906344409,0.48214241862297058
0,M3,32,cpsa,8,654,0.63149847094801226,1.3656773567199707,0.52302277088165283,0.87287354469299316,0.47553516819571867,0.81635582447052002
0,M3,32,cpsa,9,671,0.92846497764530556,0.17367155849933624,0.098035335540771484,0.95932263135910034,0.086438152011922509,0.34326252341270447
0,M3,32,cpsa,10,662,0.7643504531722054,0.93665122985839844,0.40398779511451721,0.91920459270477295,0.25679758308157102,0.50029182434082031
0,M3,64,cpsa,8,654,0.63149847094801226,1.4684669971466064,0.52937304973602295,0.87710952758789062,0.47706422018348627,0.82675915956497192
0,M3,64,cpsa,9,671,0.92846497764530556,0.18243874609470367,0.10120175033807755,0.96182191371917725,0.086438152011922509,0.34984633326530457
0,M3,64,cpsa,10,662,0.75981873111782472,1.0458699464797974,0.41034018993377686,0.92144322395324707,0.26132930513595165,0.50850373506546021
0,M3,100,cpsa,8,654,0.63149847094801226,1.525367259979248,0.53149962425231934,0.87850189208984375,0.47706422018348627,0.83020675182342529
0,M3,100,cpsa,9,671,0.92846497764530556,0.18599042296409607,0.1022929921746254,0.96266186237335205,0.086438152011922509,0.35209792852401733
0,M3,100,cpsa,10,662,0.75981873111782472,1.106676459312439,0.41247424483299255,0.92218780517578125,0.26132930513595165,0.51130712032318115
1,M1,1,late_product,8,654,0.71253822629969421,2.9859576225280762,0.48615962266921997,0.93259161710739136,0,0
1,M1,1,late_product,9,671,0.98956780923994037,0.041995197534561157,0.021920394152402878,0.98399007320404053,0,0
1,M1,1,late_product,10,662,0.98489425981873113,0.05843019112944603,0.028034115210175514,0.99050301313400269,0,0
1,M1,2,late_product,8,654,0.6834862385321101,4.9789910316467285,0.61334019899368286,0.98165625333786011,0.093272171253822631,0.19369572401046753
1,M1,2,late_product,9,671,0.9940387481371088,0.034197121858596802,0.015798341482877731,0.98110932111740112,0.0044709388971684054,0.015754949301481247
1,M1,2,late_product,10,662,0.90936555891238668,0.41809409856796265,0.15544086694717407,0.98775464296340942,0.078549848942598186,0.13732118904590607
1,M1,3,late_product,8,654,0.66819571865443428,5.9654440879821777,0.64533132314682007,0.98464012145996094,0.12996941896024464,0.26396119594573975
1,M1,3,late_product,9,671,0.99701937406855434,0.036385565996170044,0.017386633902788162,0.97879672050476074,0.0074515648286140089,0.027251515537500381
1,M1,3,late_product,10,662,0.88972809667673713,1.0850461721420288,0.21267165243625641,0.99553209543228149,0.098187311178247735,0.1836845725774765
1,M1,5,late_product,8,654,0.64678899082568808,7.6968231201171875,0.70298933982849121,0.99292963743209839,0.16055045871559634,0.33313697576522827
1,M1,5,late_product,9,671,0.98062593144560362,0.049945849925279617,0.029297506436705589,0.97424900531768799,0.023845007451564829,0.046484924852848053
1,M1,5,late_product,10,662,0.8821752265861027,2.3877813816070557,0.23508782684803009,0.99803763628005981,0.10574018126888217,0.20291659235954285
1,M1,8,late_product,8,654,0.60244648318042815,9.5786247253417969,0.78565889596939087,0.99452906847000122,0.18960244648318042,0.39097031950950623
1,M1,8,late_product,9,671,0.95380029806259314,0.093195751309394836,0.058459628373384476,0.97632825374603271,0.050670640834575259,0.075188905000686646
1,M1,8,late_product,10,662,0.86858006042296076,3.111187219619751,0.25655117630958557,0.99738109111785889,0.11933534743202417,0.22540776431560516
1,M1,16,late_product,8,654,0.56574923547400613,11.300715446472168,0.86372464895248413,0.99786543846130371,0.21559633027522937,0.44884723424911499
1,M1,16,late_product,9,671,0.91952309985096869,0.35432001948356628,0.13539183139801025,0.98885440826416016,0.08792846497764531,0.14224913716316223
1,M1,16,late_product,10,662,0.85649546827794565,3.5972793102264404,0.28320410847663879,0.99760448932647705,0.13141993957703926,0.2517266571521759
1,M1,32,late_product,8,654,0.55351681957186549,12.022014617919922,0.89018255472183228,0.99766296148300171,0.22629969418960244,0.47086471319198608
1,M1,32,late_product,9,671,0.90461997019374063,1.0294778347015381,0.18280842900276184,0.9962308406829834,0.10283159463487332,0.1819273829460144
1,M1,32,late_product,10,662,0.8429003021148036,3.996373176574707,0.31088393926620483,0.99762791395187378,0.14501510574018128,0.28062897920608521
1,M1,64,late_product,8,654,0.53669724770642202,12.419253349304199,0.92612522840499878,0.99979096651077271,0.24617737003058104,0.51119875907897949
1,M1,64,late_product,9,671,0.8882265275707899,1.9628663063049316,0.21677693724632263,0.99690622091293335,0.11922503725782414,0.21474237740039825
1,M1,64,late_product,10,662,0.82930513595166166,4.4406213760375977,0.34084630012512207,0.9994778037071228,0.16012084592145015,0.30981793999671936
1,M1,100,late_product,8,654,0.53363914373088683,12.696286201477051,0.93297940492630005,0.99928659200668335,0.2492354740061162,0.51878666877746582
1,M1,100,late_product,9,671,0.88077496274217582,2.6257278919219971,0.23556199669837952,0.9990994930267334,0.12667660208643816,0.23129121959209442
1,M1,100,late_product,10,662,0.8262839879154078,4.6936678886413574,0.347108393907547,0.99980354309082031,0.16314199395770393,0.3156697154045105
1,M2,1,late_product,8,654,0.71253822629969421,2.9859576225280762,0.48615962266921997,0.93259161710739136,0,0
1,M2,1,late_product,9,671,0.98956780923994037,0.041995197534561157,0.021920394152402878,0.98399007320404053,0,0
1,M2,1,late_product,10,662,0.98489425981873113,0.05843019112944603,0.028034115210175514,0.99050301313400269,0,0
1,M2,2,late_product,8,654,0.67431192660550454,4.0261497497558594,0.63004779815673828,0.97556388378143311,0.13914373088685014,0.27300825715065002
1,M2,2,late_product,9,671,0.82414307004470944,1.1671489477157593,0.33885586261749268,0.99332451820373535,0.18032786885245902,0.32415857911109924
1,M2,2,late_product,10,662,0.99697885196374625,0.0075963912531733513,0.0052769435569643974,0.9973638653755188,0.015105740181268883,0.03499993309378624
1,M2,3,late_product,8,654,0.56880733944954132,5.9378433227539062,0.83502084016799927,0.98069900274276733,0.25229357798165136,0.4954695999622345
1,M2,3,late_product,9,671,0.82712369597615498,3.0623431205749512,0.34577706456184387,0.99942183494567871,0.18330849478390462,0.33726993203163147
1,M2,3,late_product,10,662,0.99093655589123864,0.018066536635160446,0.011700160801410675,0.99534952640533447,0.021148036253776436,0.051927607506513596
1,M2,5,late_product,8,654,0.49388379204892968,10.710657119750977,0.98018568754196167,0.98046606779098511,0.34250764525993882,0.69790130853652954
1,M2,5,late_product,9,671,0.82712369597615498,4.0392632484436035,0.34575265645980835,0.99999088048934937,0.18330849478390462,0.33841609954833984
1,M2,5,late_product,10,662,0.9154078549848943,0.650837242603302,0.15222078561782837,0.98979312181472778,0.096676737160120846,0.20049449801445007
1,M2,8,late_product,8,654,0.48776758409785931,13.016657829284668,1.0162633657455444,0.99691426753997803,0.43577981651376146,0.86107343435287476
1,M2,8,late_product,9,671,0.82414307004470944,4.7861857414245605,0.35034248232841492,0.99940985441207886,0.18628912071535023,0.34399601817131042
1,M2,8,late_product,10,662,0.9154078549848943,2.2229945659637451,0.1681482195854187,0.99882012605667114,0.096676737160120846,0.20390771329402924
1,M2,16,late_product,8,654,0.48623853211009177,13.78858757019043,1.0247253179550171,0.99753832817077637,0.50152905198776754,0.98829364776611328
1,M2,16,late_product,9,671,0.713859910581222,5.5355854034423828,0.56039780378341675,0.99532312154769897,0.29508196721311475,0.55635416507720947
1,M2,16,late_product,10,662,0.91389728096676737,2.3093128204345703,0.17221687734127045,0.99981355667114258,0.098187311178247735,0.20631332695484161
1,M2,32,late_product,8,654,0.48165137614678899,14.140048980712891,1.03434157371521,0.99795001745223999,0.51834862385321101,1.017301082611084
1,M2,32,late_product,9,671,0.68405365126676598,8.2368640899658203,0.62872451543807983,0.99710023403167725,0.32190760059612517,0.61557620763778687
1,M2,32,late_product,10,662,0.91238670694864044,2.3501415252685547,0.17504486441612244,0.99995392560958862,0.099697885196374625,0.2089003324508667
1,M2,64,late_product,8,654,0.48165137614678899,14.280089378356934,1.036218523979187,0.99926233291625977,0.5214067278287462,1.0281319618225098
1,M2,64,late_product,9,671,0.67809239940387478,8.8151178359985352,0.64274835586547852,0.99925637245178223,0.3263785394932936,0.62370669841766357
1,M2,64,late_product,10,662,0.91238670694864044,2.400846004486084,0.17522658407688141,1,0.099697885196374625,0.20899263024330139
1,M2,100,late_product,8,654,0.4801223241590214,14.312260627746582,1.0396722555160522,0.99995481967926025,0.52293577981651373,1.0305700302124023
1,M2,100,late_product,9,671,0.67660208643815201,8.8999443054199219,0.64632642269134521,0.999775230884552,0.32786885245901637,0.62673211097717285
1,M2,100,late_product,10,662,0.91238670694864044,2.4194273948669434,0.17522658407688141,1,0.099697885196374625,0.20899263024330139
1,M3,1,late_product,8,654,0.71253822629969421,2.9859576225280762,0.48615962266921997,0.93259161710739136,0,0
1,M3,1,late_product,9,671,0.98956780923994037,0.041995197534561157,0.021920394152402878,0.98399007320404053,0,0
1,M3,1,late_product,10,662,0.98489425981873113,0.05843019112944603,0.028034115210175514,0.99050301313400269,0,0
1,M3,2,late_product,8,654,0.74923547400611623,3.8459465503692627,0.48141792416572571,0.98686522245407104,0.082568807339449546,0.17012394964694977
1,M3,2,late_product,9,671,0.97615499254843519,0.13615749776363373,0.041920661926269531,0.99541765451431274,0.013412816691505217,0.055268242955207825
1,M3,2,late_product,10,662,0.98489425981873113,0.10823149234056473,0.033118687570095062,0.97459667921066284,0.0060422960725075529,0.055463686585426331
1,M3,3,late_product,8,654,0.74311926605504586,4.6418957710266113,0.49094328284263611,0.98927611112594604,0.093272171253822631,0.19226162135601044
1,M3,3,late_product,9,671,0.95529061102831592,0.35137531161308289,0.078447416424751282,0.99513483047485352,0.034277198211624442,0.09302491694688797
1,M3,3,late_product,10,662,0.89425981873111782,0.6140015721321106,0.20674380660057068,0.99467277526855469,0.10574018126888217,0.21215440332889557
1,M3,5,late_product,8,654,0.73700305810397548,5.0954618453979492,0.51255226135253906,0.98594772815704346,0.12385321100917432,0.25031688809394836
1,M3,5,late_product,9,671,0.92846497764530556,1.0182259082794189,0.13488370180130005,0.99637502431869507,0.061102831594634872,0.14703916013240814
1,M3,5,late_product,10,662,0.88670694864048338,1.9597073793411255,0.22350481152534485,0.99542218446731567,0.11178247734138973,0.23541466891765594
1,M3,8,late_product,8,654,0.69724770642201839,5.4221386909484863,0.58688414096832275,0.98991137742996216,0.172782874617737,0.34425854682922363
1,M3,8,late_product,9,671,0.91803278688524592,1.7858783006668091,0.16359700262546539,0.9997793436050415,0.071535022354694486,0.17133818566799164
1,M3,8,late_product,10,662,0.85498489425981872,3.2384376525878906,0.28705626726150513,0.99503713846206665,0.14350453172205438,0.29771679639816284
1,M3,16,late_product,8,654,0.67737003058103973,6.7179327011108398,0.62613099813461304,0.98622977733612061,0.27217125382262997,0.54005831480026245
1,M3,16,late_product,9,671,0.91654247391952315,2.2943441867828369,0.16685934364795685,0.99995559453964233,0.073025335320417287,0.17427423596382141
1,M3,16,late_product,10,662,0.8036253776435045,4.5735015869140625,0.3870108425617218,0.99604970216751099,0.19335347432024169,0.39038422703742981
1,M3,32,late_product,8,654,0.60244648318042815,9.0880489349365234,0.78561002016067505,0.99636906385421753,0.44342507645259938,0.88204234838485718
1,M3,32,late_product,9,671,0.91207153502235472,2.3350868225097656,0.17370563745498657,0.99929296970367432,0.077496274217585689,0.18184468150138855
1,M3,32,late_product,10,662,0.78247734138972813,5.6125984191894531,0.43459945917129517,0.99678349494934082,0.21450151057401812,0.43533319234848022
1,M3,64,late_product,8,654,0.60397553516819569,10.679644584655762,0.79052734375,0.99910593032836914,0.46788990825688076,0.93147104978561401
1,M3,64,late_product,9,671,0.91207153502235472,2.4168405532836914,0.17585699260234833,0.99999290704727173,0.077496274217585689,0.18320028483867645
1,M3,64,late_product,10,662,0.76283987915407858,6.3508973121643066,0.47424712777137756,0.99994677305221558,0.23413897280966767,0.47056463360786438
1,M3,100,late_product,8,654,0.60550458715596334,10.736035346984863,0.78654491901397705,0.99902874231338501,0.47094801223241589,0.93843233585357666
1,M3,100,late_product,9,671,0.91058122205663194,2.4312562942504883,0.17723940312862396,0.99952465295791626,0.07898658718330849,0.18521609902381897
1,M3,100,late_product,10,662,0.7583081570996979,6.5574908256530762,0.48253569006919861,0.99968248605728149,0.23867069486404835,0.47931522130966187
1,M1,1,late_mean,8,654,0.67431192660550454,0.93385839462280273,0.46629753708839417,0.59766751527786255,0,0
1,M1,1,late_mean,9,671,0.98360655737704916,0.25952589511871338,0.14333856105804443,0.81097745895385742,0,0
1,M1,1,late_mean,10,662,0.97129909365558909,0.29457142949104309,0.14335675537586212,0.78171283006668091,0,0
1,M1,2,late_mean,8,654,0.56269113149847094,1.0090881586074829,0.51693218946456909,0.67275309562683105,0.14831804281345565,0.18516138195991516
1,M1,2,late_mean,9,671,0.94336810730253351,0.2358534038066864,0.12842591106891632,0.82337242364883423,0.046199701937406856,0.064323998987674713
1,M1,2,late_mean,10,662,0.87915407854984895,0.32847070693969727,0.1670314222574234,0.79093283414840698,0.095166163141993956,0.11516347527503967
1,M1,3,late_mean,8,654,0.55198776758409784,1.0760138034820557,0.56402760744094849,0.7219383716583252,0.15749235474006115,0.29625821113586426
1,M1,3,late_mean,9,671,0.90909090909090906,0.22647249698638916,0.1243545338511467,0.83272010087966919,0.080476900149031291,0.10291839390993118
1,M1,3,late_mean,10,662,0.86102719033232633,0.3571784496307373,0.19036346673965454,0.80152904987335205,0.11329305135951662,0.18426154553890228
1,M1,5,late_mean,8,654,0.54128440366972475,1.1840410232543945,0.63320112228393555,0.77921140193939209,0.16666666666666666,0.423225998878479
1,M1,5,late_mean,9,671,0.89567809239940388,0.21932247281074524,0.12417970597743988,0.84564435482025146,0.093889716840536513,0.14702630043029785
1,M1,5,late_mean,10,662,0.84592145015105735,0.40190839767456055,0.22541087865829468,0.81594967842102051,0.12839879154078551,0.26323077082633972
1,M1,8,late_mean,8,654,0.53363914373088683,1.3027908802032471,0.69582641124725342,0.82281571626663208,0.17889908256880735,0.51845186948776245
1,M1,8,late_mean,9,671,0.89120715350223545,0.21639011800289154,0.12718331813812256,0.85609883069992065,0.10134128166915052,0.18010719120502472
1,M1,8,late_mean,10,662,0.83534743202416917,0.44940406084060669,0.25756394863128662,0.82832729816436768,0.13897280966767372,0.32245767116546631
1,M1,16,late_mean,8,654,0.52752293577981646,1.4990725517272949,0.77049911022186279,0.86878693103790283,0.18501529051987767,0.61720460653305054
1,M1,16,late_mean,9,671,0.88077496274217582,0.21583977341651917,0.13313616812229156,0.86754423379898071,0.11177347242921014,0.21441331505775452
1,M1,16,late_mean,10,662,0.83081570996978849,0.52528738975524902,0.29622006416320801,0.84197497367858887,0.14350453172205438,0.38387823104858398
1,M1,32,late_mean,8,654,0.52752293577981646,1.7032781839370728,0.81905120611190796,0.89588189125061035,0.18501529051987767,0.67529433965682983
1,M1,32,late_mean,9,671,0.87779433681073027,0.21706223487854004,0.13798767328262329,0.87459242343902588,0.11475409836065574,0.23459337651729584
1,M1,32,late_mean,10,662,0.82477341389728098,0.6024404764175415,0.32148551940917969,0.85026544332504272,0.14954682779456194,0.42000794410705566
1,M1,64,late_mean,8,654,0.52752293577981646,1.8996133804321289,0.84697872400283813,0.91066098213195801,0.18501529051987767,0.70697981119155884
1,M1,64,late_mean,9,671,0.87779433681073027,0.21842731535434723,0.1410553902387619,0.87844789028167725,0.11475409836065574,0.24560067057609558
1,M1,64,late_mean,10,662,0.81570996978851962,0.67667502164840698,0.33605551719665527,0.85500216484069824,0.15861027190332327,0.43971505761146545
1,M1,100,late_mean,8,654,0.52752293577981646,2.0167326927185059,0.85771435499191284,0.91620302200317383,0.18501529051987767,0.71886169910430908
1,M1,100,late_mean,9,671,0.87779433681073027,0.21911488473415375,0.14228247106075287,0.87989354133605957,0.11475409836065574,0.24972844123840332
1,M1,100,late_mean,10,662,0.80815709969788518,0.7216523289680481,0.34166285395622253,0.85687369108200073,0.16616314199395771,0.4471052885055542
1,M2,1,late_mean,8,654,0.67431192660550454,0.93385839462280273,0.46629753708839417,0.59766751527786255,0,0
1,M2,1,late_mean,9,671,0.98360655737704916,0.25952589511871338,0.14333856105804443,0.81097745895385742,0,0
1,M2,1,late_mean,10,662,0.97129909365558909,0.29457142949104309,0.14335675537586212,0.78171283006668091,0,0
1,M2,2,late_mean,8,654,0.52446483180428138,0.96889036893844604,0.50874465703964233,0.62759572267532349,0.41590214067278286,0.22269245982170105
1,M2,2,late_mean,9,671,0.78688524590163933,0.33215433359146118,0.20478186011314392,0.79613751173019409,0.19970193740685543,0.10034415870904922
1,M2,2,late_mean,10,662,0.96525679758308158,0.26063147187232971,0.12094897776842117,0.80816751718521118,0.022658610271903322,0.11211153119802475
1,M2,3,late_mean,8,654,0.49388379204892968,1.0229150056838989,0.55854231119155884,0.68529504537582397,0.45871559633027525,0.35630789399147034
1,M2,3,late_mean,9,671,0.68703427719821164,0.3879418671131134,0.25138169527053833,0.81661748886108398,0.30253353204172878,0.16055066883563995
1,M2,3,late_mean,10,662,0.91691842900302112,0.25027725100517273,0.11644873768091202,0.82941144704818726,0.070996978851963752,0.17937846481800079
1,M2,5,late_mean,8,654,0.48165137614678899,1.1256330013275146,0.63779723644256592,0.75475996732711792,0.47400611620795108,0.50901126861572266
1,M2,5,late_mean,9,671,0.67958271236959766,0.47029557824134827,0.31357786059379578,0.84319043159484863,0.31147540983606559,0.22935809195041656
1,M2,5,late_mean,10,662,0.91389728096676737,0.24880054593086243,0.11951985955238342,0.85837888717651367,0.074018126888217517,0.25625494122505188
1,M2,8,late_mean,8,654,0.48318042813455658,1.2493948936462402,0.7128787636756897,0.80785048007965088,0.4801223241590214,0.62353891134262085
1,M2,8,late_mean,9,671,0.67660208643815201,0.55455636978149414,0.3664824366569519,0.86350226402282715,0.31445603576751119,0.28096368908882141
1,M2,8,late_mean,10,662,0.91238670694864044,0.25825345516204834,0.12757317721843719,0.88021665811538696,0.075528700906344406,0.31391230225563049
1,M2,16,late_mean,8,654,0.4801223241590214,1.4683487415313721,0.80490100383758545,0.8632197380065918,0.48318042813455658,0.74230819940567017
1,M2,16,late_mean,9,671,0.67511177347242923,0.68560278415679932,0.427011638879776,0.8847806453704834,0.31594634873323396,0.33448052406311035
1,M2,16,late_mean,10,662,0.91238670694864044,0.28728196024894714,0.14113053679466248,0.90296357870101929,0.075528700906344406,0.37370511889457703
1,M2,32,late_mean,8,654,0.4801223241590214,1.7117438316345215,0.86576658487319946,0.89593470096588135,0.48318042813455658,0.81217241287231445
1,M2,32,late_mean,9,671,0.67362146050670646,0.81632864475250244,0.46531155705451965,0.89732420444488525,0.31594634873323396,0.36596107482910156
1,M2,32,late_mean,10,662,0.91238670694864044,0.32839435338973999,0.15158143639564514,0.91634422540664673,0.075528700906344406,0.40887737274169922
1,M2,64,late_mean,8,654,0.4785932721712538,1.9631466865539551,0.90106862783432007,0.91380000114440918,0.48623853211009177,0.8502802848815918
1,M2,64,late_mean,9,671,0.67362146050670646,0.94109559059143066,0.48704367876052856,0.90418082475662231,0.31594634873323396,0.3831322193145752
1,M2,64,late_mean,10,662,0.91087613293051362,0.37619665265083313,0.1580549031496048,0.92364501953125,0.077039274924471296,0.42806223034858704
1,M2,100,late_mean,8,654,0.4785932721712538,2.1238133907318115,0.91468954086303711,0.92052251100540161,0.48623853211009177,0.86457055807113647
1,M2,100,late_mean,9,671,0.67213114754098358,1.0167666673660278,0.49534627795219421,0.90675473213195801,0.31743666169895679,0.3895714282989502
1,M2,100,late_mean,10,662,0.91087613293051362,0.40874403715133667,0.16062316298484802,0.92639619112014771,0.077039274924471296,0.43525654077529907
1,M3,1,late_mean,8,654,0.67431192660550454,0.93385839462280273,0.46629753708839417,0.59766751527786255,0,0
1,M3,1,late_mean,9,671,0.98360655737704916,0.25952589511871338,0.14333856105804443,0.81097745895385742,0,0
1,M3,1,late_mean,10,662,0.97129909365558909,0.29457142949104309,0.14335675537586212,0.78171283006668091,0,0
1,M3,2,late_mean,8,654,0.67584097859327219,0.90665113925933838,0.43724915385246277,0.61587685346603394,0.30122324159021407,0.21082644164562225
1,M3,2,late_mean,9,671,0.9314456035767511,0.23455058038234711,0.12117242068052292,0.84396791458129883,0.073025335320417287,0.097456768155097961
1,M3,2,late_mean,10,662,0.83534743202416917,0.32336187362670898,0.17413283884525299,0.78236043453216553,0.1782477341389728,0.12897951900959015
1,M3,3,late_mean,8,654,0.69266055045871555,0.91742449998855591,0.44024807214736938,0.64446783065795898,0.36850152905198774,0.33732235431671143
1,M3,3,late_mean,9,671,0.91654247391952315,0.22763004899024963,0.11665257811546326,0.86822217702865601,0.08792846497764531,0.15593081712722778
1,M3,3,late_mean,10,662,0.80060422960725075,0.35238346457481384,0.20528803765773773,0.80659657716751099,0.21299093655589124,0.20636720955371857
1,M3,5,late_mean,8,654,0.60550458715596334,0.95704728364944458,0.46243584156036377,0.69680207967758179,0.49847094801223241,0.48188906908035278
1,M3,5,late_mean,9,671,0.91356184798807749,0.22900108993053436,0.11955015361309052,0.89663207530975342,0.090909090909090912,0.22275830805301666
1,M3,5,late_mean,10,662,0.77341389728096677,0.40157338976860046,0.25254765152931213,0.83926326036453247,0.24018126888217523,0.29481032490730286
1,M3,8,late_mean,8,654,0.60397553516819569,1.0133624076843262,0.49220892786979675,0.74122136831283569,0.51529051987767582,0.59031409025192261
1,M3,8,late_mean,9,671,0.91207153502235472,0.23976951837539673,0.1273675411939621,0.91830986738204956,0.092399403874813713,0.27287891507148743
1,M3,8,late_mean,10,662,0.76737160120845926,0.45689782500267029,0.29614993929862976,0.86595916748046875,0.24622356495468278,0.36114263534545898
1,M3,16,late_mean,8,654,0.60397553516819569,1.1156464815139771,0.53497409820556641,0.78822284936904907,0.52905198776758411,0.70275485515594482
1,M3,16,late_mean,9,671,0.91207153502235472,0.26839685440063477,0.14058440923690796,0.9408455491065979,0.092399403874813713,0.32485589385032654
1,M3,16,late_mean,10,662,0.75528700906344415,0.54878008365631104,0.34875255823135376,0.89446616172790527,0.2583081570996979,0.42993173003196716
1,M3,32,late_mean,8,654,0.60703363914373087,1.223304271697998,0.56578481197357178,0.81638151407241821,0.53822629969418956,0.76889652013778687
1,M3,32,late_mean,9,671,0.91058122205663194,0.3057745099067688,0.15078943967819214,0.95413410663604736,0.093889716840536513,0.35543057322502136
1,M3,32,late_mean,10,662,0.75377643504531722,0.64382833242416382,0.38320794701576233,0.91155731678009033,0.26132930513595165,0.47039586305618286
1,M3,64,late_mean,8,654,0.60856269113149852,1.3243460655212402,0.58435630798339844,0.83185803890228271,0.54128440366972475,0.80497384071350098
1,M3,64,late_mean,9,671,0.91058122205663194,0.34554374217987061,0.15711461007595062,0.96141016483306885,0.093889716840536513,0.37210756540298462
1,M3,64,late_mean,10,662,0.75226586102719029,0.73508560657501221,0.40309849381446838,0.92096048593521118,0.26283987915407853,0.49246722459793091
1,M3,100,late_mean,8,654,0.60856269113149852,1.3834643363952637,0.59164178371429443,0.83768624067306519,0.54281345565749239,0.81850272417068481
1,M3,100,late_mean,9,671,0.91058122205663194,0.37019610404968262,0.15962463617324829,0.96413886547088623,0.093889716840536513,0.37836164236068726
1,M3,100,late_mean,10,662,0.75226586102719029,0.79006636142730713,0.41075700521469116,0.92448681592941284,0.26283987915407853,0.50074392557144165
1,M1,1,cpsa,8,654,0.71100917431192656,0.97662001848220825,0.49924322962760925,0.68124359846115112,0,0
1,M1,1,cpsa,9,671,0.83904619970193739,0.24367469549179077,0.14318206906318665,0.83766287565231323,0,0
1,M1,1,cpsa,10,662,0.79003021148036257,0.36721384525299072,0.19624148309230804,0.82364243268966675,0,0
1,M1,2,cpsa,8,654,0.6223241590214067,1.2083499431610107,0.61689639091491699,0.7657015323638916,0.18501529051987767,0.30325585603713989
1,M1,2,cpsa,9,671,0.92399403874813713,0.19261537492275238,0.10352422297000885,0.86323493719100952,0.096870342771982115,0.12803226709365845
1,M1,2,cpsa,10,662,0.8655589123867069,0.45324656367301941,0.224570631980896,0.85794740915298462,0.14803625377643503,0.19700638949871063
1,M1,3,cpsa,8,654,0.55198776758409784,1.4308665990829468,0.69622153043746948,0.81680524349212646,0.25535168195718655,0.45017486810684204
1,M1,3,cpsa,9,671,0.90909090909090906,0.18950347602367401,0.10779979825019836,0.87166410684585571,0.11177347242921014,0.19018325209617615
1,M1,3,cpsa,10,662,0.85045317220543803,0.55008161067962646,0.26038628816604614,0.86697888374328613,0.1646525679758308,0.29653209447860718
1,M1,5,cpsa,8,654,0.53363914373088683,1.7360608577728271,0.77782934904098511,0.87164920568466187,0.27675840978593275,0.57676017284393311
1,M1,5,cpsa,9,671,0.88971684053651268,0.19964708387851715,0.12334973365068436,0.87931013107299805,0.13412816691505217,0.24014516174793243
1,M1,5,cpsa,10,662,0.83987915407854985,0.6824725866317749,0.30078232288360596,0.86575990915298462,0.17522658610271905,0.38430026173591614
1,M1,8,cpsa,8,654,0.53058103975535165,1.9869450330734253,0.82618224620819092,0.89914315938949585,0.28134556574923547,0.63938194513320923
1,M1,8,cpsa,9,671,0.8822652757078987,0.20848523080348969,0.13315920531749725,0.88191497325897217,0.14157973174366617,0.26359829306602478
1,M1,8,cpsa,10,662,0.83081570996978849,0.781646728515625,0.32537409663200378,0.86304491758346558,0.18429003021148035,0.42926937341690063
1,M1,16,cpsa,8,654,0.52752293577981646,2.2694797515869141,0.85835492610931396,0.91624408960342407,0.28440366972477066,0.678547203540802
1,M1,16,cpsa,9,671,0.87928464977645304,0.21541376411914825,0.13989093899726868,0.8828965425491333,0.14456035767511177,0.27888235449790955
1,M1,16,cpsa,10,662,0.82175226586102723,0.87365078926086426,0.3419874906539917,0.86115646362304688,0.19335347432024169,0.45828559994697571
1,M1,32,cpsa,8,654,0.52752293577981646,2.4670097827911377,0.86968421936035156,0.92214798927307129,0.28440366972477066,0.69265276193618774
1,M1,32,cpsa,9,671,0.87779433681073027,0.21831485629081726,0.14252451062202454,0.88285434246063232,0.14605067064083457,0.28489497303962708
1,M1,32,cpsa,10,662,0.80664652567975825,0.92179960012435913,0.3479180634021759,0.86067396402359009,0.20845921450151059,0.46904513239860535
1,M1,64,cpsa,8,654,0.52752293577981646,2.6121039390563965,0.87410092353820801,0.9244530200958252,0.28440366972477066,0.69835126399993896
1,M1,64,cpsa,9,671,0.87779433681073027,0.21958139538764954,0.14364674687385559,0.88272863626480103,0.14605067064083457,0.28751182556152344
1,M1,64,cpsa,10,662,0.80513595166163143,0.9474831223487854,0.35023817420005798,0.86054295301437378,0.20996978851963746,0.4734748899936676
1,M1,100,cpsa,8,654,0.52752293577981646,2.6869649887084961,0.87550359964370728,0.92518460750579834,0.28440366972477066,0.70019513368606567
1,M1,100,cpsa,9,671,0.87779433681073027,0.22000604867935181,0.14401930570602417,0.88266843557357788,0.14605067064083457,0.28839197754859924
1,M1,100,cpsa,10,662,0.80513595166163143,0.95784121751785278,0.35097125172615051,0.86049365997314453,0.20996978851963746,0.47492137551307678
1,M2,1,cpsa,8,654,0.71100917431192656,0.97662001848220825,0.49924322962760925,0.68124359846115112,0,0
1,M2,1,cpsa,9,671,0.83904619970193739,0.24367469549179077,0.14318206906318665,0.83766287565231323,0,0
1,M2,1,cpsa,10,662,0.79003021148036257,0.36721384525299072,0.19624148309230804,0.82364243268966675,0,0
1,M2,2,cpsa,8,654,0.6223241590214067,1.0644336938858032,0.56896919012069702,0.67871439456939697,0.26758409785932724,0.40820255875587463
1,M2,2,cpsa,9,671,0.77496274217585692,0.48849684000015259,0.31163650751113892,0.86660206317901611,0.067064083457526083,0.17081509530544281
1,M2,2,cpsa,10,662,0.86706948640483383,0.31325465440750122,0.1641484797000885,0.84003019332885742,0.19788519637462235,0.17323382198810577
1,M2,3,cpsa,8,654,0.4785932721712538,1.2643667459487915,0.69400256872177124,0.77379006147384644,0.51223241590214064,0.65405863523483276
1,M2,3,cpsa,9,671,0.73621460506706404,0.6824040412902832,0.38501209020614624,0.87656325101852417,0.10581222056631892,0.23907938599586487
1,M2,3,cpsa,10,662,0.91389728096676737,0.32260924577713013,0.15751649439334869,0.87186020612716675,0.23867069486404835,0.26927858591079712
1,M2,5,cpsa,8,654,0.4801223241590214,1.6076129674911499,0.8265148401260376,0.86201536655426025,0.51987767584097855,0.84976297616958618
1,M2,5,cpsa,9,671,0.67809239940387478,0.93405091762542725,0.44625326991081238,0.89119207859039307,0.16393442622950818,0.29528951644897461
1,M2,5,cpsa,10,662,0.91238670694864044,0.36451348662376404,0.1550757884979248,0.90111827850341797,0.243202416918429,0.35521590709686279
1,M2,8,cpsa,8,654,0.4801223241590214,1.9329965114593506,0.8882063627243042,0.89964717626571655,0.53058103975535165,0.93400090932846069
1,M2,8,cpsa,9,671,0.67511177347242923,1.1316978931427002,0.47868773341178894,0.90155923366546631,0.16691505216095381,0.32338744401931763
1,M2,8,cpsa,10,662,0.91238670694864044,0.41537275910377502,0.15757001936435699,0.9160582423210144,0.243202416918429,0.40020978450775146
1,M2,16,cpsa,8,654,0.4785932721712538,2.3452985286712646,0.92224007844924927,0.92090523242950439,0.5321100917431193,0.98225545883178711
1,M2,16,cpsa,9,671,0.67362146050670646,1.3357625007629395,0.49923893809318542,0.90794962644577026,0.16840536512667661,0.34075501561164856
1,M2,16,cpsa,10,662,0.91238670694864044,0.48953729867935181,0.16154733300209045,0.92553037405014038,0.243202416918429,0.43093103170394897
1,M2,32,cpsa,8,654,0.4785932721712538,2.6721789836883545,0.9330403208732605,0.92792469263076782,0.53363914373088683,0.99879181385040283
1,M2,32,cpsa,9,671,0.67213114754098358,1.4665647745132446,0.50616258382797241,0.91006040573120117,0.16989567809239942,0.34680420160293579
1,M2,32,cpsa,10,662,0.91087613293051362,0.5519329309463501,0.16365206241607666,0.92894178628921509,0.24471299093655588,0.44294199347496033
1,M2,64,cpsa,8,654,0.4785932721712538,2.9344944953918457,0.93703663349151611,0.93063437938690186,0.53363914373088683,1.005315899848938
1,M2,64,cpsa,9,671,0.67213114754098358,1.5591962337493896,0.50874584913253784,0.91085290908813477,0.16989567809239942,0.34918010234832764
1,M2,64,cpsa,10,662,0.91087613293051362,0.60043346881866455,0.16463172435760498,0.93030041456222534,0.24471299093655588,0.44801962375640869
1,M2,100,cpsa,8,654,0.4785932721712538,3.0781123638153076,0.93826687335968018,0.93148571252822876,0.53363914373088683,1.0074009895324707
1,M2,100,cpsa,9,671,0.67213114754098358,1.6085461378097534,0.5095403790473938,0.91109776496887207,0.16989567809239942,0.34993690252304077
1,M2,100,cpsa,10,662,0.91087613293051362,0.62456268072128296,0.1649656742811203,0.93073570728302002,0.24471299093655588,0.44969817996025085
1,M3,1,cpsa,8,654,0.71100917431192656,0.97662001848220825,0.49924322962760925,0.68124359846115112,0,0
1,M3,1,cpsa,9,671,0.83904619970193739,0.24367469549179077,0.14318206906318665,0.83766287565231323,0,0
1,M3,1,cpsa,10,662,0.79003021148036257,0.36721384525299072,0.19624148309230804,0.82364243268966675,0,0
1,M3,2,cpsa,8,654,0.55351681957186549,0.99151080846786499,0.51433193683624268,0.73413658142089844,0.25688073394495414,0.36285749077796936
1,M3,2,cpsa,9,671,0.94187779433681074,0.18853947520256042,0.093304701149463654,0.87962949275970459,0.20715350223546944,0.18694400787353516
1,M3,2,cpsa,10,662,0.80966767371601212,0.49205607175827026,0.28800007700920105,0.87478077411651611,0.075528700906344406,0.21091456711292267
1,M3,3,cpsa,8,654,0.59021406727828751,1.068690299987793,0.54175543785095215,0.77649772167205811,0.34556574923547401,0.51980900764465332
1,M3,3,cpsa,9,671,0.91803278688524592,0.20746727287769318,0.10970308631658554,0.92022442817687988,0.23248882265275708,0.29336985945701599
1,M3,3,cpsa,10,662,0.78851963746223563,0.61602389812469482,0.33778935670852661,0.89290708303451538,0.1163141993957704,0.30880433320999146
1,M3,5,cpsa,8,654,0.60244648318042815,1.1926946640014648,0.5703166127204895,0.81408464908599854,0.37461773700305812,0.63688749074935913
1,M3,5,cpsa,9,671,0.91356184798807749,0.2721920907497406,0.13927942514419556,0.95105308294296265,0.23695976154992549,0.36991024017333984
1,M3,5,cpsa,10,662,0.76586102719033233,0.77974855899810791,0.38460749387741089,0.91353493928909302,0.13746223564954682,0.38584646582603455
1,M3,8,cpsa,8,654,0.60550458715596334,1.3035358190536499,0.58615577220916748,0.83106935024261475,0.38990825688073394,0.68995308876037598
1,M3,8,cpsa,9,671,0.91207153502235472,0.33379340171813965,0.15307207405567169,0.96160179376602173,0.23845007451564829,0.39887255430221558
1,M3,8,cpsa,10,662,0.7583081570996979,0.8958391547203064,0.40624800324440002,0.92299550771713257,0.14501510574018128,0.41911956667900085
1,M3,16,cpsa,8,654,0.60856269113149852,1.4394296407699585,0.59740191698074341,0.84151029586791992,0.40214067278287463,0.72338634729385376
1,M3,16,cpsa,9,671,0.91207153502235472,0.40121674537658691,0.16049253940582275,0.96666973829269409,0.23845007451564829,0.41420912742614746
1,M3,16,cpsa,10,662,0.75226586102719029,0.99754935503005981,0.41826719045639038,0.92818188667297363,0.15256797583081572,0.43879210948944092
1,M3,32,cpsa,8,654,0.60856269113149852,1.5426199436187744,0.601909339427948,0.84543740749359131,0.40366972477064222,0.73598486185073853
1,M3,32,cpsa,9,671,0.91058122205663194,0.4423280656337738,0.16284553706645966,0.96815800666809082,0.23994038748137109,0.41928395628929138
1,M3,32,cpsa,10,662,0.75226586102719029,1.048892617225647,0.42225897312164307,0.92986929416656494,0.15256797583081572,0.44600978493690491
1,M3,64,cpsa,8,654,0.60856269113149852,1.621741771697998,0.60381054878234863,0.84703505039215088,0.40672782874617736,0.74123567342758179
1,M3,64,cpsa,9,671,0.91058122205663194,0.46592414379119873,0.16372279822826385,0.96871072053909302,0.23994038748137109,0.42129293084144592
1,M3,64,cpsa,10,662,0.75226586102719029,1.074684739112854,0.42380678653717041,0.93047928810119629,0.15256797583081572,0.44902357459068298
1,M3,100,cpsa,8,654,0.60856269113149852,1.6638138294219971,0.60443276166915894,0.84754782915115356,0.40672782874617736,0.74295753240585327
1,M3,100,cpsa,9,671,0.91058122205663194,0.475298672914505,0.16399404406547546,0.96887880563735962,0.23994038748137109,0.42193886637687683
1,M3,100,cpsa,10,662,0.75226586102719029,1.0844500064849854,0.42429608106613159,0.93066442012786865,0.15256797583081572,0.45001652836799622
2,M1,1,late_product,8,654,0.74159021406727832,2.9515137672424316,0.50293231010437012,0.96717482805252075,0,0
2,M1,1,late_product,9,671,0.98956780923994037,0.033643130213022232,0.018440531566739082,0.99333781003952026,0,0
2,M1,1,late_product,10,662,0.98640483383685795,0.032546799629926682,0.020787348970770836,0.99297016859054565,0,0
2,M1,2,late_product,8,654,0.66360856269113155,5.036067008972168,0.64887130260467529,0.98199546337127686,0.13914373088685014,0.24905507266521454
2,M1,2,late_product,9,671,0.99105812220566314,0.026269474998116493,0.013060715049505234,0.99613934755325317,0.0014903129657228018,0.011268941685557365
2,M1,2,late_product,10,662,0.91691842900302112,0.35027298331260681,0.13947771489620209,0.98450130224227905,0.072507552870090641,0.13665936887264252
2,M1,3,late_product,8,654,0.65902140672782872,6.3025460243225098,0.67691504955291748,0.9913707971572876,0.1620795107033639,0.2997933030128479
2,M1,3,late_product,9,671,0.9940387481371088,0.025635058060288429,0.010291644372045994,0.9980769157409668,0.0044709388971684054,0.017166063189506531
2,M1,3,late_product,10,662,0.88368580060422963,1.0695962905883789,0.22138659656047821,0.99461847543716431,0.10574018126888217,0.20369049906730652
2,M1,5,late_product,8,654,0.64831804281345562,7.9272384643554688,0.6950569748878479,0.99260437488555908,0.18042813455657492,0.33154743909835815
2,M1,5,late_product,9,671,0.9940387481371088,0.031884133815765381,0.0090528624132275581,0.99803894758224487,0.0044709388971684054,0.02223152294754982
2,M1,5,late_product,10,662,0.87311178247734134,2.5340816974639893,0.24706558883190155,0.996368408203125,0.1163141993957704,0.22701551020145416
2,M1,8,late_product,8,654,0.6330275229357798,9.3103885650634766,0.72828519344329834,0.99222463369369507,0.19724770642201836,0.36754330992698669
2,M1,8,late_product,9,671,0.98658718330849482,0.087164141237735748,0.021546589210629463,0.99660438299179077,0.017883755588673621,0.040723029524087906
2,M1,8,late_product,10,662,0.8655589123867069,3.307790994644165,0.26646855473518372,0.99790507555007935,0.12386706948640483,0.24424582719802856
2,M1,16,late_product,8,654,0.59174311926605505,10.446406364440918,0.81734156608581543,0.99660229682922363,0.22171253822629969,0.42193490266799927
2,M1,16,late_product,9,671,0.97466467958271241,0.41585099697113037,0.050634972751140594,0.99798154830932617,0.029806259314456036,0.072167053818702698
2,M1,16,late_product,10,662,0.85045317220543803,3.7542886734008789,0.29611620306968689,0.99772769212722778,0.13897280966767372,0.27516251802444458
2,M1,32,late_product,8,654,0.56880733944954132,11.452383995056152,0.85711508989334106,0.99754750728607178,0.23853211009174313,0.45335298776626587
2,M1,32,late_product,9,671,0.95230998509687037,0.84962964057922363,0.089046314358711243,0.99530923366546631,0.05216095380029806,0.11430752277374268
2,M1,32,late_product,10,662,0.83987915407854985,4.1366772651672363,0.3186592161655426,0.99925041198730469,0.15105740181268881,0.2975250780582428
2,M1,64,late_product,8,654,0.55963302752293576,11.878811836242676,0.87999367713928223,0.99979692697525024,0.24464831804281345,0.46813485026359558
2,M1,64,late_product,9,671,0.92399403874813713,1.4536349773406982,0.14488163590431213,0.99738413095474243,0.080476900149031291,0.1672239750623703
2,M1,64,late_product,10,662,0.8368580060422961,4.3979907035827637,0.32448303699493408,0.99890226125717163,0.15407854984894259,0.30381941795349121
2,M1,100,late_product,8,654,0.55963302752293576,12.079233169555664,0.88019067049026489,0.99943423271179199,0.24464831804281345,0.46885424852371216
2,M1,100,late_product,9,671,0.91952309985096869,1.8996131420135498,0.16105547547340393,0.99947786331176758,0.084947839046199708,0.1807987242937088
2,M1,100,late_product,10,662,0.83383685800604235,4.4621973037719727,0.33192145824432373,0.99979275465011597,0.15709969788519637,0.30990439653396606
2,M2,1,late_product,8,654,0.74159021406727832,2.9515137672424316,0.50293231010437012,0.96717482805252075,0,0
2,M2,1,late_product,9,671,0.98956780923994037,0.033643130213022232,0.018440531566739082,0.99333781003952026,0,0
2,M2,1,late_product,10,662,0.98640483383685795,0.032546799629926682,0.020787348970770836,0.99297016859054565,0,0
2,M2,2,late_product,8,654,0.63608562691131498,3.8143119812011719,0.68065130710601807,0.97532510757446289,0.18807339449541285,0.33297368884086609
2,M2,2,late_product,9,671,0.84798807749627425,0.31554901599884033,0.21474753320217133,0.96425014734268188,0.14157973174366617,0.23826733231544495
2,M2,2,late_product,10,662,0.99546827794561932,0.0078788641840219498,0.0046782325953245163,0.99827569723129272,0.0090634441087613302,0.024989912286400795
2,M2,3,late_product,8,654,0.62996941896024461,5.3556966781616211,0.69651460647583008,0.96250629425048828,0.32262996941896027,0.59313273429870605
2,M2,3,late_product,9,671,0.81669150521609535,2.0816354751586914,0.36252042651176453,0.99729669094085693,0.17287630402384502,0.3384060263633728
2,M2,3,late_product,10,662,0.99848942598187307,0.008556111715734005,0.0033774473704397678,0.99901735782623291,0.012084592145015106,0.027722310274839401
2,M2,5,late_product,8,654,0.48165137614678899,10.73060131072998,1.0320479869842529,0.99635690450668335,0.5,0.95006668567657471
2,M2,5,late_product,9,671,0.8137108792846498,3.7091634273529053,0.363881915807724,0.99386864900588989,0.17585692995529062,0.34758564829826355
2,M2,5,late_product,10,662,0.92749244712990941,0.370464026927948,0.1302744448184967,0.99128782749176025,0.083081570996978854,0.16782206296920776
2,M2,8,late_product,8,654,0.48165137614678899,13.150178909301758,1.0267215967178345,0.99535143375396729,0.50305810397553519,0.96361839771270752
2,M2,8,late_product,9,671,0.71833084947839043,5.1069297790527344,0.53339111804962158,0.98760265111923218,0.27719821162444114,0.53240573406219482
2,M2,8,late_product,10,662,0.91691842900302112,1.9906083345413208,0.1661626398563385,0.99999785423278809,0.093655589123867067,0.19213749468326569
2,M2,16,late_product,8,654,0.48623853211009177,13.798965454101562,1.0208841562271118,0.997749924659729,0.51987767584097855,1.0252139568328857
2,M2,16,late_product,9,671,0.67809239940387478,7.5004229545593262,0.63848185539245605,0.99603110551834106,0.31743666169895679,0.62371987104415894
2,M2,16,late_product,10,662,0.91691842900302112,2.2918937206268311,0.16616314649581909,1,0.093655589123867067,0.1921413242816925
2,M2,32,late_product,8,654,0.49082568807339449,13.955207824707031,1.0181046724319458,0.99916380643844604,0.53058103975535165,1.0460233688354492
2,M2,32,late_product,9,671,0.66169895678092394,9.0848703384399414,0.67239910364151001,0.9980548620223999,0.33383010432190763,0.65876197814941406
2,M2,32,late_product,10,662,0.91691842900302112,2.2956414222717285,0.16616335511207581,0.99998736381530762,0.093655589123867067,0.19216655194759369
2,M2,64,late_product,8,654,0.4892966360856269,14.034029960632324,1.0213521718978882,0.99927347898483276,0.53058103975535165,1.0469422340393066
2,M2,64,late_product,9,671,0.65424739195230996,9.3850870132446289,0.69029092788696289,0.99870532751083374,0.34277198211624443,0.67744642496109009
2,M2,64,late_product,10,662,0.9154078549848943,2.3053555488586426,0.16917464137077332,0.99999761581420898,0.095166163141993956,0.19515754282474518
2,M2,100,late_product,8,654,0.48776758409785931,14.081250190734863,1.024223804473877,0.99987328052520752,0.53058103975535165,1.0469471216201782
2,M2,100,late_product,9,671,0.64977645305514153,9.5410852432250977,0.70008999109268188,0.99981719255447388,0.34724292101341281,0.68556636571884155
2,M2,100,late_product,10,662,0.9154078549848943,2.3244051933288574,0.16918429732322693,1,0.095166163141993956,0.19516238570213318
2,M3,1,late_product,8,654,0.74159021406727832,2.9515137672424316,0.50293231010437012,0.96717482805252075,0,0
2,M3,1,late_product,9,671,0.98956780923994037,0.033643130213022232,0.018440531566739082,0.99333781003952026,0,0
2,M3,1,late_product,10,662,0.98640483383685795,0.032546799629926682,0.020787348970770836,0.99297016859054565,0,0
2,M3,2,late_product,8,654,0.72324159021406731,4.1287713050842285,0.54279875755310059,0.99381780624389648,0.021406727828746176,0.088252358138561249
2,M3,2,late_product,9,671,0.98509687034277194,0.071550779044628143,0.029047871008515358,0.99617588520050049,0.0044709388971684054,0.023011544719338417
2,M3,2,late_product,10,662,0.98791540785498488,0.04593919962644577,0.021733541041612625,0.99771642684936523,0.0045317220543806651,0.019445866346359253
2,M3,3,late_product,8,654,0.71100917431192656,5.0193996429443359,0.56740653514862061,0.98922628164291382,0.039755351681957186,0.13265492022037506
2,M3,3,late_product,9,671,0.97019374068554398,0.1501305103302002,0.051957655698060989,0.99542957544326782,0.019374068554396422,0.04693424329161644
2,M3,3,late_product,10,662,0.98640483383685795,0.083095356822013855,0.025537000969052315,0.99819880723953247,0.010574018126888218,0.029170051217079163
2,M3,5,late_product,8,654,0.66055045871559637,6.4392409324645996,0.66884022951126099,0.99451315402984619,0.11467889908256881,0.27383267879486084
2,M3,5,late_product,9,671,0.9567809239940388,0.3937695324420929,0.082234084606170654,0.9968181848526001,0.032786885245901641,0.075095556676387787
2,M3,5,late_product,10,662,0.90030211480362543,0.31309786438941956,0.10705608874559402,0.96575593948364258,0.099697885196374625,0.15760479867458344
2,M3,8,late_product,8,654,0.64678899082568808,8.049835205078125,0.69843208789825439,0.99507874250411987,0.14525993883792049,0.33765727281570435
2,M3,8,late_product,9,671,0.94485842026825628,0.85660421848297119,0.10741666704416275,0.99771839380264282,0.044709388971684055,0.099439017474651337
2,M3,8,late_product,10,662,0.86706948640483383,1.599568247795105,0.26001030206680298,0.99505060911178589,0.12990936555891239,0.26944667100906372
2,M3,16,late_product,8,654,0.62844036697247707,9.0397415161132812,0.73297089338302612,0.99284803867340088,0.19571865443425077,0.43766942620277405
2,M3,16,late_product,9,671,0.91952309985096869,1.6532162427902222,0.15658098459243774,0.99698597192764282,0.070044709388971685,0.14901328086853027
2,M3,16,late_product,10,662,0.8262839879154078,4.1977105140686035,0.3402007520198822,0.99679857492446899,0.17069486404833836,0.34595996141433716
2,M3,32,late_product,8,654,0.62385321100917435,9.6584358215332031,0.74951088428497314,0.99815249443054199,0.22324159021406728,0.4936562180519104
2,M3,32,late_product,9,671,0.90014903129657231,2.3201367855072021,0.19702903926372528,0.99920815229415894,0.089418777943368111,0.18646344542503357
2,M3,32,late_product,10,662,0.80513595166163143,5.0464229583740234,0.38457950949668884,0.99745625257492065,0.19335347432024169,0.38880792260169983
2,M3,64,late_product,8,654,0.62079510703363916,9.9377508163452148,0.75432866811752319,0.99793338775634766,0.24464831804281345,0.53601253032684326
2,M3,64,late_product,9,671,0.89716840536512665,2.7455084323883057,0.20561930537223816,0.99998897314071655,0.092399403874813713,0.19398289918899536
2,M3,64,late_product,10,662,0.79305135951661632,5.52142333984375,0.41266900300979614,0.99832236766815186,0.20543806646525681,0.41450905799865723
2,M3,100,late_product,8,654,0.6223241590214067,9.9735317230224609,0.75508493185043335,0.99911612272262573,0.24770642201834864,0.54488283395767212
2,M3,100,late_product,9,671,0.89716840536512665,2.8228740692138672,0.20566374063491821,0.99997961521148682,0.092399403874813713,0.19404558837413788
2,M3,100,late_product,10,662,0.78549848942598188,5.7178492546081543,0.4269830584526062,0.99929237365722656,0.21299093655589124,0.42728376388549805
2,M1,1,late_mean,8,654,0.66055045871559637,0.94767475128173828,0.46514439582824707,0.62930351495742798,0,0
2,M1,1,late_mean,9,671,0.97168405365126675,0.27058979868888855,0.14546455442905426,0.80542474985122681,0,0
2,M1,1,late_mean,10,662,0.98187311178247738,0.28191423416137695,0.14128924906253815,0.79063171148300171,0,0
2,M1,2,late_mean,8,654,0.58103975535168195,1.0209739208221436,0.50831270217895508,0.69694441556930542,0.11926605504587157,0.16850870847702026
2,M1,2,late_mean,9,671,0.95827123695976157,0.24090489745140076,0.12569448351860046,0.82139384746551514,0.037257824143070044,0.070536717772483826
2,M1,2,late_mean,10,662,0.87311178247734134,0.31879919767379761,0.16653481125831604,0.79745012521743774,0.10876132930513595,0.11390344798564911
2,M1,3,late_mean,8,654,0.57492354740061158,1.0858756303787231,0.54925286769866943,0.74110895395278931,0.12844036697247707,0.26961395144462585
2,M1,3,late_mean,9,671,0.94485842026825628,0.22832033038139343,0.11925435066223145,0.83288955688476562,0.050670640834575259,0.11285875737667084
2,M1,3,late_mean,10,662,0.85196374622356497,0.34966912865638733,0.19113531708717346,0.80907559394836426,0.12990936555891239,0.18224550783634186
2,M1,5,late_mean,8,654,0.56422018348623848,1.1899008750915527,0.60985296964645386,0.79258757829666138,0.13914373088685014,0.38516274094581604
2,M1,5,late_mean,9,671,0.93442622950819676,0.21802350878715515,0.11687350273132324,0.84778761863708496,0.067064083457526083,0.1612267941236496
2,M1,5,late_mean,10,662,0.84894259818731121,0.39737564325332642,0.22793169319629669,0.8235619068145752,0.13444108761329304,0.26035076379776001
2,M1,8,late_mean,8,654,0.55810397553516822,1.3034985065460205,0.66497111320495605,0.83173501491546631,0.14525993883792049,0.47182434797286987
2,M1,8,late_mean,9,671,0.9254843517138599,0.21324300765991211,0.11857335269451141,0.86024397611618042,0.076005961251862889,0.19750283658504486
2,M1,8,late_mean,10,662,0.83836858006042292,0.44774210453033447,0.26160600781440735,0.83528250455856323,0.14501510574018128,0.31892967224121094
2,M1,16,late_mean,8,654,0.55504587155963303,1.4903063774108887,0.73088347911834717,0.87257957458496094,0.14831804281345565,0.56169569492340088
2,M1,16,late_mean,9,671,0.91207153502235472,0.21155549585819244,0.1234917938709259,0.87414205074310303,0.089418777943368111,0.23512238264083862
2,M1,16,late_mean,10,662,0.83836858006042292,0.52803558111190796,0.30202937126159668,0.84798991680145264,0.14501510574018128,0.37967818975448608
2,M1,32,late_mean,8,654,0.55504587155963303,1.6844191551208496,0.77381855249404907,0.89663600921630859,0.14831804281345565,0.61456114053726196
2,M1,32,late_mean,9,671,0.91058122205663194,0.2128058522939682,0.1278858482837677,0.88268369436264038,0.090909090909090912,0.25725159049034119
2,M1,32,late_mean,10,662,0.82930513595166166,0.60993343591690063,0.32842463254928589,0.85556703805923462,0.1555891238670695,0.4154125452041626
2,M1,64,late_mean,8,654,0.55351681957186549,1.8720042705535889,0.79853743314743042,0.9097941517829895,0.14984709480122324,0.64339685440063477
2,M1,64,late_mean,9,671,0.90760059612518629,0.21461875736713409,0.13075122237205505,0.88738387823104858,0.093889716840536513,0.26932200789451599
2,M1,64,late_mean,10,662,0.81722054380664655,0.68942981958389282,0.343639075756073,0.8600648045539856,0.16767371601208458,0.4349040687084198
2,M1,100,late_mean,8,654,0.55198776758409784,1.9848642349243164,0.80804347991943359,0.91472995281219482,0.15137614678899083,0.65421015024185181
2,M1,100,late_mean,9,671,0.90760059612518629,0.21560832858085632,0.13191099464893341,0.88915222883224487,0.093889716840536513,0.27384838461875916
2,M1,100,late_mean,10,662,0.81570996978851962,0.73813337087631226,0.3494931161403656,0.86182248592376709,0.16918429003021149,0.44221335649490356
2,M2,1,late_mean,8,654,0.66055045871559637,0.94767475128173828,0.46514439582824707,0.62930351495742798,0,0
2,M2,1,late_mean,9,671,0.97168405365126675,0.27058979868888855,0.14546455442905426,0.80542474985122681,0,0
2,M2,1,late_mean,10,662,0.98187311178247738,0.28191423416137695,0.14128924906253815,0.79063171148300171,0,0
2,M2,2,late_mean,8,654,0.52905198776758411,0.98861294984817505,0.50947564840316772,0.64674597978591919,0.41896024464831805,0.20688188076019287
2,M2,2,late_mean,9,671,0.84053651266766016,0.35090047121047974,0.21148194372653961,0.78218144178390503,0.13412816691505217,0.11237181723117828
2,M2,2,late_mean,10,662,0.95770392749244715,0.24771177768707275,0.1194901242852211,0.81751430034637451,0.042296072507552872,0.10009980201721191
2,M2,3,late_mean,8,654,0.4892966360856269,1.0453989505767822,0.55906486511230469,0.70070439577102661,0.47094801223241589,0.33101099729537964
2,M2,3,late_mean,9,671,0.66318926974664683,0.41377297043800354,0.26247838139533997,0.80376923084259033,0.31296572280178836,0.17979489266872406
2,M2,3,late_mean,10,662,0.91691842900302112,0.2368038147687912,0.11462248861789703,0.84129339456558228,0.083081570996978854,0.16015966236591339
2,M2,5,late_mean,8,654,0.48623853211009177,1.1507234573364258,0.63685190677642822,0.76579093933105469,0.48318042813455658,0.47287285327911377
2,M2,5,late_mean,9,671,0.66020864381520117,0.5079493522644043,0.33121654391288757,0.83288246393203735,0.32190760059612517,0.25684985518455505
2,M2,5,late_mean,10,662,0.91691842900302112,0.23437504470348358,0.11660096049308777,0.87105429172515869,0.083081570996978854,0.22879952192306519
2,M2,8,late_mean,8,654,0.48623853211009177,1.276232123374939,0.70997190475463867,0.81511098146438599,0.48318042813455658,0.57926923036575317
2,M2,8,late_mean,9,671,0.65573770491803274,0.60545945167541504,0.39008975028991699,0.85547357797622681,0.3263785394932936,0.31464108824729919
2,M2,8,late_mean,10,662,0.9154078549848943,0.2428840845823288,0.12336383759975433,0.89338171482086182,0.084592145015105744,0.28027939796447754
2,M2,16,late_mean,8,654,0.48623853211009177,1.4973952770233154,0.79918062686920166,0.86626732349395752,0.48470948012232418,0.68960624933242798
2,M2,16,late_mean,9,671,0.64977645305514153,0.75781065225601196,0.45777022838592529,0.87925708293914795,0.3323397913561848,0.37457272410392761
2,M2,16,late_mean,10,662,0.9154078549848943,0.27065145969390869,0.13515658676624298,0.91664254665374756,0.084592145015105744,0.33366596698760986
2,M2,32,late_mean,8,654,0.48623853211009177,1.7436199188232422,0.85802048444747925,0.89641958475112915,0.48470948012232418,0.75451034307479858
2,M2,32,late_mean,9,671,0.64977645305514153,0.90786474943161011,0.50073403120040894,0.89349019527435303,0.3353204172876304,0.4098266065120697
2,M2,32,late_mean,10,662,0.9154078549848943,0.31068578362464905,0.14436668157577515,0.93032532930374146,0.084592145015105744,0.36506980657577515
2,M2,64,late_mean,8,654,0.48776758409785931,1.9997196197509766,0.89210188388824463,0.9128764271736145,0.48623853211009177,0.78991270065307617
2,M2,64,late_mean,9,671,0.64977645305514153,1.046420693397522,0.52515292167663574,0.90127241611480713,0.3353204172876304,0.42905598878860474
2,M2,64,late_mean,10,662,0.9154078549848943,0.35735926032066345,0.15010006725788116,0.93778866529464722,0.084592145015105744,0.38219913840293884
2,M2,100,late_mean,8,654,0.48776758409785931,2.1652026176452637,0.90524423122406006,0.91905170679092407,0.48623853211009177,0.80318838357925415
2,M2,100,late_mean,9,671,0.64977645305514153,1.1274100542068481,0.53448903560638428,0.90419065952301025,0.3353204172876304,0.43626692891120911
2,M2,100,late_mean,10,662,0.9154078549848943,0.38896659016609192,0.15237927436828613,0.94058734178543091,0.084592145015105744,0.38862264156341553
2,M3,1,late_mean,8,654,0.66055045871559637,0.94767475128173828,0.46514439582824707,0.62930351495742798,0,0
2,M3,1,late_mean,9,671,0.97168405365126675,0.27058979868888855,0.14546455442905426,0.80542474985122681,0,0
2,M3,1,late_mean,10,662,0.98187311178247738,0.28191423416137695,0.14128924906253815,0.79063171148300171,0,0
2,M3,2,late_mean,8,654,0.65443425076452599,0.91426634788513184,0.43665260076522827,0.66310560703277588,0.27981651376146788,0.19141802191734314
2,M3,2,late_mean,9,671,0.92846497764530556,0.24463842809200287,0.12515370547771454,0.83630114793777466,0.061102831594634872,0.097039788961410522
2,M3,2,late_mean,10,662,0.82930513595166166,0.30674171447753906,0.16744542121887207,0.79944097995758057,0.17673716012084592,0.11527673900127411
2,M3,3,late_mean,8,654,0.63149847094801226,0.92059326171875,0.43817543983459473,0.69943547248840332,0.33180428134556578,0.3062688410282135
2,M3,3,late_mean,9,671,0.91356184798807749,0.23524078726768494,0.121058389544487,0.85833978652954102,0.076005961251862889,0.15526367723941803
2,M3,3,late_mean,10,662,0.8141993957703928,0.33187109231948853,0.19389258325099945,0.82313966751098633,0.19184290030211482,0.18444278836250305
2,M3,5,late_mean,8,654,0.6223241590214067,0.95508420467376709,0.45701393485069275,0.74668353796005249,0.3577981651376147,0.4375268816947937
2,M3,5,late_mean,9,671,0.90163934426229508,0.23074765503406525,0.12380868941545486,0.88505595922470093,0.08792846497764531,0.22180521488189697
2,M3,5,late_mean,10,662,0.8036253776435045,0.37413254380226135,0.23399348556995392,0.85212695598602295,0.2039274924471299,0.26348972320556641
2,M3,8,late_mean,8,654,0.61926605504587151,1.0087586641311646,0.48311147093772888,0.78357958793640137,0.37155963302752293,0.53597044944763184
2,M3,8,late_mean,9,671,0.90014903129657231,0.23292070627212524,0.13107287883758545,0.90581101179122925,0.089418777943368111,0.27171140909194946
2,M3,8,late_mean,10,662,0.79456193353474325,0.42098754644393921,0.27098211646080017,0.87468355894088745,0.21299093655589124,0.32277491688728333
2,M3,16,late_mean,8,654,0.62079510703363916,1.1139147281646729,0.52101141214370728,0.82276022434234619,0.37767584097859325,0.63806015253067017
2,M3,16,late_mean,9,671,0.89716840536512665,0.24289682507514954,0.14331528544425964,0.92760622501373291,0.092399403874813713,0.32346600294113159
2,M3,16,late_mean,10,662,0.78549848942598188,0.49662846326828003,0.31559935212135315,0.89888375997543335,0.22205438066465258,0.38425582647323608
2,M3,32,late_mean,8,654,0.62691131498470953,1.2344056367874146,0.54845923185348511,0.84599989652633667,0.39143730886850153,0.69811278581619263
2,M3,32,late_mean,9,671,0.89567809239940388,0.25531148910522461,0.1527564525604248,0.94049865007400513,0.093889716840536513,0.35390987992286682
2,M3,32,late_mean,10,662,0.7809667673716012,0.57037585973739624,0.3448215126991272,0.91358214616775513,0.22658610271903323,0.42042109370231628
2,M3,64,late_mean,8,654,0.63149847094801226,1.3572536706924438,0.56503975391387939,0.85890984535217285,0.39908256880733944,0.73086881637573242
2,M3,64,late_mean,9,671,0.89567809239940388,0.2661232054233551,0.15860548615455627,0.94755887985229492,0.093889716840536513,0.37051549553871155
2,M3,64,late_mean,10,662,0.77341389728096677,0.63394629955291748,0.36169025301933289,0.92170095443725586,0.23413897280966767,0.44014754891395569
2,M3,100,late_mean,8,654,0.63149847094801226,1.4337797164916992,0.57155030965805054,0.86377435922622681,0.39908256880733944,0.74315232038497925
2,M3,100,late_mean,9,671,0.89567809239940388,0.27148070931434631,0.16092611849308014,0.9502066969871521,0.093889716840536513,0.37674281001091003
2,M3,100,late_mean,10,662,0.77341389728096677,0.66727328300476074,0.36818516254425049,0.92479896545410156,0.23413897280966767,0.44754499197006226
2,M1,1,cpsa,8,654,0.59938837920489296,1.0164307355880737,0.48393380641937256,0.71900522708892822,0,0
2,M1,1,cpsa,9,671,0.94336810730253351,0.22762888669967651,0.12043262273073196,0.84404492378234863,0,0
2,M1,1,cpsa,10,662,0.99093655589123864,0.20533992350101471,0.096220299601554871,0.83922076225280762,0,0
2,M1,2,cpsa,8,654,0.58103975535168195,1.1918338537216187,0.56796497106552124,0.77423208951950073,0.1743119266055046,0.26490205526351929
2,M1,2,cpsa,9,671,0.93740685543964231,0.19580928981304169,0.10481850057840347,0.86721622943878174,0.02533532041728763,0.10621292889118195
2,M1,2,cpsa,10,662,0.8655589123867069,0.31311506032943726,0.17651477456092834,0.84224617481231689,0.12537764350453173,0.18688693642616272
2,M1,3,cpsa,8,654,0.56880733944954132,1.3745182752609253,0.65402066707611084,0.83609467744827271,0.28134556574923547,0.40988367795944214
2,M1,3,cpsa,9,671,0.92399403874813713,0.19719237089157104,0.11255531013011932,0.87911111116409302,0.038748137108792845,0.15468262135982513
2,M1,3,cpsa,10,662,0.84743202416918428,0.42014428973197937,0.24423184990882874,0.85506778955459595,0.14350453172205438,0.2906356155872345
2,M1,5,cpsa,8,654,0.55810397553516822,1.6371569633483887,0.74387013912200928,0.88635307550430298,0.29204892966360857,0.52365291118621826
2,M1,5,cpsa,9,671,0.91207153502235472,0.2053246796131134,0.12287144362926483,0.88775873184204102,0.050670640834575259,0.18896886706352234
2,M1,5,cpsa,10,662,0.83836858006042292,0.5588189959526062,0.3037814199924469,0.86100286245346069,0.15256797583081572,0.37596505880355835
2,M1,8,cpsa,8,654,0.55504587155963303,1.8572509288787842,0.78689545392990112,0.90686959028244019,0.29510703363914376,0.57154399156570435
2,M1,8,cpsa,9,671,0.90909090909090906,0.21095532178878784,0.12817077338695526,0.89093661308288574,0.053651266766020868,0.20372004806995392
2,M1,8,cpsa,10,662,0.83081570996978849,0.66848844289779663,0.33194366097450256,0.86292260885238647,0.16012084592145015,0.417703777551651
2,M1,16,cpsa,8,654,0.55351681957186549,2.1027367115020752,0.81171661615371704,0.91789835691452026,0.29663608562691129,0.59914928674697876
2,M1,16,cpsa,9,671,0.90760059612518629,0.21504491567611694,0.1316407173871994,0.89221328496932983,0.055141579731743669,0.21291075646877289
2,M1,16,cpsa,10,662,0.81722054380664655,0.79119265079498291,0.34941557049751282,0.86419743299484253,0.17371601208459214,0.44542968273162842
2,M1,32,cpsa,8,654,0.55351681957186549,2.2730672359466553,0.8199695348739624,0.92139780521392822,0.29663608562691129,0.6088871955871582
2,M1,32,cpsa,9,671,0.90760059612518629,0.21670159697532654,0.13301257789134979,0.89242768287658691,0.055141579731743669,0.21645408868789673
2,M1,32,cpsa,10,662,0.8141993957703928,0.876384437084198,0.35573813319206238,0.86470448970794678,0.17673716012084592,0.45629695057868958
2,M1,64,cpsa,8,654,0.55198776758409784,2.4002883434295654,0.82315129041671753,0.92271631956100464,0.29816513761467889,0.61285972595214844
2,M1,64,cpsa,9,671,0.90760059612518629,0.21742504835128784,0.13361214101314545,0.89243984222412109,0.055141579731743669,0.21797691285610199
2,M1,64,cpsa,10,662,0.80966767371601212,0.93502390384674072,0.35828328132629395,0.86493021249771118,0.18126888217522658,0.46093675494194031
2,M1,100,cpsa,8,654,0.55198776758409784,2.4687988758087158,0.82416528463363647,0.92313081026077271,0.29816513761467889,0.61416494846343994
2,M1,100,cpsa,9,671,0.90760059612518629,0.21766878664493561,0.13381466269493103,0.89242982864379883,0.055141579731743669,0.2184855043888092
2,M1,100,cpsa,10,662,0.80966767371601212,0.96246522665023804,0.35910108685493469,0.86500722169876099,0.18126888217522658,0.46247684955596924
2,M2,1,cpsa,8,654,0.59938837920489296,1.0164307355880737,0.48393380641937256,0.71900522708892822,0,0
2,M2,1,cpsa,9,671,0.94336810730253351,0.22762888669967651,0.12043262273073196,0.84404492378234863,0,0
2,M2,1,cpsa,10,662,0.99093655589123864,0.20533992350101471,0.096220299601554871,0.83922076225280762,0,0
2,M2,2,cpsa,8,654,0.63761467889908252,1.1621127128601074,0.55052095651626587,0.74885940551757812,0.22324159021406728,0.31835463643074036
2,M2,2,cpsa,9,671,0.75111773472429211,0.37678113579750061,0.23165392875671387,0.8223080039024353,0.20119225037257824,0.18203407526016235
2,M2,2,cpsa,10,662,0.97432024169184295,0.15074390172958374,0.05933663621544838,0.88092869520187378,0.031722054380664652,0.14712384343147278
2,M2,3,cpsa,8,654,0.50305810397553519,1.3686773777008057,0.66342359781265259,0.79348641633987427,0.37308868501529052,0.52303850650787354
2,M2,3,cpsa,9,671,0.66318926974664683,0.53399527072906494,0.33778655529022217,0.83924669027328491,0.29210134128166915,0.29724374413490295
2,M2,3,cpsa,10,662,0.96223564954682783,0.15888847410678864,0.071608997881412506,0.89428359270095825,0.043806646525679761,0.2256087064743042
2,M2,5,cpsa,8,654,0.48623853211009177,1.7194616794586182,0.81237250566482544,0.87247830629348755,0.39449541284403672,0.69642239809036255
2,M2,5,cpsa,9,671,0.65424739195230996,0.76254910230636597,0.44913569092750549,0.87721127271652222,0.30402384500745155,0.39225736260414124
2,M2,5,cpsa,10,662,0.9154078549848943,0.20574246346950531,0.10853039473295212,0.91718596220016479,0.090634441087613288,0.29942432045936584
2,M2,8,cpsa,8,654,0.48623853211009177,2.0525720119476318,0.88079386949539185,0.90456134080886841,0.39449541284403672,0.76795345544815063
2,M2,8,cpsa,9,671,0.65126676602086442,0.94796609878540039,0.50313431024551392,0.89410758018493652,0.30849478390461998,0.43348792195320129
2,M2,8,cpsa,10,662,0.9154078549848943,0.26552337408065796,0.13406997919082642,0.9319043755531311,0.090634441087613288,0.33577066659927368
2,M2,16,cpsa,8,654,0.48623853211009177,2.4758846759796143,0.91437625885009766,0.92126089334487915,0.39602446483180426,0.80683660507202148
2,M2,16,cpsa,9,671,0.64977645305514153,1.1502498388290405,0.53435981273651123,0.90379679203033447,0.30998509687034276,0.45750606060028076
2,M2,16,cpsa,10,662,0.9154078549848943,0.3522932231426239,0.14928083121776581,0.94054132699966431,0.090634441087613288,0.3580051064491272
2,M2,32,cpsa,8,654,0.48776758409785931,2.8114275932312012,0.92394083738327026,0.9266243577003479,0.39755351681957185,0.81994432210922241
2,M2,32,cpsa,9,671,0.64977645305514153,1.2854390144348145,0.54469156265258789,0.90712010860443115,0.30998509687034276,0.46599042415618896
2,M2,32,cpsa,10,662,0.9154078549848943,0.42602860927581787,0.15392793715000153,0.94352936744689941,0.090634441087613288,0.36615166068077087
2,M2,64,cpsa,8,654,0.48776758409785931,3.0808639526367188,0.9272724986076355,0.92867249250411987,0.39755351681957185,0.82513588666915894
2,M2,64,cpsa,9,671,0.64977645305514153,1.3826688528060913,0.54863536357879639,0.90843337774276733,0.30998509687034276,0.4694308340549469
2,M2,64,cpsa,10,662,0.9154078549848943,0.48521491885185242,0.15553896129131317,0.94471585750579834,0.090634441087613288,0.36952409148216248
2,M2,100,cpsa,8,654,0.48776758409785931,3.2300524711608887,0.92828238010406494,0.92932248115539551,0.39755351681957185,0.82681393623352051
2,M2,100,cpsa,9,671,0.64977645305514153,1.4344668388366699,0.54987460374832153,0.90885460376739502,0.30998509687034276,0.47055000066757202
2,M2,100,cpsa,10,662,0.9154078549848943,0.5161781907081604,0.15601412951946259,0.94509655237197876,0.090634441087613288,0.37063091993331909
2,M3,1,cpsa,8,654,0.59938837920489296,1.0164307355880737,0.48393380641937256,0.71900522708892822,0,0
2,M3,1,cpsa,9,671,0.94336810730253351,0.22762888669967651,0.12043262273073196,0.84404492378234863,0,0
2,M3,1,cpsa,10,662,0.99093655589123864,0.20533992350101471,0.096220299601554871,0.83922076225280762,0,0
2,M3,2,cpsa,8,654,0.65290519877675846,0.95798158645629883,0.46009546518325806,0.72981691360473633,0.32262996941896027,0.30599284172058105
2,M3,2,cpsa,9,671,0.91505216095380026,0.21762596070766449,0.11468955129384995,0.87505841255187988,0.10581222056631892,0.14062473177909851
2,M3,2,cpsa,10,662,0.82779456193353473,0.29340416193008423,0.17730319499969482,0.85241413116455078,0.17220543806646527,0.17747122049331665
2,M3,3,cpsa,8,654,0.62996941896024461,1.0139156579971313,0.48483401536941528,0.78632712364196777,0.36391437308868502,0.48354440927505493
2,M3,3,cpsa,9,671,0.90014903129657231,0.2297704666852951,0.12884992361068726,0.90570038557052612,0.12071535022354694,0.22173134982585907
2,M3,3,cpsa,10,662,0.80513595166163143,0.38843551278114319,0.25105944275856018,0.88422507047653198,0.19486404833836857,0.27488794922828674
2,M3,5,cpsa,8,654,0.61926605504587151,1.1505345106124878,0.53043448925018311,0.83660393953323364,0.38685015290519875,0.6291162371635437
2,M3,5,cpsa,9,671,0.89716840536512665,0.25101581215858459,0.14658272266387939,0.93264085054397583,0.12667660208643816,0.29001259803771973
2,M3,5,cpsa,10,662,0.79305135951661632,0.51505792140960693,0.31982600688934326,0.90999460220336914,0.20694864048338368,0.35158500075340271
2,M3,8,cpsa,8,654,0.62079510703363916,1.2922123670578003,0.55712169408798218,0.85718798637390137,0.38837920489296635,0.69347983598709106
2,M3,8,cpsa,9,671,0.89567809239940388,0.26561659574508667,0.15591830015182495,0.94447791576385498,0.12816691505216096,0.32086271047592163
2,M3,8,cpsa,10,662,0.78247734138972813,0.6066785454750061,0.35125753283500671,0.92100518941879272,0.2175226586102719,0.38585826754570007
2,M3,16,cpsa,8,654,0.62996941896024461,1.4765170812606812,0.57383984327316284,0.86757797002792358,0.39296636085626913,0.73072081804275513
2,M3,16,cpsa,9,671,0.89567809239940388,0.27672433853149414,0.1617618054151535,0.95122146606445312,0.12816691505216096,0.33934593200683594
2,M3,16,cpsa,10,662,0.77945619335347427,0.68798840045928955,0.36954057216644287,0.92709505558013916,0.22054380664652568,0.40709817409515381
2,M3,32,cpsa,8,654,0.63149847094801226,1.6190656423568726,0.57966679334640503,0.87073540687561035,0.39449541284403672,0.74385839700698853
2,M3,32,cpsa,9,671,0.89567809239940388,0.2812466025352478,0.16384348273277283,0.95346873998641968,0.12816691505216096,0.34594625234603882
2,M3,32,cpsa,10,662,0.77341389728096677,0.72765374183654785,0.37580814957618713,0.92905336618423462,0.22658610271903323,0.41513887047767639
2,M3,64,cpsa,8,654,0.63149847094801226,1.7301863431930542,0.58196902275085449,0.87185293436050415,0.39449541284403672,0.74919807910919189
2,M3,64,cpsa,9,671,0.89418777943368111,0.28312775492668152,0.16467095911502838,0.95434534549713135,0.12965722801788376,0.34863540530204773
2,M3,64,cpsa,10,662,0.77341389728096677,0.74758857488632202,0.37826797366142273,0.92984688282012939,0.22658610271903323,0.41854649782180786
2,M3,100,cpsa,8,654,0.63149847094801226,1.789691686630249,0.58270514011383057,0.87218451499938965,0.39449541284403672,0.75093245506286621
2,M3,100,cpsa,9,671,0.89418777943368111,0.28373405337333679,0.16493487358093262,0.95462405681610107,0.12965722801788376,0.34951075911521912
2,M3,100,cpsa,10,662,0.77341389728096677,0.75539356470108032,0.37905439734458923,0.93009227514266968,0.22658610271903323,0.41967976093292236
