seed,source,k,operator,subject,n,accuracy,macro_f1,nll,brier,confidence,mean_l1_to_k1,prediction_flip_rate
0,M1,1,late_product,2,324,0.95061728395061729,0.69365895542366118,0.1342131495475769,0.075585350394248962,0.96417123079299927,0,0
0,M1,1,late_product,4,336,0.95238095238095233,0.83866510012731288,0.11248835176229477,0.068048112094402313,0.9606708288192749,0,0
0,M1,1,late_product,9,311,0.85209003215434087,0.62691378608530313,0.41233652830123901,0.22155848145484924,0.94492167234420776,0,0
0,M1,1,late_product,10,306,0.83333333333333337,0.7194689841138584,0.58652710914611816,0.27550491690635681,0.94470304250717163,0,0
0,M1,1,late_product,12,340,0.94705882352941173,0.72976692117959929,0.16856531798839569,0.081951826810836792,0.96393036842346191,0,0
0,M1,1,late_product,13,348,0.97701149425287359,0.89847783500140788,0.11327783018350601,0.039937965571880341,0.98315876722335815,0,0
0,M1,1,late_product,18,403,0.92307692307692313,0.78972579835152923,0.29892626404762268,0.12290191650390625,0.96669113636016846,0,0
0,M1,1,late_product,20,384,0.92708333333333337,0.6852981157028073,0.19474942982196808,0.10527177900075912,0.95730233192443848,0,0
0,M1,1,late_product,24,410,0.96829268292682924,0.87393061419450635,0.1757701188325882,0.050865348428487778,0.97929024696350098,0,0
0,M1,2,late_product,2,324,0.89814814814814814,0.66117031766724488,0.28915512561798096,0.15377210080623627,0.97229689359664917,0.086528122425079346,0.052469135802469133
0,M1,2,late_product,4,336,0.94345238095238093,0.83402288850106665,0.13152869045734406,0.07920798659324646,0.96885979175567627,0.058322027325630188,0.03273809523809524
0,M1,2,late_product,9,311,0.82315112540192925,0.67803881643686348,0.73225456476211548,0.29375395178794861,0.95313030481338501,0.13973225653171539,0.064308681672025719
0,M1,2,late_product,10,306,0.76797385620915037,0.59621231267513763,1.339408278465271,0.40767493844032288,0.96445417404174805,0.13143341243267059,0.06535947712418301
0,M1,2,late_product,12,340,0.93235294117647061,0.72214497524175902,0.22878561913967133,0.09988895058631897,0.97397351264953613,0.055928096175193787,0.026470588235294117
0,M1,2,late_product,13,348,0.97701149425287359,0.89841129762012051,0.17585372924804688,0.045104730874300003,0.98776400089263916,0.031573235988616943,0.0057471264367816091
0,M1,2,late_product,18,403,0.91315136476426795,0.78345454136162418,0.51010698080062866,0.14897924661636353,0.97981721162796021,0.053374327719211578,0.01488833746898263
0,M1,2,late_product,20,384,0.91666666666666663,0.74296406528234238,0.27933838963508606,0.13382439315319061,0.96967864036560059,0.062116276472806931,0.028645833333333332
0,M1,2,late_product,24,410,0.97073170731707314,0.8119612962647339,0.2580321729183197,0.051257960498332977,0.99017447233200073,0.032778743654489517,0.014634146341463415
0,M1,3,late_product,2,324,0.87654320987654322,0.65277272366564298,0.51122254133224487,0.21071116626262665,0.98683786392211914,0.12824073433876038,0.07716049382716049
0,M1,3,late_product,4,336,0.9285714285714286,0.81968930087602132,0.20483048260211945,0.1086261123418808,0.97940099239349365,0.095859572291374207,0.047619047619047616
0,M1,3,late_product,9,311,0.79421221864951763,0.66047891739400832,1.2298843860626221,0.35576868057250977,0.96308392286300659,0.22520166635513306,0.10610932475884244
0,M1,3,late_product,10,306,0.72875816993464049,0.56715337884203165,2.2066729068756104,0.48253348469734192,0.97544568777084351,0.20234191417694092,0.11437908496732026
0,M1,3,late_product,12,340,0.93235294117647061,0.71433007917819591,0.32938450574874878,0.11700643599033356,0.9815250039100647,0.085860066115856171,0.035294117647058823
0,M1,3,late_product,13,348,0.96264367816091956,0.858777159039528,0.25382378697395325,0.056808549910783768,0.98914057016372681,0.051818728446960449,0.020114942528735632
0,M1,3,late_product,18,403,0.90570719602977667,0.77876163854886249,0.74320769309997559,0.16757014393806458,0.98335999250411987,0.075741328299045563,0.024813895781637719
0,M1,3,late_product,20,384,0.90104166666666663,0.71954212985387878,0.41206416487693787,0.1594804972410202,0.97515469789505005,0.095829494297504425,0.044270833333333336
0,M1,3,late_product,24,410,0.96829268292682924,0.78744338992864582,0.30938932299613953,0.057375755161046982,0.99498903751373291,0.043835993856191635,0.017073170731707318
0,M1,5,late_product,2,324,0.87345679012345678,0.65022017627651418,1.0071009397506714,0.24190905690193176,0.99425047636032104,0.15060330927371979,0.080246913580246909
0,M1,5,late_product,4,336,0.92261904761904767,0.80894873052195704,0.41698837280273438,0.13544467091560364,0.98463946580886841,0.12729606032371521,0.053571428571428568
0,M1,5,late_product,9,311,0.77491961414791,0.64754056552647521,2.2518608570098877,0.41897416114807129,0.98201709985733032,0.29355776309967041,0.14469453376205788
0,M1,5,late_product,10,306,0.71895424836601307,0.56211819358291149,3.88973069190979,0.5411841869354248,0.98528295755386353,0.25216054916381836,0.12418300653594772
0,M1,5,late_product,12,340,0.92647058823529416,0.66324971364063179,0.56593078374862671,0.13306193053722382,0.98990821838378906,0.11031649261713028,0.047058823529411764
0,M1,5,late_product,13,348,0.95402298850574707,0.84916692104192093,0.36701247096061707,0.081741116940975189,0.99347412586212158,0.078025065362453461,0.031609195402298854
0,M1,5,late_product,18,403,0.89330024813895781,0.77124439784406829,1.0942591428756714,0.19183196127414703,0.9896165132522583,0.096459798514842987,0.037220843672456573
0,M1,5,late_product,20,384,0.890625,0.69493233814796829,0.71278160810470581,0.19430649280548096,0.97955578565597534,0.13486728072166443,0.057291666666666664
0,M1,5,late_product,24,410,0.96585365853658534,0.75540875789401374,0.42202681303024292,0.062627442181110382,0.99791663885116577,0.050094638019800186,0.019512195121951219
0,M1,8,late_product,2,324,0.87037037037037035,0.64760302472166875,1.7610831260681152,0.25458118319511414,0.99579328298568726,0.16112348437309265,0.083333333333333329
0,M1,8,late_product,4,336,0.91369047619047616,0.78690892602404894,0.74480533599853516,0.15904882550239563,0.98826819658279419,0.1517418771982193,0.068452380952380959
0,M1,8,late_product,9,311,0.77491961414791,0.64695043835406951,3.3797669410705566,0.4396461546421051,0.98832130432128906,0.31843268871307373,0.14469453376205788
0,M1,8,late_product,10,306,0.70915032679738566,0.54061280796921596,5.4330849647521973,0.57374680042266846,0.98828136920928955,0.28576549887657166,0.14705882352941177
0,M1,8,late_product,12,340,0.92647058823529416,0.66324971364063179,0.88871228694915771,0.14369109272956848,0.99245011806488037,0.12454627454280853,0.047058823529411764
0,M1,8,late_product,13,348,0.94827586206896552,0.84583454029495309,0.56477183103561401,0.10164666175842285,0.99825119972229004,0.093746118247509003,0.037356321839080463
0,M1,8,late_product,18,403,0.88833746898263022,0.76816265461395172,1.4590189456939697,0.20863001048564911,0.99299263954162598,0.11080712825059891,0.042183622828784122
0,M1,8,late_product,20,384,0.875,0.68583396878080694,1.1480808258056641,0.22225679457187653,0.98856335878372192,0.16320772469043732,0.078125
0,M1,8,late_product,24,410,0.96585365853658534,0.75540875789401374,0.56178754568099976,0.066137351095676422,0.99932026863098145,0.052901774644851685,0.019512195121951219
0,M1,16,late_product,2,324,0.86419753086419748,0.64215943027195299,2.9740171432495117,0.26758700609207153,0.99877941608428955,0.17044378817081451,0.089506172839506168
0,M1,16,late_product,4,336,0.89583333333333337,0.77732969926290707,1.3703349828720093,0.18887446820735931,0.99183201789855957,0.18129861354827881,0.086309523809523808
0,M1,16,late_product,9,311,0.76205787781350487,0.67076166687257655,4.952979564666748,0.46361902356147766,0.99231106042861938,0.34879043698310852,0.16398713826366559
0,M1,16,late_product,10,306,0.68627450980392157,0.52484353408745177,7.1295790672302246,0.61446946859359741,0.99443900585174561,0.32885661721229553,0.17320261437908496
0,M1,16,late_product,12,340,0.91764705882352937,0.65841052885391671,1.3725482225418091,0.16020855307579041,0.99677157402038574,0.14144459366798401,0.061764705882352944
0,M1,16,late_product,13,348,0.93965517241379315,0.84087555528060787,1.0532921552658081,0.11406142264604568,0.99775809049606323,0.10616835206747055,0.045977011494252873
0,M1,16,late_product,18,403,0.88337468982630274,0.77495391957671023,2.1387178897857666,0.22535577416419983,0.99643820524215698,0.12818913161754608,0.052109181141439205
0,M1,16,late_product,20,384,0.875,0.68583396878080694,2.0157029628753662,0.24111627042293549,0.99468761682510376,0.17950087785720825,0.078125
0,M1,16,late_product,24,410,0.96585365853658534,0.75540875789401374,0.73504215478897095,0.068191848695278168,0.99992215633392334,0.054105613380670547,0.019512195121951219
0,M1,32,late_product,2,324,0.86419753086419748,0.64215943027195299,3.4585583209991455,0.27142009139060974,0.99993878602981567,0.17276248335838318,0.089506172839506168
0,M1,32,late_product,4,336,0.88988095238095233,0.77415132657068131,1.9623427391052246,0.20996752381324768,0.99662983417510986,0.19819845259189606,0.092261904761904767
0,M1,32,late_product,9,311,0.76527331189710612,0.7086402677648761,5.8318696022033691,0.4713895320892334,0.99672824144363403,0.36351117491722107,0.17041800643086816
0,M1,32,late_product,10,306,0.68627450980392157,0.52484353408745177,7.9303107261657715,0.62717175483703613,0.998951256275177,0.33816200494766235,0.17320261437908496
0,M1,32,late_product,12,340,0.91764705882352937,0.65841052885391671,1.8419264554977417,0.16411039233207703,0.99932050704956055,0.14703375101089478,0.061764705882352944
0,M1,32,late_product,13,348,0.93965517241379315,0.84087555528060787,1.4757446050643921,0.12046002596616745,0.99976199865341187,0.11026805639266968,0.045977011494252873
0,M1,32,late_product,18,403,0.88337468982630274,0.77495391957671023,2.6120538711547852,0.23064465820789337,0.99705630540847778,0.13629071414470673,0.052109181141439205
0,M1,32,late_product,20,384,0.87760416666666663,0.69678775979992935,2.716313362121582,0.2431909590959549,0.99614197015762329,0.18911272287368774,0.0859375
0,M1,32,late_product,24,410,0.96585365853658534,0.75540875789401374,0.82868713140487671,0.068293526768684387,0.99996203184127808,0.054185476154088974,0.019512195121951219
0,M1,64,late_product,2,324,0.86419753086419748,0.64215943027195299,3.6872129440307617,0.27160477638244629,0.99999803304672241,0.17288103699684143,0.089506172839506168
0,M1,64,late_product,4,336,0.88690476190476186,0.77246894389488341,2.4157924652099609,0.22059766948223114,0.99819725751876831,0.20762048661708832,0.095238095238095233
0,M1,64,late_product,9,311,0.76205787781350487,0.70618244044741985,6.3193459510803223,0.4735526442527771,0.99837660789489746,0.36887013912200928,0.17363344051446947
0,M1,64,late_product,10,306,0.68627450980392157,0.52484353408745177,8.4941167831420898,0.6277344822883606,0.99927175045013428,0.3395964503288269,0.17320261437908496
0,M1,64,late_product,12,340,0.91764705882352937,0.65841052885391671,2.1294214725494385,0.16523659229278564,0.99909812211990356,0.14923074841499329,0.061764705882352944
0,M1,64,late_product,13,348,0.93965517241379315,0.84087555528060787,1.5951273441314697,0.12071805447340012,0.99978917837142944,0.11055804044008255,0.045977011494252873
0,M1,64,late_product,18,403,0.88089330024813894,0.77306326075138776,2.9741168022155762,0.2387189120054245,0.99783241748809814,0.14827802777290344,0.059553349875930521
0,M1,64,late_product,20,384,0.87760416666666663,0.69678775979992935,3.0692768096923828,0.24378997087478638,0.99881750345230103,0.19446754455566406,0.0859375
0,M1,64,late_product,24,410,0.96585365853658534,0.75540875789401374,0.92022395133972168,0.068293020129203796,0.99997973442077637,0.054220873862504959,0.019512195121951219
0,M1,100,late_product,2,324,0.86419753086419748,0.64215943027195299,3.7259039878845215,0.27160492539405823,0.99999982118606567,0.17288464307785034,0.089506172839506168
0,M1,100,late_product,4,336,0.88988095238095233,0.82108005500599457,2.7230405807495117,0.22089703381061554,0.99895679950714111,0.20914213359355927,0.098214285714285712
0,M1,100,late_product,9,311,0.76205787781350487,0.70618244044741985,6.451134204864502,0.475483238697052,0.99957382678985596,0.37126463651657104,0.17363344051446947
0,M1,100,late_product,10,306,0.68627450980392157,0.52484353408745177,8.5765981674194336,0.62802952527999878,0.99902492761611938,0.34025034308433533,0.17320261437908496
0,M1,100,late_product,12,340,0.91470588235294115,0.65680008977701121,2.1982288360595703,0.16786238551139832,0.99921047687530518,0.1517859548330307,0.064705882352941183
0,M1,100,late_product,13,348,0.93965517241379315,0.84087555528060787,1.6450107097625732,0.12075016647577286,0.99970334768295288,0.11075635999441147,0.045977011494252873
0,M1,100,late_product,18,403,0.87841191066997515,0.77114340084102162,3.1493699550628662,0.24240510165691376,0.99881488084793091,0.15208336710929871,0.062034739454094295
0,M1,100,late_product,20,384,0.87760416666666663,0.69678775979992935,3.1588973999023438,0.24411536753177643,0.99923914670944214,0.19533784687519073,0.0859375
0,M1,100,late_product,24,410,0.96585365853658534,0.75540875789401374,0.94350826740264893,0.068292766809463501,0.99999004602432251,0.054241422563791275,0.019512195121951219
0,M2,1,late_product,2,324,0.95061728395061729,0.69365895542366118,0.1342131495475769,0.075585350394248962,0.96417123079299927,0,0
0,M2,1,late_product,4,336,0.95238095238095233,0.83866510012731288,0.11248835176229477,0.068048112094402313,0.9606708288192749,0,0
0,M2,1,late_product,9,311,0.85209003215434087,0.62691378608530313,0.41233652830123901,0.22155848145484924,0.94492167234420776,0,0
0,M2,1,late_product,10,306,0.83333333333333337,0.7194689841138584,0.58652710914611816,0.27550491690635681,0.94470304250717163,0,0
0,M2,1,late_product,12,340,0.94705882352941173,0.72976692117959929,0.16856531798839569,0.081951826810836792,0.96393036842346191,0,0
0,M2,1,late_product,13,348,0.97701149425287359,0.89847783500140788,0.11327783018350601,0.039937965571880341,0.98315876722335815,0,0
0,M2,1,late_product,18,403,0.92307692307692313,0.78972579835152923,0.29892626404762268,0.12290191650390625,0.96669113636016846,0,0
0,M2,1,late_product,20,384,0.92708333333333337,0.6852981157028073,0.19474942982196808,0.10527177900075912,0.95730233192443848,0,0
0,M2,1,late_product,24,410,0.96829268292682924,0.87393061419450635,0.1757701188325882,0.050865348428487778,0.97929024696350098,0,0
0,M2,2,late_product,2,324,0.95679012345679015,0.67473918995658122,0.14554116129875183,0.063317455351352692,0.97879320383071899,0.066897347569465637,0.024691358024691357
0,M2,2,late_product,4,336,0.94047619047619047,0.80016795542600205,0.19740086793899536,0.095684230327606201,0.97850662469863892,0.055286623537540436,0.017857142857142856
0,M2,2,late_product,9,311,0.84887459807073951,0.61978769594262095,0.61518973112106323,0.24498960375785828,0.96409404277801514,0.10041999071836472,0.03215434083601286
0,M2,2,late_product,10,306,0.8856209150326797,0.74636925107120899,0.52671879529953003,0.19721134006977081,0.95143324136734009,0.15264154970645905,0.06535947712418301
0,M2,2,late_product,12,340,0.94411764705882351,0.79554808396108401,0.25615203380584717,0.094994120299816132,0.97467571496963501,0.042319975793361664,0.020588235294117647
0,M2,2,late_product,13,348,0.9683908045977011,0.88269242857039443,0.17541541159152985,0.051270518451929092,0.98845648765563965,0.030889503657817841,0.014367816091954023
0,M2,2,late_product,18,403,0.92059553349875933,0.84325386178194306,0.39197647571563721,0.1326785683631897,0.97627627849578857,0.053482312709093094,0.02729528535980149
0,M2,2,late_product,20,384,0.91145833333333337,0.67956773615744159,0.2950875461101532,0.12097320705652237,0.95353049039840698,0.08806193619966507,0.036458333333333336
0,M2,2,late_product,24,410,0.95853658536585362,0.84009932463172488,0.25349542498588562,0.063837401568889618,0.98643505573272705,0.031085478141903877,0.019512195121951219
0,M2,3,late_product,2,324,0.95370370370370372,0.67745297189619802,0.20533968508243561,0.072478756308555603,0.98522788286209106,0.09582856297492981,0.043209876543209874
0,M2,3,late_product,4,336,0.93154761904761907,0.71197351098155759,0.32618746161460876,0.11412724107503891,0.98103457689285278,0.082474686205387115,0.026785714285714284
0,M2,3,late_product,9,311,0.82958199356913187,0.6312379542938783,0.93257302045822144,0.29907414317131042,0.96691137552261353,0.17412281036376953,0.064308681672025719
0,M2,3,late_product,10,306,0.84967320261437906,0.72466580457704266,0.71189510822296143,0.24028430879116058,0.95875197649002075,0.28612235188484192,0.14705882352941177
0,M2,3,late_product,12,340,0.93529411764705883,0.79083918606356807,0.37182462215423584,0.10868240892887115,0.97663182020187378,0.071723364293575287,0.032352941176470591
0,M2,3,late_product,13,348,0.95977011494252873,0.8779054315836613,0.28210833668708801,0.06553465873003006,0.98470044136047363,0.056453157216310501,0.022988505747126436
0,M2,3,late_product,18,403,0.91315136476426795,0.82074431711153439,0.52477705478668213,0.14654141664505005,0.97739982604980469,0.082862570881843567,0.034739454094292806
0,M2,3,late_product,20,384,0.890625,0.66992931794902277,0.53704404830932617,0.18131913244724274,0.96350479125976562,0.17679138481616974,0.078125
0,M2,3,late_product,24,410,0.95121951219512191,0.83572140007146234,0.34603133797645569,0.081031873822212219,0.98761314153671265,0.056916743516921997,0.026829268292682926
0,M2,5,late_product,2,324,0.94444444444444442,0.67235183871148607,0.36280724406242371,0.098139867186546326,0.98724603652954102,0.13114446401596069,0.052469135802469133
0,M2,5,late_product,4,336,0.90773809523809523,0.68884810526637297,0.604228675365448,0.15395854413509369,0.98461568355560303,0.12907496094703674,0.053571428571428568
0,M2,5,late_product,9,311,0.76527331189710612,0.57869192843178552,1.7840448617935181,0.41028356552124023,0.96704190969467163,0.30449822545051575,0.13504823151125403
0,M2,5,late_product,10,306,0.81699346405228757,0.70564788984408267,1.5296233892440796,0.33916735649108887,0.97427868843078613,0.42682069540023804,0.20588235294117646
0,M2,5,late_product,12,340,0.91764705882352937,0.78113172885006099,0.62601006031036377,0.13788583874702454,0.98383396863937378,0.10858182609081268,0.050000000000000003
0,M2,5,late_product,13,348,0.93965517241379315,0.8312442840296782,0.57953184843063354,0.10378725826740265,0.98260891437530518,0.10583154112100601,0.051724137931034482
0,M2,5,late_product,18,403,0.90570719602977667,0.81309354082615182,0.84740787744522095,0.17392235994338989,0.97765052318572998,0.13278788328170776,0.06699751861042183
0,M2,5,late_product,20,384,0.83854166666666663,0.67612635885481132,1.1677107810974121,0.27989122271537781,0.97380143404006958,0.28242126107215881,0.1328125
0,M2,5,late_product,24,410,0.92682926829268297,0.82047782674054304,0.60340052843093872,0.12295766919851303,0.98881030082702637,0.10629545897245407,0.051219512195121948
0,M2,8,late_product,2,324,0.91049382716049387,0.65366511927351578,0.66424751281738281,0.15104301273822784,0.98565447330474854,0.18668188154697418,0.083333333333333329
0,M2,8,late_product,4,336,0.88690476190476186,0.68240809240940481,1.0827741622924805,0.20559553802013397,0.99055099487304688,0.17950405180454254,0.077380952380952384
0,M2,8,late_product,9,311,0.71061093247588425,0.5442134459957173,3.3602075576782227,0.53732895851135254,0.98228800296783447,0.42141285538673401,0.18971061093247588
0,M2,8,late_product,10,306,0.79084967320261434,0.68859842715115116,2.8491570949554443,0.39671623706817627,0.98727434873580933,0.50673633813858032,0.24836601307189543
0,M2,8,late_product,12,340,0.90588235294117647,0.77519716241996039,1.0155074596405029,0.16946275532245636,0.98648107051849365,0.14476382732391357,0.061764705882352944
0,M2,8,late_product,13,348,0.89942528735632188,0.76784472935040127,1.0301628112792969,0.17559775710105896,0.98633551597595215,0.17746677994728088,0.091954022988505746
0,M2,8,late_product,18,403,0.87344913151364767,0.73841594743321826,1.3569626808166504,0.2267986536026001,0.98311537504196167,0.18981410562992096,0.10173697270471464
0,M2,8,late_product,20,384,0.81510416666666663,0.65250768212952204,2.1308562755584717,0.34381198883056641,0.98226004838943481,0.34942102432250977,0.1640625
0,M2,8,late_product,24,410,0.91219512195121955,0.81972646484892309,1.1147891283035278,0.16708508133888245,0.9907916784286499,0.15347202122211456,0.073170731707317069
0,M2,16,late_product,2,324,0.87037037037037035,0.63230783017241732,1.6087944507598877,0.24288798868656158,0.99110478162765503,0.2674429714679718,0.12037037037037036
0,M2,16,late_product,4,336,0.86011904761904767,0.67501729852895842,2.2403254508972168,0.27082636952400208,0.99170631170272827,0.25225088000297546,0.11011904761904762
0,M2,16,late_product,9,311,0.67202572347266876,0.47406068773993293,6.3259820938110352,0.63205748796463013,0.98161357641220093,0.53265124559402466,0.24437299035369775
0,M2,16,late_product,10,306,0.76470588235294112,0.67277368439874907,4.5010924339294434,0.45841482281684875,0.9884333610534668,0.57888311147689819,0.27777777777777779
0,M2,16,late_product,12,340,0.87352941176470589,0.78844539475087216,1.8078742027282715,0.22959594428539276,0.98717290163040161,0.21422608196735382,0.10588235294117647
0,M2,16,late_product,13,348,0.87643678160919536,0.75577012367000407,2.0592284202575684,0.24013282358646393,0.99650818109512329,0.23084482550621033,0.11494252873563218
0,M2,16,late_product,18,403,0.84119106699751856,0.70267312461205922,2.2678763866424561,0.30398848652839661,0.99040126800537109,0.26674535870552063,0.13399503722084366
0,M2,16,late_product,20,384,0.77864583333333337,0.63395665567980697,4.0535626411437988,0.43750372529029846,0.99070757627487183,0.43990603089332581,0.20052083333333334
0,M2,16,late_product,24,410,0.89512195121951221,0.81051541648257863,2.1464769840240479,0.20542478561401367,0.9940112829208374,0.19602984189987183,0.090243902439024387
0,M2,32,late_product,2,324,0.84876543209876543,0.62084184749522786,2.9640653133392334,0.28604647517204285,0.99185389280319214,0.31131500005722046,0.1419753086419753
0,M2,32,late_product,4,336,0.83630952380952384,0.65793488409215728,3.5328783988952637,0.32338288426399231,0.99774014949798584,0.30332973599433899,0.13690476190476192
0,M2,32,late_product,9,311,0.63344051446945338,0.44880843793887271,8.5786151885986328,0.72563630342483521,0.99377626180648804,0.63767498731613159,0.29903536977491962
0,M2,32,late_product,10,306,0.74509803921568629,0.65975714992250767,6.0179457664489746,0.50740540027618408,0.99426949024200439,0.63213127851486206,0.30718954248366015
0,M2,32,late_product,12,340,0.84999999999999998,0.77794189329779595,3.0790972709655762,0.2929355800151825,0.99284613132476807,0.27885878086090088,0.13529411764705881
0,M2,32,late_product,13,348,0.85344827586206895,0.74382656917008194,3.0989968776702881,0.2913115918636322,0.99639451503753662,0.27995413541793823,0.13793103448275862
0,M2,32,late_product,18,403,0.81389578163771714,0.68831358922829378,3.5079107284545898,0.3636975884437561,0.99373364448547363,0.32689747214317322,0.16377171215880892
0,M2,32,late_product,20,384,0.73958333333333337,0.61279270410912767,5.7604522705078125,0.51012128591537476,0.99362438917160034,0.51096612215042114,0.2421875
0,M2,32,late_product,24,410,0.86585365853658536,0.7937774120759965,2.8563642501831055,0.26529908180236816,0.99908685684204102,0.25069308280944824,0.11951219512195121
0,M2,64,late_product,2,324,0.84259259259259256,0.61388306258613257,3.7573049068450928,0.31375640630722046,0.99748033285140991,0.33987879753112793,0.15432098765432098
0,M2,64,late_product,4,336,0.82738095238095233,0.65318546561094182,4.3772568702697754,0.34021279215812683,0.99507749080657959,0.33055701851844788,0.15178571428571427
0,M2,64,late_product,9,311,0.62700964630225076,0.44528689204013877,9.8712882995605469,0.74682968854904175,0.99772655963897705,0.66000747680664062,0.31189710610932475
0,M2,64,late_product,10,306,0.73856209150326801,0.65549682275827359,6.8309574127197266,0.5227317214012146,0.99661034345626831,0.64779371023178101,0.31372549019607843
0,M2,64,late_product,12,340,0.83235294117647063,0.78055462704408585,4.1584076881408691,0.33264836668968201,0.99659955501556396,0.31643262505531311,0.15294117647058825
0,M2,64,late_product,13,348,0.82183908045977017,0.72719437427938605,4.0775818824768066,0.353616863489151,0.99907499551773071,0.3380998969078064,0.16954022988505746
0,M2,64,late_product,18,403,0.80397022332506207,0.66641382756858847,4.6331973075866699,0.39048957824707031,0.99739927053451538,0.34806931018829346,0.17121588089330025
0,M2,64,late_product,20,384,0.72395833333333337,0.60422183974161303,6.8907942771911621,0.55146408081054688,0.99924331903457642,0.54722601175308228,0.2578125
0,M2,64,late_product,24,410,0.85609756097560974,0.78779101138778529,3.5612070560455322,0.28015699982643127,0.99764776229858398,0.26660549640655518,0.12926829268292683
0,M2,100,late_product,2,324,0.83333333333333337,0.57726346118376226,4.1268129348754883,0.3261730968952179,0.99348545074462891,0.36030775308609009,0.16666666666666666
0,M2,100,late_product,4,336,0.8214285714285714,0.64986470314581046,4.641026496887207,0.35672774910926819,0.99608123302459717,0.34621214866638184,0.15773809523809523
0,M2,100,late_product,9,311,0.62057877813504825,0.44182368857693533,10.22163200378418,0.75694620609283447,0.99885278940200806,0.6726149320602417,0.31832797427652731
0,M2,100,late_product,10,306,0.72549019607843135,0.64758461972004155,7.1536140441894531,0.54607164859771729,0.99712437391281128,0.66998827457427979,0.32679738562091504
0,M2,100,late_product,12,340,0.82352941176470584,0.77544612727532114,4.4655032157897949,0.34923249483108521,0.99823987483978271,0.33344346284866333,0.16176470588235295
0,M2,100,late_product,13,348,0.82183908045977017,0.72719437427938605,4.5911679267883301,0.35647657513618469,0.99941623210906982,0.34022113680839539,0.16954022988505746
0,M2,100,late_product,18,403,0.79900744416873448,0.66371796263395766,5.0650873184204102,0.39919593930244446,0.99889415502548218,0.35855299234390259,0.17866004962779156
0,M2,100,late_product,20,384,0.72135416666666663,0.60277044296408411,7.3882102966308594,0.55767560005187988,0.99876147508621216,0.55393117666244507,0.26041666666666669
0,M2,100,late_product,24,410,0.85609756097560974,0.78779101138778529,3.8040390014648438,0.28778356313705444,0.99999392032623291,0.27129736542701721,0.12926829268292683
0,M1,1,late_mean,2,324,0.92901234567901236,0.6888541945859018,0.25191855430603027,0.13509063422679901,0.83283251523971558,0,0
0,M1,1,late_mean,4,336,0.94047619047619047,0.81425052670102172,0.27018895745277405,0.13822107017040253,0.81155520677566528,0,0
0,M1,1,late_mean,9,311,0.81028938906752412,0.57855190308070115,0.56446856260299683,0.31097760796546936,0.69955986738204956,0,0
0,M1,1,late_mean,10,306,0.76797385620915037,0.66248703420882016,0.5428539514541626,0.30978900194168091,0.7285953164100647,0,0
0,M1,1,late_mean,12,340,0.94117647058823528,0.75550852291775838,0.26069000363349915,0.13216088712215424,0.830005943775177,0,0
0,M1,1,late_mean,13,348,0.96264367816091956,0.85869112074619192,0.22797669470310211,0.11037588864564896,0.84024351835250854,0,0
0,M1,1,late_mean,18,403,0.91811414392059554,0.78591349811699374,0.31008568406105042,0.15504036843776703,0.82875072956085205,0,0
0,M1,1,late_mean,20,384,0.90625,0.74307039439226141,0.36549457907676697,0.19028182327747345,0.76463860273361206,0,0
0,M1,1,late_mean,24,410,0.96829268292682924,0.85924529950919171,0.24278274178504944,0.10016006976366043,0.85384058952331543,0,0
0,M1,2,late_mean,2,324,0.87962962962962965,0.65526423994165917,0.24160455167293549,0.13870975375175476,0.87129467725753784,0.095801502466201782,0.055555555555555552
0,M1,2,late_mean,4,336,0.91666666666666663,0.80593994367388433,0.24120208621025085,0.12622664868831635,0.84020817279815674,0.094687506556510925,0.041666666666666664
0,M1,2,late_mean,9,311,0.77170418006430863,0.64576667930282816,0.52724945545196533,0.29455596208572388,0.7599828839302063,0.15988190472126007,0.077170418006430874
0,M1,2,late_mean,10,306,0.71568627450980393,0.54358117739261835,0.57535052299499512,0.3387502133846283,0.78647875785827637,0.15804223716259003,0.071895424836601302
0,M1,2,late_mean,12,340,0.92941176470588238,0.71285288824380633,0.22626899182796478,0.1145966574549675,0.86226046085357666,0.087073154747486115,0.038235294117647062
0,M1,2,late_mean,13,348,0.95114942528735635,0.84749096177896088,0.19021277129650116,0.088062889873981476,0.87605100870132446,0.090180926024913788,0.022988505747126436
0,M1,2,late_mean,18,403,0.89330024813895781,0.77091715490934065,0.28403034806251526,0.14452797174453735,0.86080032587051392,0.090836159884929657,0.037220843672456573
0,M1,2,late_mean,20,384,0.890625,0.6939788501614873,0.3151620626449585,0.15975701808929443,0.81041127443313599,0.12596589326858521,0.059895833333333336
0,M1,2,late_mean,24,410,0.96585365853658534,0.75540875789401374,0.20203371345996857,0.073423057794570923,0.88975071907043457,0.079063937067985535,0.017073170731707318
0,M1,3,late_mean,2,324,0.87345679012345678,0.65022017627651418,0.24293768405914307,0.14732058346271515,0.89268183708190918,0.14370223879814148,0.061728395061728392
0,M1,3,late_mean,4,336,0.9107142857142857,0.80288998612080553,0.23111388087272644,0.1259150356054306,0.85654377937316895,0.14203126728534698,0.047619047619047616
0,M1,3,late_mean,9,311,0.76527331189710612,0.63407806842761449,0.52108311653137207,0.29893893003463745,0.79397314786911011,0.2398228794336319,0.10289389067524116
0,M1,3,late_mean,10,306,0.69607843137254899,0.53294167982116791,0.60963261127471924,0.36632531881332397,0.8190416693687439,0.23706336319446564,0.091503267973856203
0,M1,3,late_mean,12,340,0.92352941176470593,0.66163670676446695,0.21302656829357147,0.11106222122907639,0.8796040415763855,0.13060973584651947,0.044117647058823532
0,M1,3,late_mean,13,348,0.9454022988505747,0.84416848943827183,0.17530630528926849,0.082769401371479034,0.89551717042922974,0.13527138531208038,0.028735632183908046
0,M1,3,late_mean,18,403,0.88833746898263022,0.76759631919822979,0.27612978219985962,0.14462156593799591,0.87889355421066284,0.13625425100326538,0.042183622828784122
0,M1,3,late_mean,20,384,0.88020833333333337,0.68871987177823402,0.29646420478820801,0.15333247184753418,0.83644765615463257,0.188948854804039,0.0703125
0,M1,3,late_mean,24,410,0.96585365853658534,0.75540875789401374,0.18494530022144318,0.064831539988517761,0.90799576044082642,0.1185959130525589,0.017073170731707318
0,M1,5,late_mean,2,324,0.86728395061728392,0.64491746280539375,0.25023943185806274,0.16046561300754547,0.91461664438247681,0.19160301983356476,0.067901234567901231
0,M1,5,late_mean,4,336,0.90773809523809523,0.80134517725439969,0.22449740767478943,0.1293938159942627,0.87360602617263794,0.18937501311302185,0.056547619047619048
0,M1,5,late_mean,9,311,0.76205787781350487,0.63171213566798101,0.52647072076797485,0.31171783804893494,0.82914012670516968,0.31976380944252014,0.10610932475884244
0,M1,5,late_mean,10,306,0.68300653594771243,0.52615397194581037,0.66360276937484741,0.40263012051582336,0.85367381572723389,0.31608447432518005,0.10457516339869281
0,M1,5,late_mean,12,340,0.9205882352941176,0.65989743898283815,0.20286838710308075,0.11102620512247086,0.89756947755813599,0.17414630949497223,0.047058823529411764
0,M1,5,late_mean,13,348,0.93965517241379315,0.84087555528060787,0.16326087713241577,0.081384606659412384,0.9152829647064209,0.18036183714866638,0.034482758620689655
0,M1,5,late_mean,18,403,0.88089330024813894,0.76318435924520289,0.27291268110275269,0.14828169345855713,0.89756351709365845,0.18167231976985931,0.049627791563275438
0,M1,5,late_mean,20,384,0.875,0.68583396878080694,0.28238454461097717,0.1527998298406601,0.86309146881103516,0.25193178653717041,0.075520833333333329
0,M1,5,late_mean,24,410,0.96585365853658534,0.75540875789401374,0.17019139230251312,0.059424664825201035,0.92624074220657349,0.15812787413597107,0.017073170731707318
0,M1,8,late_mean,2,324,0.86419753086419748,0.64215943027195299,0.25996384024620056,0.17174796760082245,0.92937368154525757,0.22353683412075043,0.07098765432098765
0,M1,8,late_mean,4,336,0.89583333333333337,0.777478058427715,0.22274494171142578,0.13381877541542053,0.88561993837356567,0.22093750536441803,0.068452380952380959
0,M1,8,late_mean,9,311,0.7588424437299035,0.62930142478966955,0.54034519195556641,0.32490146160125732,0.85266876220703125,0.37305784225463867,0.10932475884244373
0,M1,8,late_mean,10,306,0.68627450980392157,0.52484353408745177,0.71852642297744751,0.43168312311172485,0.87726467847824097,0.3687652051448822,0.1111111111111111
0,M1,8,late_mean,12,340,0.91470588235294115,0.65691316650855092,0.19842928647994995,0.11294575780630112,0.90965056419372559,0.20317070186138153,0.052941176470588235
0,M1,8,late_mean,13,348,0.93965517241379315,0.84087555528060787,0.15727613866329193,0.082632884383201599,0.92862570285797119,0.21042214334011078,0.034482758620689655
0,M1,8,late_mean,18,403,0.88089330024813894,0.76318435924520289,0.27486613392829895,0.1527031809091568,0.91016829013824463,0.21195106208324432,0.049627791563275438
0,M1,8,late_mean,20,384,0.87760416666666663,0.6972164269023956,0.27619901299476624,0.15571801364421844,0.88092988729476929,0.29392039775848389,0.078125
0,M1,8,late_mean,24,410,0.96585365853658534,0.75540875789401374,0.16200421750545502,0.057589340955018997,0.9384041428565979,0.18448251485824585,0.017073170731707318
0,M1,16,late_mean,2,324,0.86419753086419748,0.64215943027195299,0.27496632933616638,0.1842074990272522,0.94339025020599365,0.25359216332435608,0.07098765432098765
0,M1,16,late_mean,4,336,0.88690476190476186,0.77246894389488341,0.22446759045124054,0.13952234387397766,0.89725387096405029,0.25064340233802795,0.077380952380952384
0,M1,16,late_mean,9,311,0.7588424437299035,0.66072789499287443,0.56863057613372803,0.34071829915046692,0.87493246793746948,0.42321687936782837,0.1157556270096463
0,M1,16,late_mean,10,306,0.68627450980392157,0.52484353408745177,0.79908621311187744,0.46257138252258301,0.89959096908569336,0.41834709048271179,0.1111111111111111
0,M1,16,late_mean,12,340,0.91764705882352937,0.65841052885391671,0.19711896777153015,0.11617276817560196,0.92122316360473633,0.23048774898052216,0.055882352941176473
0,M1,16,late_mean,13,348,0.93965517241379315,0.84087555528060787,0.15413960814476013,0.085394665598869324,0.94118350744247437,0.23871420323848724,0.034482758620689655
0,M1,16,late_mean,18,403,0.87841191066997515,0.77114340084102162,0.28273367881774902,0.15831258893013,0.92220443487167358,0.24044865369796753,0.062034739454094295
0,M1,16,late_mean,20,384,0.87760416666666663,0.69678775979992935,0.27388927340507507,0.16085664927959442,0.89790630340576172,0.33343911170959473,0.083333333333333329
0,M1,16,late_mean,24,410,0.96585365853658534,0.75540875789401374,0.15622289478778839,0.057154938578605652,0.94985204935073853,0.20928691327571869,0.017073170731707318
0,M1,32,late_mean,2,324,0.86419753086419748,0.64215943027195299,0.28725135326385498,0.1917559951543808,0.95103567838668823,0.26998600363731384,0.07098765432098765
0,M1,32,late_mean,4,336,0.88690476190476186,0.77246894389488341,0.22833922505378723,0.1432623416185379,0.90371030569076538,0.26684656739234924,0.077380952380952384
0,M1,32,late_mean,9,311,0.76205787781350487,0.70618244044741985,0.59916675090789795,0.35073888301849365,0.88718801736831665,0.45057624578475952,0.11897106109324759
0,M1,32,late_mean,10,306,0.68627450980392157,0.52484353408745177,0.87091922760009766,0.4808681309223175,0.91176891326904297,0.44539174437522888,0.1111111111111111
0,M1,32,late_mean,12,340,0.91764705882352937,0.65841052885391671,0.19873383641242981,0.11851348727941513,0.92753779888153076,0.24538794159889221,0.055882352941176473
0,M1,32,late_mean,13,348,0.93965517241379315,0.84087555528060787,0.15471400320529938,0.087549678981304169,0.94803327322006226,0.25414618849754333,0.034482758620689655
0,M1,32,late_mean,18,403,0.87841191066997515,0.77114340084102162,0.29307591915130615,0.16196407377719879,0.92896264791488647,0.25599279999732971,0.062034739454094295
0,M1,32,late_mean,20,384,0.87760416666666663,0.69678775979992935,0.27514663338661194,0.16463722288608551,0.90721768140792847,0.35499480366706848,0.083333333333333329
0,M1,32,late_mean,24,410,0.96585365853658534,0.75540875789401374,0.15462927520275116,0.057446446269750595,0.95609629154205322,0.22281655669212341,0.017073170731707318
0,M1,64,late_mean,2,324,0.86419753086419748,0.64215943027195299,0.29569134116172791,0.19591599702835083,0.95503479242324829,0.27856126427650452,0.07098765432098765
0,M1,64,late_mean,4,336,0.88988095238095233,0.82108005500599457,0.23252041637897491,0.14539548754692078,0.90709042549133301,0.27532210946083069,0.080357142857142863
0,M1,64,late_mean,9,311,0.76205787781350487,0.70618244044741985,0.62770301103591919,0.35637211799621582,0.89360177516937256,0.46488747000694275,0.11897106109324759
0,M1,64,late_mean,10,306,0.68300653594771243,0.5232505184074796,0.92992204427719116,0.49084603786468506,0.91814619302749634,0.45953822135925293,0.11437908496732026
0,M1,64,late_mean,12,340,0.91470588235294115,0.65680008977701121,0.20114158093929291,0.11990107595920563,0.93087255954742432,0.25318196415901184,0.058823529411764705
0,M1,64,late_mean,13,348,0.93965517241379315,0.84087555528060787,0.15701627731323242,0.088859297335147858,0.95161610841751099,0.26221835613250732,0.034482758620689655
0,M1,64,late_mean,18,403,0.87841191066997515,0.77114340084102162,0.30363228917121887,0.16404053568840027,0.93249785900115967,0.26412370800971985,0.062034739454094295
0,M1,64,late_mean,20,384,0.875,0.69491249017561474,0.27725017070770264,0.16688966751098633,0.91211491823196411,0.36627006530761719,0.0859375
0,M1,64,late_mean,24,410,0.96585365853658534,0.75540875789401374,0.15491454303264618,0.057747509330511093,0.95936256647109985,0.22989363968372345,0.017073170731707318
0,M1,100,late_mean,2,324,0.86419753086419748,0.64215943027195299,0.29932409524917603,0.19748164713382721,0.9565047025680542,0.28171327710151672,0.07098765432098765
0,M1,100,late_mean,4,336,0.88988095238095233,0.82108005500599457,0.234986811876297,0.14621016383171082,0.90834027528762817,0.27843752503395081,0.080357142857142863
0,M1,100,late_mean,9,311,0.76205787781350487,0.70618244044741985,0.64421266317367554,0.35851040482521057,0.89595901966094971,0.47014781832695007,0.11897106109324759
0,M1,100,late_mean,10,306,0.68300653594771243,0.5232505184074796,0.96078193187713623,0.49458387494087219,0.92049252986907959,0.46473813056945801,0.11437908496732026
0,M1,100,late_mean,12,340,0.91470588235294115,0.65680008977701121,0.20265668630599976,0.1204393059015274,0.93210214376449585,0.2560468316078186,0.058823529411764705
0,M1,100,late_mean,13,348,0.93678160919540232,0.83920574466627695,0.15893152356147766,0.089372150599956512,0.95293521881103516,0.26518544554710388,0.037356321839080463
0,M1,100,late_mean,18,403,0.87593052109181146,0.76895613841900312,0.31000214815139771,0.16483248770236969,0.93381035327911377,0.26711222529411316,0.064516129032258063
0,M1,100,late_mean,20,384,0.875,0.69491249017561474,0.27850878238677979,0.16776508092880249,0.91391867399215698,0.37041458487510681,0.0859375
0,M1,100,late_mean,24,410,0.96585365853658534,0.75540875789401374,0.15552100539207458,0.057883817702531815,0.96056312322616577,0.2324950098991394,0.017073170731707318
0,M2,1,late_mean,2,324,0.92901234567901236,0.6888541945859018,0.25191855430603027,0.13509063422679901,0.83283251523971558,0,0
0,M2,1,late_mean,4,336,0.94047619047619047,0.81425052670102172,0.27018895745277405,0.13822107017040253,0.81155520677566528,0,0
0,M2,1,late_mean,9,311,0.81028938906752412,0.57855190308070115,0.56446856260299683,0.31097760796546936,0.69955986738204956,0,0
0,M2,1,late_mean,10,306,0.76797385620915037,0.66248703420882016,0.5428539514541626,0.30978900194168091,0.7285953164100647,0,0
0,M2,1,late_mean,12,340,0.94117647058823528,0.75550852291775838,0.26069000363349915,0.13216088712215424,0.830005943775177,0,0
0,M2,1,late_mean,13,348,0.96264367816091956,0.85869112074619192,0.22797669470310211,0.11037588864564896,0.84024351835250854,0,0
0,M2,1,late_mean,18,403,0.91811414392059554,0.78591349811699374,0.31008568406105042,0.15504036843776703,0.82875072956085205,0,0
0,M2,1,late_mean,20,384,0.90625,0.74307039439226141,0.36549457907676697,0.19028182327747345,0.76463860273361206,0,0
0,M2,1,late_mean,24,410,0.96829268292682924,0.85924529950919171,0.24278274178504944,0.10016006976366043,0.85384058952331543,0,0
0,M2,2,late_mean,2,324,0.89814814814814814,0.64704616439721763,0.27757328748703003,0.14960828423500061,0.81853532791137695,0.095801495015621185,0.095679012345679007
0,M2,2,late_mean,4,336,0.89583333333333337,0.77148607046316131,0.31189268827438354,0.16537706553936005,0.79769033193588257,0.094687499105930328,0.080357142857142863
0,M2,2,late_mean,9,311,0.70418006430868163,0.54197411111212268,0.63362914323806763,0.36098277568817139,0.69672757387161255,0.15988191962242126,0.23794212218649519
0,M2,2,late_mean,10,306,0.76470588235294112,0.67567164727180973,0.5471038818359375,0.31574645638465881,0.7295299768447876,0.15804223716259003,0.26143790849673204
0,M2,2,late_mean,12,340,0.90588235294117647,0.77654926222880893,0.30669519305229187,0.16371884942054749,0.810413658618927,0.087073154747486115,0.061764705882352944
0,M2,2,late_mean,13,348,0.89655172413793105,0.81582961292581946,0.27829805016517639,0.14832362532615662,0.82318621873855591,0.090180926024913788,0.086206896551724144
0,M2,2,late_mean,18,403,0.90074441687344908,0.79667840205187768,0.34901916980743408,0.17981886863708496,0.80704355239868164,0.090836167335510254,0.052109181141439205
0,M2,2,late_mean,20,384,0.81770833333333337,0.61992694000566428,0.43633207678794861,0.24437429010868073,0.74687689542770386,0.12596589326858521,0.13541666666666666
0,M2,2,late_mean,24,410,0.90731707317073174,0.80866398637715586,0.2940819263458252,0.13963569700717926,0.83417648077011108,0.079063937067985535,0.070731707317073164
0,M2,3,late_mean,2,324,0.88271604938271608,0.63873852241308737,0.29693865776062012,0.16366836428642273,0.81906968355178833,0.14370225369930267,0.12345679012345678
0,M2,3,late_mean,4,336,0.86309523809523814,0.67237010974937172,0.33915144205093384,0.18464067578315735,0.7975456714630127,0.14203125238418579,0.11904761904761904
0,M2,3,late_mean,9,311,0.65273311897106112,0.51002877311211958,0.68366366624832153,0.3985791802406311,0.70943218469619751,0.2398228794336319,0.30225080385852088
0,M2,3,late_mean,10,306,0.74509803921568629,0.66112362345857734,0.56395381689071655,0.33181971311569214,0.74506241083145142,0.23706336319446564,0.31045751633986929
0,M2,3,late_mean,12,340,0.86470588235294121,0.75596549337136942,0.33549958467483521,0.18474549055099487,0.80707597732543945,0.13060973584651947,0.10000000000000001
0,M2,3,late_mean,13,348,0.87643678160919536,0.79872868570511368,0.31025227904319763,0.17316050827503204,0.82047367095947266,0.13527138531208038,0.10632183908045977
0,M2,3,late_mean,18,403,0.86600496277915628,0.78089380704277123,0.37425217032432556,0.19755792617797852,0.80126368999481201,0.13625425100326538,0.091811414392059559
0,M2,3,late_mean,20,384,0.78125,0.60096905781928911,0.48290243744850159,0.28025838732719421,0.74945646524429321,0.18894882500171661,0.18229166666666666
0,M2,3,late_mean,24,410,0.8878048780487805,0.79745104006718348,0.32549214363098145,0.16415047645568848,0.82884317636489868,0.1185959056019783,0.090243902439024387
0,M2,5,late_mean,2,324,0.86111111111111116,0.62744665070329209,0.32225814461708069,0.18226265907287598,0.82185345888137817,0.19160300493240356,0.14506172839506173
0,M2,5,late_mean,4,336,0.8392857142857143,0.65949337036994826,0.37293407320976257,0.20769466459751129,0.80076587200164795,0.18937501311302185,0.14285714285714285
0,M2,5,late_mean,9,311,0.63344051446945338,0.45582490330480691,0.7495836615562439,0.44457143545150757,0.72663569450378418,0.31976380944252014,0.3311897106109325
0,M2,5,late_mean,10,306,0.73856209150326801,0.65626128366010217,0.59496080875396729,0.35662263631820679,0.76459455490112305,0.31608447432518005,0.33006535947712418
0,M2,5,late_mean,12,340,0.83529411764705885,0.74231497483646092,0.37006881833076477,0.20927056670188904,0.80771905183792114,0.17414630949497223,0.12941176470588237
0,M2,5,late_mean,13,348,0.84482758620689657,0.75553690136336871,0.34953880310058594,0.20190607011318207,0.82049930095672607,0.18036183714866638,0.14367816091954022
0,M2,5,late_mean,18,403,0.83870967741935487,0.7478135893490846,0.40476062893867493,0.21886351704597473,0.79962772130966187,0.18167231976985931,0.12655086848635236
0,M2,5,late_mean,20,384,0.74739583333333337,0.61619972931045186,0.54154348373413086,0.32203435897827148,0.75599861145019531,0.25193178653717041,0.22916666666666666
0,M2,5,late_mean,24,410,0.87073170731707317,0.79628015403186581,0.3630969226360321,0.19184994697570801,0.82549560070037842,0.15812788903713226,0.11707317073170732
0,M2,8,late_mean,2,324,0.84876543209876543,0.61684304475928675,0.34393000602722168,0.19717784225940704,0.82500201463699341,0.22353683412075043,0.16049382716049382
0,M2,8,late_mean,4,336,0.83333333333333337,0.6538006173165728,0.40111422538757324,0.22516977787017822,0.80384117364883423,0.22093750536441803,0.15178571428571427
0,M2,8,late_mean,9,311,0.62057877813504825,0.44487229941775391,0.80759012699127197,0.47989735007286072,0.73948681354522705,0.37305781245231628,0.34405144694533762
0,M2,8,late_mean,10,306,0.72875816993464049,0.65016191769501308,0.62847369909286499,0.37800773978233337,0.77835339307785034,0.3687652051448822,0.34313725490196079
0,M2,8,late_mean,12,340,0.83235294117647063,0.75176991949227501,0.39796853065490723,0.22756421566009521,0.80912607908248901,0.20317070186138153,0.14117647058823529
0,M2,8,late_mean,13,348,0.82471264367816088,0.72862715338597972,0.38245320320129395,0.22324125468730927,0.8222927451133728,0.21042214334011078,0.16379310344827586
0,M2,8,late_mean,18,403,0.81885856079404462,0.67383240230673136,0.42921406030654907,0.23504862189292908,0.80048865079879761,0.21195106208324432,0.14888337468982629
0,M2,8,late_mean,20,384,0.7421875,0.61328434612018834,0.59166538715362549,0.35315832495689392,0.76203745603561401,0.29392042756080627,0.234375
0,M2,8,late_mean,24,410,0.86097560975609755,0.79080743786087415,0.39374256134033203,0.21208548545837402,0.82463854551315308,0.18448251485824585,0.12682926829268293
0,M2,16,late_mean,2,324,0.8364197530864198,0.57589672015879623,0.37022155523300171,0.21305651962757111,0.82880771160125732,0.25359216332435608,0.1728395061728395
0,M2,16,late_mean,4,336,0.8214285714285714,0.64741817832453297,0.43508553504943848,0.2431558221578598,0.80734080076217651,0.25064340233802795,0.16369047619047619
0,M2,16,late_mean,9,311,0.61736334405144699,0.43999097763517175,0.88097518682479858,0.51655399799346924,0.75234133005142212,0.42321678996086121,0.36977491961414793
0,M2,16,late_mean,10,306,0.72549019607843135,0.64835566805426681,0.67912769317626953,0.40167909860610962,0.79217326641082764,0.41834712028503418,0.3562091503267974
0,M2,16,late_mean,12,340,0.82647058823529407,0.77765654986286792,0.430440753698349,0.24620211124420166,0.81094664335250854,0.23048774898052216,0.15294117647058825
0,M2,16,late_mean,13,348,0.82183908045977017,0.72719437427938605,0.42304301261901855,0.24490834772586823,0.82455068826675415,0.23871420323848724,0.16666666666666666
0,M2,16,late_mean,18,403,0.80148883374689828,0.66506231133463012,0.45687472820281982,0.25172969698905945,0.80221247673034668,0.24044868350028992,0.16873449131513649
0,M2,16,late_mean,20,384,0.72395833333333337,0.60343136796273755,0.65432316064834595,0.38484349846839905,0.76862192153930664,0.33343911170959473,0.25260416666666669
0,M2,16,late_mean,24,410,0.85609756097560974,0.78779101138778529,0.43015381693840027,0.23242369294166565,0.82418787479400635,0.20928691327571869,0.13170731707317074
0,M2,32,late_mean,2,324,0.83024691358024694,0.57541828601440437,0.38920292258262634,0.22247001528739929,0.83121252059936523,0.26998600363731384,0.18209876543209877
0,M2,32,late_mean,4,336,0.81547619047619047,0.64418101431358821,0.45971375703811646,0.25359535217285156,0.80947530269622803,0.26684659719467163,0.16964285714285715
0,M2,32,late_mean,9,311,0.61736334405144699,0.4400688957507139,0.93612188100814819,0.53794169425964355,0.75976800918579102,0.45057633519172668,0.37299035369774919
0,M2,32,late_mean,10,306,0.71568627450980393,0.64226878776153395,0.72533804178237915,0.41603934764862061,0.80008286237716675,0.44539174437522888,0.36601307189542481
0,M2,32,late_mean,12,340,0.81470588235294117,0.77123578409792204,0.4532599151134491,0.25694873929023743,0.81227236986160278,0.24538798630237579,0.16470588235294117
0,M2,32,late_mean,13,348,0.82183908045977017,0.72719437427938605,0.45404744148254395,0.25737538933753967,0.82579100131988525,0.25414621829986572,0.16666666666666666
0,M2,32,late_mean,18,403,0.79652605459057069,0.66235050021122877,0.47502332925796509,0.26142027974128723,0.803508460521698,0.2559928297996521,0.17617866004962779
0,M2,32,late_mean,20,384,0.71354166666666663,0.59840682911615228,0.70212864875793457,0.40310406684875488,0.77248525619506836,0.35499477386474609,0.26041666666666669
0,M2,32,late_mean,24,410,0.85609756097560974,0.78779101138778529,0.4562818706035614,0.24404570460319519,0.82402366399765015,0.22281655669212341,0.13170731707317074
0,M2,64,late_mean,2,324,0.82407407407407407,0.57239998005464376,0.40216922760009766,0.22760556638240814,0.83254188299179077,0.27856126427650452,0.18827160493827161
0,M2,64,late_mean,4,336,0.8125,0.64258936149869383,0.47655767202377319,0.25923290848731995,0.81068402528762817,0.27532213926315308,0.17261904761904762
0,M2,64,late_mean,9,311,0.61736334405144699,0.44045159985793048,0.97403866052627563,0.54952090978622437,0.76370894908905029,0.46488747000694275,0.37942122186495175
0,M2,64,late_mean,10,306,0.71568627450980393,0.64226878776153395,0.76392602920532227,0.4239581823348999,0.80426746606826782,0.45953819155693054,0.36601307189542481
0,M2,64,late_mean,12,340,0.81470588235294117,0.77123578409792204,0.46870827674865723,0.26273325085639954,0.81305092573165894,0.25318196415901184,0.16470588235294117
0,M2,64,late_mean,13,348,0.81896551724137934,0.72559432923273903,0.47706997394561768,0.26407894492149353,0.8264496922492981,0.26221835613250732,0.16954022988505746
0,M2,64,late_mean,18,403,0.794044665012407,0.66096634374427909,0.48594647645950317,0.26665559411048889,0.80425077676773071,0.2641235888004303,0.17866004962779156
0,M2,64,late_mean,20,384,0.7109375,0.59694568955819571,0.73665523529052734,0.41293060779571533,0.77459186315536499,0.36627006530761719,0.26302083333333331
0,M2,64,late_mean,24,410,0.85609756097560974,0.78779101138778529,0.47394970059394836,0.25027349591255188,0.82393771409988403,0.22989363968372345,0.13170731707317074
0,M2,100,late_mean,2,324,0.82098765432098764,0.54790364305830674,0.40813598036766052,0.22952976822853088,0.83307355642318726,0.28171330690383911,0.19135802469135801
0,M2,100,late_mean,4,336,0.8125,0.64258936149869383,0.48426845669746399,0.26133567094802856,0.81113415956497192,0.27843755483627319,0.17261904761904762
0,M2,100,late_mean,9,311,0.61736334405144699,0.44045159985793048,0.99102604389190674,0.55384469032287598,0.76517820358276367,0.47014781832695007,0.37942122186495175
0,M2,100,late_mean,10,306,0.71568627450980393,0.64226878776153395,0.784218430519104,0.42693927884101868,0.805805504322052,0.46473804116249084,0.36601307189542481
0,M2,100,late_mean,12,340,0.81470588235294117,0.77123578409792204,0.4758324921131134,0.26488769054412842,0.81333708763122559,0.25604680180549622,0.16470588235294117
0,M2,100,late_mean,13,348,0.81896551724137934,0.72559432923273903,0.48859572410583496,0.26657456159591675,0.82670402526855469,0.26518553495407104,0.16954022988505746
0,M2,100,late_mean,18,403,0.794044665012407,0.66096634374427909,0.49032700061798096,0.2686086893081665,0.80453455448150635,0.26711222529411316,0.17866004962779156
0,M2,100,late_mean,20,384,0.7109375,0.59694568955819571,0.75316596031188965,0.41659006476402283,0.77536803483963013,0.37041452527046204,0.26302083333333331
0,M2,100,late_mean,24,410,0.85365853658536583,0.78653578524223922,0.48190265893936157,0.25258836150169373,0.82391715049743652,0.23249496519565582,0.13414634146341464
0,M1,1,cpsa,2,324,0.94135802469135799,0.69671377704538118,0.20020544528961182,0.10048334300518036,0.87976562976837158,0,0
0,M1,1,cpsa,4,336,0.94047619047619047,0.81415155090583813,0.21924149990081787,0.10760892927646637,0.85508275032043457,0,0
0,M1,1,cpsa,9,311,0.80707395498392287,0.57586005873832713,0.49371093511581421,0.26636204123497009,0.78675633668899536,0,0
0,M1,1,cpsa,10,306,0.77124183006535951,0.66776292133820736,0.52582395076751709,0.29533165693283081,0.82359182834625244,0,0
0,M1,1,cpsa,12,340,0.94705882352941173,0.75873899700985081,0.19167722761631012,0.088885605335235596,0.88418400287628174,0,0
0,M1,1,cpsa,13,348,0.95977011494252873,0.85376936344767029,0.1739434152841568,0.07516065239906311,0.8902137279510498,0,0
0,M1,1,cpsa,18,403,0.89330024813895781,0.76859548451033533,0.29177170991897583,0.15061873197555542,0.87588775157928467,0,0
0,M1,1,cpsa,20,384,0.87239583333333337,0.72434743495572895,0.31859198212623596,0.16999705135822296,0.82643789052963257,0,0
0,M1,1,cpsa,24,410,0.93902439024390238,0.83963163735023549,0.2278289794921875,0.10053189843893051,0.89481496810913086,0,0
0,M1,2,cpsa,2,324,0.91975308641975306,0.68425199756894772,0.19564227759838104,0.10862042009830475,0.894012451171875,0.082290828227996826,0.027777777777777776
0,M1,2,cpsa,4,336,0.93452380952380953,0.81549049695270959,0.20325113832950592,0.10795636475086212,0.87072426080703735,0.077393755316734314,0.017857142857142856
0,M1,2,cpsa,9,311,0.76205787781350487,0.55842334248460179,0.48758786916732788,0.28156253695487976,0.82142674922943115,0.12293336540460587,0.083601286173633438
0,M1,2,cpsa,10,306,0.74183006535947715,0.5589397845540991,0.58723568916320801,0.33906003832817078,0.84904217720031738,0.12020736932754517,0.071895424836601302
0,M1,2,cpsa,12,340,0.94411764705882351,0.7290833810388605,0.17224922776222229,0.084524422883987427,0.9024578332901001,0.064347229897975922,0.0088235294117647058
0,M1,2,cpsa,13,348,0.94827586206896552,0.84579366847803794,0.15628078579902649,0.071648605167865753,0.9147675633430481,0.068525634706020355,0.022988505747126436
0,M1,2,cpsa,18,403,0.89081885856079401,0.76717779768819627,0.28090861439704895,0.14885896444320679,0.8953174352645874,0.068494938313961029,0.017369727047146403
0,M1,2,cpsa,20,384,0.87239583333333337,0.6887182086883622,0.28891131281852722,0.15772415697574615,0.85756534337997437,0.098593138158321381,0.041666666666666664
0,M1,2,cpsa,24,410,0.93902439024390238,0.76806228677030297,0.1925555020570755,0.079613141715526581,0.91264170408248901,0.063645817339420319,0.014634146341463415
0,M1,3,cpsa,2,324,0.89506172839506171,0.66691733731534708,0.20147927105426788,0.12049070000648499,0.90476548671722412,0.12293626368045807,0.07098765432098765
0,M1,3,cpsa,4,336,0.90773809523809523,0.80133265075340143,0.20104363560676575,0.11304276436567307,0.87929069995880127,0.11344657838344574,0.050595238095238096
0,M1,3,cpsa,9,311,0.75562700964630225,0.62183597605147978,0.49618470668792725,0.296815425157547,0.84125465154647827,0.17796985805034637,0.096463022508038579
0,M1,3,cpsa,10,306,0.72875816993464049,0.55246570504851389,0.63261443376541138,0.36830222606658936,0.86613005399703979,0.17708034813404083,0.091503267973856203
0,M1,3,cpsa,12,340,0.94411764705882351,0.7290833810388605,0.16763870418071747,0.08673589676618576,0.90904730558395386,0.093541651964187622,0.0088235294117647058
0,M1,3,cpsa,13,348,0.9454022988505747,0.84416848943827183,0.15203537046909332,0.073646619915962219,0.92622208595275879,0.097988344728946686,0.025862068965517241
0,M1,3,cpsa,18,403,0.89081885856079401,0.76864842860300719,0.28028559684753418,0.15053361654281616,0.90515226125717163,0.09996863454580307,0.02729528535980149
0,M1,3,cpsa,20,384,0.875,0.68543407391863986,0.28057432174682617,0.15678150951862335,0.87301522493362427,0.1420019268989563,0.046875
0,M1,3,cpsa,24,410,0.95121951219512191,0.7458397320592689,0.17850621044635773,0.070982418954372406,0.92122697830200195,0.094123579561710358,0.031707317073170732
0,M1,5,cpsa,2,324,0.87345679012345678,0.65022017627651418,0.21480070054531097,0.13859023153781891,0.9210096001625061,0.16424955427646637,0.092592592592592587
0,M1,5,cpsa,4,336,0.90773809523809523,0.80142409236783385,0.20324042439460754,0.12125264853239059,0.88959711790084839,0.14840568602085114,0.056547619047619048
0,M1,5,cpsa,9,311,0.7588424437299035,0.62930142478966955,0.51493376493453979,0.31579628586769104,0.86094540357589722,0.2297482043504715,0.1157556270096463
0,M1,5,cpsa,10,306,0.71568627450980393,0.54505255954608078,0.69401484727859497,0.40334144234657288,0.88239562511444092,0.23331226408481598,0.10457516339869281
0,M1,5,cpsa,12,340,0.93235294117647061,0.66646433449001485,0.16681648790836334,0.092264421284198761,0.91550517082214355,0.12206058204174042,0.029411764705882353
0,M1,5,cpsa,13,348,0.9454022988505747,0.84416848943827183,0.15072274208068848,0.07751820981502533,0.93631821870803833,0.12508012354373932,0.025862068965517241
0,M1,5,cpsa,18,403,0.88585607940446653,0.76573341055371591,0.28369709849357605,0.15385793149471283,0.91495060920715332,0.13032908737659454,0.034739454094292806
0,M1,5,cpsa,20,384,0.875,0.68583396878080694,0.27581712603569031,0.15840913355350494,0.88817238807678223,0.18263320624828339,0.057291666666666664
0,M1,5,cpsa,24,410,0.96585365853658534,0.75540875789401374,0.16670431196689606,0.063734762370586395,0.93364006280899048,0.12464296072721481,0.046341463414634146
0,M1,8,cpsa,2,324,0.87037037037037035,0.64760302472166875,0.23016326129436493,0.1548474133014679,0.93297398090362549,0.19248510897159576,0.095679012345679007
0,M1,8,cpsa,4,336,0.89880952380952384,0.77898705927271183,0.20800581574440002,0.12850622832775116,0.89633524417877197,0.17131932079792023,0.065476190476190479
0,M1,8,cpsa,9,311,0.75562700964630225,0.62684359747221319,0.53641539812088013,0.33013126254081726,0.87447768449783325,0.26272034645080566,0.11897106109324759
0,M1,8,cpsa,10,306,0.69281045751633985,0.53208328175782138,0.75058245658874512,0.43074294924736023,0.8946080207824707,0.27109181880950928,0.13398692810457516
0,M1,8,cpsa,12,340,0.92352941176470593,0.66163670676446695,0.16926933825016022,0.098436959087848663,0.92132604122161865,0.14129817485809326,0.038235294117647062
0,M1,8,cpsa,13,348,0.94252873563218387,0.84252945583882533,0.1518634557723999,0.08104570209980011,0.94282722473144531,0.14207394421100616,0.028735632183908046
0,M1,8,cpsa,18,403,0.87841191066997515,0.76129370041988054,0.28941592574119568,0.15706436336040497,0.92180156707763672,0.15016300976276398,0.042183622828784122
0,M1,8,cpsa,20,384,0.87760416666666663,0.68704890218557768,0.27478495240211487,0.16085889935493469,0.89801269769668579,0.20854942500591278,0.059895833333333336
0,M1,8,cpsa,24,410,0.96585365853658534,0.75540875789401374,0.16031917929649353,0.060064408928155899,0.94297856092453003,0.14542561769485474,0.046341463414634146
0,M1,16,cpsa,2,324,0.86728395061728392,0.64491746280539375,0.25321629643440247,0.17384706437587738,0.94494777917861938,0.21978679299354553,0.098765432098765427
0,M1,16,cpsa,4,336,0.89583333333333337,0.777478058427715,0.21652694046497345,0.1367197185754776,0.90265780687332153,0.19272616505622864,0.068452380952380959
0,M1,16,cpsa,9,311,0.75562700964630225,0.62684359747221319,0.57010418176651001,0.34471434354782104,0.88672041893005371,0.29285991191864014,0.11897106109324759
0,M1,16,cpsa,10,306,0.68954248366013071,0.53008713489015302,0.82823991775512695,0.46058529615402222,0.90799146890640259,0.30745252966880798,0.13725490196078433
0,M1,16,cpsa,12,340,0.9205882352941176,0.66014979663554563,0.17570143938064575,0.10693435370922089,0.927051842212677,0.16006332635879517,0.041176470588235294
0,M1,16,cpsa,13,348,0.93965517241379315,0.84087555528060787,0.15535123646259308,0.085038758814334869,0.94879710674285889,0.15742646157741547,0.031609195402298854
0,M1,16,cpsa,18,403,0.87344913151364767,0.75742326529944537,0.29973712563514709,0.16089428961277008,0.92846482992172241,0.16867375373840332,0.047146401985111663
0,M1,16,cpsa,20,384,0.88020833333333337,0.69843136030716624,0.27589285373687744,0.16421245038509369,0.90699607133865356,0.23232896625995636,0.0625
0,M1,16,cpsa,24,410,0.96585365853658534,0.75540875789401374,0.1559571772813797,0.057974696159362793,0.95203870534896851,0.1656128317117691,0.046341463414634146
0,M1,32,cpsa,2,324,0.86419753086419748,0.64215943027195299,0.27257823944091797,0.18595793843269348,0.95177197456359863,0.23503842949867249,0.10185185185185185
0,M1,32,cpsa,4,336,0.88988095238095233,0.77415132657068131,0.22447355091571808,0.1418081670999527,0.90632283687591553,0.20437972247600555,0.074404761904761904
0,M1,32,cpsa,9,311,0.76205787781350487,0.70618244044741985,0.60215246677398682,0.35312473773956299,0.89324188232421875,0.30901628732681274,0.12540192926045016
0,M1,32,cpsa,10,306,0.68627450980392157,0.52484353408745177,0.89462631940841675,0.47915753722190857,0.91597282886505127,0.32788670063018799,0.1437908496732026
0,M1,32,cpsa,12,340,0.91764705882352937,0.65841052885391671,0.18304452300071716,0.11314018815755844,0.93041688203811646,0.17077095806598663,0.044117647058823532
0,M1,32,cpsa,13,348,0.93965517241379315,0.84087555528060787,0.15942542254924774,0.087498463690280914,0.95199441909790039,0.16557657718658447,0.031609195402298854
0,M1,32,cpsa,18,403,0.87593052109181146,0.7593738405095144,0.31013226509094238,0.16335767507553101,0.93209469318389893,0.17875288426876068,0.049627791563275438
0,M1,32,cpsa,20,384,0.87760416666666663,0.69678775979992935,0.27786481380462646,0.16652362048625946,0.91192609071731567,0.2451280951499939,0.065104166666666671
0,M1,32,cpsa,24,410,0.96585365853658534,0.75540875789401374,0.15489466488361359,0.057646356523036957,0.95714318752288818,0.17698821425437927,0.046341463414634146
0,M1,64,cpsa,2,324,0.86419753086419748,0.64215943027195299,0.28654181957244873,0.19283948838710785,0.95539122819900513,0.24313093721866608,0.10185185185185185
0,M1,64,cpsa,4,336,0.88988095238095233,0.82108005500599457,0.23089626431465149,0.14465224742889404,0.90838801860809326,0.21047757565975189,0.080357142857142863
0,M1,64,cpsa,9,311,0.76205787781350487,0.70618244044741985,0.63059824705123901,0.35766631364822388,0.89668768644332886,0.31740772724151611,0.12540192926045016
0,M1,64,cpsa,10,306,0.68627450980392157,0.52484353408745177,0.94786131381988525,0.48973691463470459,0.92023968696594238,0.33882391452789307,0.1437908496732026
0,M1,64,cpsa,12,340,0.91764705882352937,0.65841052885391671,0.18978683650493622,0.11697627604007721,0.93228793144226074,0.17655913531780243,0.044117647058823532
0,M1,64,cpsa,13,348,0.93678160919540232,0.83920574466627695,0.16336525976657867,0.088867641985416412,0.95364326238632202,0.16978350281715393,0.034482758620689655
0,M1,64,cpsa,18,403,0.87841191066997515,0.77114340084102162,0.31936123967170715,0.16476258635520935,0.93407219648361206,0.18402875959873199,0.052109181141439205
0,M1,64,cpsa,20,384,0.875,0.69491249017561474,0.2795950174331665,0.16788510978221893,0.91450351476669312,0.25179120898246765,0.067708333333333329
0,M1,64,cpsa,24,410,0.96585365853658534,0.75540875789401374,0.15530791878700256,0.057774920016527176,0.95987099409103394,0.18306612968444824,0.046341463414634146
0,M1,100,cpsa,2,324,0.86419753086419748,0.64215943027195299,0.2928263247013092,0.19546903669834137,0.9567299485206604,0.24612659215927124,0.10185185185185185
0,M1,100,cpsa,4,336,0.88988095238095233,0.82108005500599457,0.23419171571731567,0.14573033154010773,0.90917640924453735,0.21272005140781403,0.080357142857142863
0,M1,100,cpsa,9,311,0.76205787781350487,0.70618244044741985,0.646781325340271,0.35936230421066284,0.89794802665710449,0.32048359513282776,0.12540192926045016
0,M1,100,cpsa,10,306,0.68300653594771243,0.5232505184074796,0.97527068853378296,0.49380522966384888,0.92182743549346924,0.34289714694023132,0.1437908496732026
0,M1,100,cpsa,12,340,0.91470588235294115,0.65680008977701121,0.19350460171699524,0.11850594729185104,0.93299782276153564,0.17872506380081177,0.047058823529411764
0,M1,100,cpsa,13,348,0.93678160919540232,0.83920574466627695,0.16570940613746643,0.089385569095611572,0.95424580574035645,0.17132072150707245,0.034482758620689655
0,M1,100,cpsa,18,403,0.87593052109181146,0.76895613841900312,0.32445776462554932,0.16530035436153412,0.93481975793838501,0.18596963584423065,0.054590570719602979
0,M1,100,cpsa,20,384,0.875,0.69491249017561474,0.28042992949485779,0.16841404139995575,0.91545724868774414,0.25423642992973328,0.067708333333333329
0,M1,100,cpsa,24,410,0.96585365853658534,0.75540875789401374,0.15591125190258026,0.057882066816091537,0.96088480949401855,0.18532456457614899,0.046341463414634146
0,M2,1,cpsa,2,324,0.94135802469135799,0.69671377704538118,0.20020544528961182,0.10048334300518036,0.87976562976837158,0,0
0,M2,1,cpsa,4,336,0.94047619047619047,0.81415155090583813,0.21924149990081787,0.10760892927646637,0.85508275032043457,0,0
0,M2,1,cpsa,9,311,0.80707395498392287,0.57586005873832713,0.49371093511581421,0.26636204123497009,0.78675633668899536,0,0
0,M2,1,cpsa,10,306,0.77124183006535951,0.66776292133820736,0.52582395076751709,0.29533165693283081,0.82359182834625244,0,0
0,M2,1,cpsa,12,340,0.94705882352941173,0.75873899700985081,0.19167722761631012,0.088885605335235596,0.88418400287628174,0,0
0,M2,1,cpsa,13,348,0.95977011494252873,0.85376936344767029,0.1739434152841568,0.07516065239906311,0.8902137279510498,0,0
0,M2,1,cpsa,18,403,0.89330024813895781,0.76859548451033533,0.29177170991897583,0.15061873197555542,0.87588775157928467,0,0
0,M2,1,cpsa,20,384,0.87239583333333337,0.72434743495572895,0.31859198212623596,0.16999705135822296,0.82643789052963257,0,0
0,M2,1,cpsa,24,410,0.93902439024390238,0.83963163735023549,0.2278289794921875,0.10053189843893051,0.89481496810913086,0,0
0,M2,2,cpsa,2,324,0.9228395061728395,0.66007947998534,0.22573235630989075,0.11243568360805511,0.86256712675094604,0.088877215981483459,0.030864197530864196
0,M2,2,cpsa,4,336,0.93452380952380953,0.78587472273498682,0.25331079959869385,0.12331049889326096,0.83569461107254028,0.089020214974880219,0.023809523809523808
0,M2,2,cpsa,9,311,0.80064308681672025,0.57638404525277498,0.53319138288497925,0.27992340922355652,0.75872701406478882,0.14742058515548706,0.077170418006430874
0,M2,2,cpsa,10,306,0.80392156862745101,0.69660229452633793,0.49623677134513855,0.27257928252220154,0.79964292049407959,0.13859763741493225,0.068627450980392163
0,M2,2,cpsa,12,340,0.94999999999999996,0.79848896219250942,0.22840876877307892,0.10818550735712051,0.85920178890228271,0.079062104225158691,0.020588235294117647
0,M2,2,cpsa,13,348,0.95114942528735635,0.84988346600509257,0.20854753255844116,0.094680413603782654,0.86190235614776611,0.086078852415084839,0.028735632183908046
0,M2,2,cpsa,18,403,0.8957816377171216,0.79394896055428277,0.3168410062789917,0.16114018857479095,0.85236173868179321,0.081241674721240997,0.029776674937965261
0,M2,2,cpsa,20,384,0.84635416666666663,0.72728344551261748,0.37285366654396057,0.20205898582935333,0.79522448778152466,0.12005379050970078,0.072916666666666671
0,M2,2,cpsa,24,410,0.92682926829268297,0.83432903693031224,0.27581894397735596,0.12860934436321259,0.87349122762680054,0.071904264390468597,0.021951219512195121
0,M2,3,cpsa,2,324,0.90740740740740744,0.65170460812511743,0.2483142763376236,0.12705206871032715,0.85368424654006958,0.13782757520675659,0.049382716049382713
0,M2,3,cpsa,4,336,0.9196428571428571,0.74355847012466825,0.28019088506698608,0.13954003155231476,0.82515335083007812,0.14040672779083252,0.044642857142857144
0,M2,3,cpsa,9,311,0.79421221864951763,0.59350081497647345,0.57094746828079224,0.30276522040367126,0.74527126550674438,0.23508921265602112,0.11254019292604502
0,M2,3,cpsa,10,306,0.80392156862745101,0.70545402141049596,0.495565265417099,0.27263301610946655,0.78525626659393311,0.22058179974555969,0.094771241830065356
0,M2,3,cpsa,12,340,0.92647058823529416,0.78700605641101851,0.25683653354644775,0.12651859223842621,0.84442985057830811,0.12704561650753021,0.044117647058823532
0,M2,3,cpsa,13,348,0.93965517241379315,0.84400466415076625,0.23596745729446411,0.11405134946107864,0.847770094871521,0.13815182447433472,0.045977011494252873
0,M2,3,cpsa,18,403,0.89081885856079401,0.78940995302309158,0.3371727466583252,0.171680748462677,0.8394431471824646,0.129985511302948,0.047146401985111663
0,M2,3,cpsa,20,384,0.8359375,0.7015054234355439,0.41454195976257324,0.22917048633098602,0.7843928337097168,0.19131708145141602,0.11458333333333333
0,M2,3,cpsa,24,410,0.91219512195121955,0.81000352415456256,0.30720201134681702,0.14729216694831848,0.86221444606781006,0.11304107308387756,0.036585365853658534
0,M2,5,cpsa,2,324,0.89197530864197527,0.64366546612036302,0.28056374192237854,0.14916114509105682,0.84505444765090942,0.19140453636646271,0.07716049382716049
0,M2,5,cpsa,4,336,0.88690476190476186,0.68501934884895432,0.31776824593544006,0.16417768597602844,0.81500482559204102,0.19862928986549377,0.086309523809523808
0,M2,5,cpsa,9,311,0.74919614147909963,0.56872614214225015,0.62948232889175415,0.34332692623138428,0.73192328214645386,0.33741503953933716,0.18971061093247588
0,M2,5,cpsa,10,306,0.76797385620915037,0.68108534354684813,0.51074427366256714,0.28668701648712158,0.77240860462188721,0.31683167815208435,0.19281045751633988
0,M2,5,cpsa,12,340,0.90588235294117647,0.77767866766115012,0.29661127924919128,0.15413039922714233,0.82972127199172974,0.18333412706851959,0.070588235294117646
0,M2,5,cpsa,13,348,0.90517241379310343,0.82798308072030702,0.27516889572143555,0.14372922480106354,0.83459615707397461,0.1988174170255661,0.086206896551724144
0,M2,5,cpsa,18,403,0.88089330024813894,0.76712407812590133,0.36590674519538879,0.188282310962677,0.82482904195785522,0.18733209371566772,0.074441687344913146
0,M2,5,cpsa,20,384,0.80989583333333337,0.63971031676404089,0.47265997529029846,0.26771438121795654,0.77643567323684692,0.2732909619808197,0.1640625
0,M2,5,cpsa,24,410,0.90000000000000002,0.80373812502951614,0.34692665934562683,0.17123822867870331,0.84925717115402222,0.15959693491458893,0.04878048780487805
0,M2,8,cpsa,2,324,0.88580246913580252,0.64043791402815842,0.31020405888557434,0.16944949328899384,0.83965039253234863,0.23065586388111115,0.089506172839506168
0,M2,8,cpsa,4,336,0.8660714285714286,0.67139963418708881,0.35244637727737427,0.18744257092475891,0.81044912338256836,0.24271179735660553,0.11607142857142858
0,M2,8,cpsa,9,311,0.69453376205787787,0.49018581559072966,0.68885201215744019,0.38653245568275452,0.7317461371421814,0.41793301701545715,0.24758842443729903
0,M2,8,cpsa,10,306,0.77450980392156865,0.683092476188074,0.53732407093048096,0.30978724360466003,0.77454251050949097,0.39304742217063904,0.22875816993464052
0,M2,8,cpsa,12,340,0.88529411764705879,0.77814721807035159,0.3335968554019928,0.18034131824970245,0.82017874717712402,0.22721393406391144,0.091176470588235289
0,M2,8,cpsa,13,348,0.87643678160919536,0.77038361716403392,0.31276294589042664,0.17230163514614105,0.82853943109512329,0.24593256413936615,0.11494252873563218
0,M2,8,cpsa,18,403,0.85856079404466501,0.71144652737127789,0.39262917637825012,0.20500849187374115,0.81505626440048218,0.23267892003059387,0.10669975186104218
0,M2,8,cpsa,20,384,0.7890625,0.63715808499196525,0.52685290575027466,0.30306577682495117,0.77205777168273926,0.33621108531951904,0.1953125
0,M2,8,cpsa,24,410,0.8878048780487805,0.80469764875561267,0.38094243407249451,0.19174621999263763,0.84074676036834717,0.19498029351234436,0.070731707317073164
0,M2,16,cpsa,2,324,0.85493827160493829,0.60233981309645446,0.3482820987701416,0.19439519941806793,0.83488917350769043,0.27128210663795471,0.12345679012345678
0,M2,16,cpsa,4,336,0.84226190476190477,0.65853059229235633,0.39808055758476257,0.21700441837310791,0.80930602550506592,0.28956127166748047,0.14285714285714285
0,M2,16,cpsa,9,311,0.63987138263665599,0.45559636544120879,0.77574902772903442,0.44777524471282959,0.74070549011230469,0.50740575790405273,0.31832797427652731
0,M2,16,cpsa,10,306,0.75816993464052285,0.66982975326613137,0.58937150239944458,0.34935182332992554,0.78312838077545166,0.478106290102005,0.2908496732026144
0,M2,16,cpsa,12,340,0.83823529411764708,0.75455683311249067,0.38275527954101562,0.21387138962745667,0.81416642665863037,0.27498286962509155,0.14411764705882352
0,M2,16,cpsa,13,348,0.8477011494252874,0.74086975954192402,0.36508664488792419,0.20942473411560059,0.82502484321594238,0.29728072881698608,0.14367816091954022
0,M2,16,cpsa,18,403,0.84367245657568235,0.68669982157384268,0.42777913808822632,0.22818012535572052,0.80684870481491089,0.28330206871032715,0.13399503722084366
0,M2,16,cpsa,20,384,0.75520833333333337,0.61922053413026013,0.6000063419342041,0.34784713387489319,0.77033752202987671,0.40427610278129578,0.23697916666666666
0,M2,16,cpsa,24,410,0.87560975609756098,0.7979128404865814,0.42303416132926941,0.21658806502819061,0.83205598592758179,0.23308232426643372,0.082926829268292687
0,M2,32,cpsa,2,324,0.8364197530864198,0.57589672015879623,0.37647336721420288,0.21135184168815613,0.8339342474937439,0.29546841979026794,0.1419753086419753
0,M2,32,cpsa,4,336,0.83333333333333337,0.6538006173165728,0.43364888429641724,0.23776848614215851,0.80962002277374268,0.31805205345153809,0.15178571428571427
0,M2,32,cpsa,9,311,0.62057877813504825,0.4415271915265922,0.85210436582565308,0.49484193325042725,0.75119918584823608,0.5642051100730896,0.34083601286173631
0,M2,32,cpsa,10,306,0.74183006535947715,0.65799348816968173,0.64556574821472168,0.38269481062889099,0.793140709400177,0.5322001576423645,0.30392156862745096
0,M2,32,cpsa,12,340,0.83235294117647063,0.78058691374782996,0.42143109440803528,0.23752428591251373,0.81374961137771606,0.30459219217300415,0.1588235294117647
0,M2,32,cpsa,13,348,0.83045977011494254,0.73183257795062762,0.40886160731315613,0.23588725924491882,0.82513850927352905,0.32913672924041748,0.16091954022988506
0,M2,32,cpsa,18,403,0.82382133995037221,0.67661089447650247,0.45463871955871582,0.24605453014373779,0.80417251586914062,0.31568706035614014,0.15136476426799009
0,M2,32,cpsa,20,384,0.7421875,0.61279596625174204,0.65965396165847778,0.37977114319801331,0.77179306745529175,0.44653186202049255,0.25
0,M2,32,cpsa,24,410,0.86585365853658536,0.79294169814847837,0.45386219024658203,0.2337850034236908,0.82763642072677612,0.25668305158615112,0.092682926829268292
0,M2,64,cpsa,2,324,0.83333333333333337,0.57698116663315102,0.39525392651557922,0.22148141264915466,0.83377790451049805,0.3088417649269104,0.14814814814814814
0,M2,64,cpsa,4,336,0.8214285714285714,0.64741817832453297,0.45895394682884216,0.2504410445690155,0.81042826175689697,0.33400407433509827,0.16369047619047619
0,M2,64,cpsa,9,311,0.61736334405144699,0.43999097763517175,0.91255289316177368,0.52513110637664795,0.7586401104927063,0.59690845012664795,0.36334405144694532
0,M2,64,cpsa,10,306,0.71895424836601307,0.64484383670987377,0.69739288091659546,0.40495419502258301,0.79983353614807129,0.56333673000335693,0.3235294117647059
0,M2,64,cpsa,12,340,0.8294117647058824,0.77932913684800731,0.44922143220901489,0.25198853015899658,0.8134772777557373,0.32135787606239319,0.16176470588235295
0,M2,64,cpsa,13,348,0.81896551724137934,0.72559432923273903,0.44268903136253357,0.25214758515357971,0.82606911659240723,0.34718763828277588,0.17241379310344829
0,M2,64,cpsa,18,403,0.80645161290322576,0.66775921781514391,0.47291576862335205,0.25773888826370239,0.80369812250137329,0.33447569608688354,0.17121588089330025
0,M2,64,cpsa,20,384,0.72395833333333337,0.60369772754874218,0.70489960908889771,0.39964351058006287,0.77347373962402344,0.47058477997779846,0.265625
0,M2,64,cpsa,24,410,0.85853658536585364,0.78904138596569462,0.4743691086769104,0.24434491991996765,0.82557350397109985,0.27011111378669739,0.10000000000000001
0,M2,100,cpsa,2,324,0.83024691358024694,0.552484829636814,0.40347582101821899,0.22546389698982239,0.83377128839492798,0.31389942765235901,0.15123456790123457
0,M2,100,cpsa,4,336,0.81845238095238093,0.64582966320390778,0.47066044807434082,0.25548017024993896,0.81087124347686768,0.34007653594017029,0.16666666666666666
0,M2,100,cpsa,9,311,0.61736334405144699,0.4400688957507139,0.94267946481704712,0.53748893737792969,0.76178908348083496,0.60953742265701294,0.36655948553054662
0,M2,100,cpsa,10,306,0.71895424836601307,0.6450022317619114,0.72650712728500366,0.4141659140586853,0.80279433727264404,0.57535457611083984,0.33006535947712418
0,M2,100,cpsa,12,340,0.81764705882352939,0.77297482187689193,0.46219742298126221,0.25774317979812622,0.81346738338470459,0.32777509093284607,0.17352941176470588
0,M2,100,cpsa,13,348,0.81896551724137934,0.72559432923273903,0.4597606360912323,0.25863039493560791,0.82645988464355469,0.35410046577453613,0.17241379310344829
0,M2,100,cpsa,18,403,0.80148883374689828,0.6650738098973098,0.4809211790561676,0.26256775856018066,0.80403202772140503,0.34176886081695557,0.17866004962779156
0,M2,100,cpsa,20,384,0.71875,0.60126947247449547,0.72730398178100586,0.40765294432640076,0.77443164587020874,0.47983011603355408,0.27083333333333331
0,M2,100,cpsa,24,410,0.85609756097560974,0.78779101138778529,0.48318949341773987,0.24857844412326813,0.82496052980422974,0.27527326345443726,0.1024390243902439
1,M1,1,late_product,2,324,0.96296296296296291,0.7900654413812308,0.075974926352500916,0.044763222336769104,0.9639815092086792,0,0
1,M1,1,late_product,4,336,0.9464285714285714,0.86308774878550765,0.13761541247367859,0.081652171909809113,0.95922505855560303,0,0
1,M1,1,late_product,9,311,0.85209003215434087,0.6192158175143665,0.43584391474723816,0.22834905982017517,0.94303357601165771,0,0
1,M1,1,late_product,10,306,0.83660130718954251,0.6330102292909453,0.53028905391693115,0.25817865133285522,0.93026494979858398,0,0
1,M1,1,late_product,12,340,0.95294117647058818,0.71364738078437828,0.14337056875228882,0.07029058039188385,0.96986091136932373,0,0
1,M1,1,late_product,13,348,0.97413793103448276,0.8792104438656162,0.11890945583581924,0.038861185312271118,0.97525167465209961,0,0
1,M1,1,late_product,18,403,0.9330024813895782,0.79621769477946847,0.2552352249622345,0.10678884387016296,0.96125268936157227,0,0
1,M1,1,late_product,20,384,0.9375,0.78674030003454887,0.16486600041389465,0.08499801903963089,0.95738917589187622,0,0
1,M1,1,late_product,24,410,0.97317073170731705,0.81792046337500868,0.16025309264659882,0.042950049042701721,0.97675663232803345,0,0
1,M1,2,late_product,2,324,0.93827160493827155,0.80499921225727666,0.16328752040863037,0.093397952616214752,0.96734732389450073,0.083555400371551514,0.037037037037037035
1,M1,2,late_product,4,336,0.93154761904761907,0.85496537165971598,0.17132703959941864,0.09442901611328125,0.96269214153289795,0.06518525630235672,0.038690476190476192
1,M1,2,late_product,9,311,0.8038585209003215,0.59753878635918423,0.82669860124588013,0.32447108626365662,0.95593500137329102,0.14385028183460236,0.064308681672025719
1,M1,2,late_product,10,306,0.76470588235294112,0.59466845514930566,1.2066397666931152,0.40651276707649231,0.96028578281402588,0.15993325412273407,0.088235294117647065
1,M1,2,late_product,12,340,0.94411764705882351,0.64631447522970475,0.18392927944660187,0.077911823987960815,0.97873550653457642,0.03611285611987114,0.014705882352941176
1,M1,2,late_product,13,348,0.97413793103448276,0.93406289990323754,0.1848299503326416,0.044840626418590546,0.98209023475646973,0.03905642032623291,0.020114942528735632
1,M1,2,late_product,18,403,0.92307692307692313,0.7734147983030687,0.42759218811988831,0.12256684899330139,0.97524529695510864,0.058505643159151077,0.034739454094292806
1,M1,2,late_product,20,384,0.93229166666666663,0.78489722409542573,0.23581190407276154,0.10373958200216293,0.96883887052536011,0.060993287712335587,0.033854166666666664
1,M1,2,late_product,24,410,0.96829268292682924,0.79259884053864171,0.2439228892326355,0.052812550216913223,0.99010968208312988,0.032530739903450012,0.0073170731707317077
1,M1,3,late_product,2,324,0.90123456790123457,0.77485145573380854,0.32562068104743958,0.15223716199398041,0.97508186101913452,0.14040334522724152,0.080246913580246909
1,M1,3,late_product,4,336,0.92261904761904767,0.85034022663903619,0.27144753932952881,0.12196493148803711,0.97204571962356567,0.11287699639797211,0.059523809523809521
1,M1,3,late_product,9,311,0.77813504823151125,0.5818902146183329,1.4295952320098877,0.39189127087593079,0.96601921319961548,0.22678549587726593,0.11897106109324759
1,M1,3,late_product,10,306,0.73202614379084963,0.57622937730001,2.0348856449127197,0.49429425597190857,0.97822582721710205,0.23101457953453064,0.12091503267973856
1,M1,3,late_product,12,340,0.94705882352941173,0.64805190267526813,0.24144469201564789,0.087224379181861877,0.98505616188049316,0.05572257936000824,0.023529411764705882
1,M1,3,late_product,13,348,0.96551724137931039,0.92927637385960382,0.26447591185569763,0.06281733512878418,0.98340761661529541,0.063810601830482483,0.028735632183908046
1,M1,3,late_product,18,403,0.91563275434243174,0.76873306166647248,0.62665039300918579,0.14200899004936218,0.98406314849853516,0.084743432700634003,0.042183622828784122
1,M1,3,late_product,20,384,0.921875,0.76520640539693241,0.35173043608665466,0.12706208229064941,0.97716426849365234,0.090074747800827026,0.044270833333333336
1,M1,3,late_product,24,410,0.96829268292682924,0.79259884053864171,0.29738301038742065,0.058209415525197983,0.99447542428970337,0.042718365788459778,0.0073170731707317077
1,M1,5,late_product,2,324,0.88888888888888884,0.75381522599264528,0.73708486557006836,0.20711861550807953,0.98988622426986694,0.18439646065235138,0.095679012345679007
1,M1,5,late_product,4,336,0.91369047619047616,0.84561433352357229,0.54186749458312988,0.15526005625724792,0.9824938178062439,0.16370818018913269,0.083333333333333329
1,M1,5,late_product,9,311,0.76527331189710612,0.5738724968988127,2.5727355480194092,0.43973299860954285,0.98195058107376099,0.27385193109512329,0.13504823151125403
1,M1,5,late_product,10,306,0.72222222222222221,0.57034579982462019,3.7280445098876953,0.55196475982666016,0.98684513568878174,0.27646052837371826,0.13071895424836602
1,M1,5,late_product,12,340,0.94705882352941173,0.64805190267526813,0.374970942735672,0.097731120884418488,0.99131667613983154,0.07422618567943573,0.029411764705882353
1,M1,5,late_product,13,348,0.9454022988505747,0.89177425769314489,0.38213840126991272,0.096774071455001831,0.99008733034133911,0.098140664398670197,0.048850574712643681
1,M1,5,late_product,18,403,0.90818858560794047,0.76496952721157629,0.92944353818893433,0.16200524568557739,0.98985785245895386,0.10722648352384567,0.049627791563275438
1,M1,5,late_product,20,384,0.90885416666666663,0.74683993873987342,0.58873343467712402,0.15399996936321259,0.98475170135498047,0.11839068681001663,0.059895833333333336
1,M1,5,late_product,24,410,0.96585365853658534,0.79104370338385688,0.40329623222351074,0.063791543245315552,0.99633520841598511,0.051654860377311707,0.0097560975609756097
1,M1,8,late_product,2,324,0.87962962962962965,0.74615401077265464,1.3957653045654297,0.22682450711727142,0.99451446533203125,0.20165160298347473,0.10493827160493827
1,M1,8,late_product,4,336,0.9017857142857143,0.819157906171326,0.96004152297973633,0.18434040248394012,0.98812305927276611,0.19688129425048828,0.095238095238095233
1,M1,8,late_product,9,311,0.7588424437299035,0.57025972004753911,3.6199805736541748,0.45799732208251953,0.98586702346801758,0.29918012022972107,0.14469453376205788
1,M1,8,late_product,10,306,0.70261437908496727,0.52936589229744091,5.3864049911499023,0.5756295919418335,0.98582535982131958,0.30403628945350647,0.15032679738562091
1,M1,8,late_product,12,340,0.94411764705882351,0.64643437291848727,0.59510070085525513,0.11061225086450577,0.9930267333984375,0.090891756117343903,0.032352941176470591
1,M1,8,late_product,13,348,0.93678160919540232,0.88672574342500343,0.61202734708786011,0.1136884018778801,0.99217134714126587,0.11639292538166046,0.057471264367816091
1,M1,8,late_product,18,403,0.90570719602977667,0.76369931238352284,1.2021421194076538,0.17499595880508423,0.99249720573425293,0.12261665612459183,0.052109181141439205
1,M1,8,late_product,20,384,0.90364583333333337,0.74401752866911419,0.91715162992477417,0.17480564117431641,0.99068707227706909,0.13834048807621002,0.065104166666666671
1,M1,8,late_product,24,410,0.96341463414634143,0.77231092101471077,0.55621433258056641,0.069858461618423462,0.99878746271133423,0.057166572660207748,0.012195121951219513
1,M1,16,late_product,2,324,0.87654320987654322,0.74457653767815379,2.6005222797393799,0.24503053724765778,0.99851101636886597,0.21665403246879578,0.10802469135802469
1,M1,16,late_product,4,336,0.88988095238095233,0.81265265033413847,1.8693108558654785,0.21372301876544952,0.99626106023788452,0.22076642513275146,0.10714285714285714
1,M1,16,late_product,9,311,0.752411575562701,0.5611065765402441,4.8864288330078125,0.48026582598686218,0.9941251277923584,0.32308733463287354,0.15112540192926044
1,M1,16,late_product,10,306,0.69281045751633985,0.54621260672268834,7.2046689987182617,0.60197663307189941,0.99249982833862305,0.33039754629135132,0.16339869281045752
1,M1,16,late_product,12,340,0.93235294117647061,0.64026497900064028,1.0329252481460571,0.13059282302856445,0.99663716554641724,0.11033964902162552,0.044117647058823532
1,M1,16,late_product,13,348,0.93390804597701149,0.83296495992271191,1.1856316328048706,0.12844377756118774,0.99332690238952637,0.13665242493152618,0.066091954022988508
1,M1,16,late_product,18,403,0.8982630272952854,0.75983501575606827,1.6504924297332764,0.19196555018424988,0.99482828378677368,0.14512145519256592,0.064516129032258063
1,M1,16,late_product,20,384,0.89322916666666663,0.73330409118383433,1.6246920824050903,0.20102733373641968,0.99459642171859741,0.16491632163524628,0.075520833333333329
1,M1,16,late_product,24,410,0.96341463414634143,0.77231092101471077,0.72025483846664429,0.07291729748249054,0.99991154670715332,0.059414569288492203,0.012195121951219513
1,M1,32,late_product,2,324,0.87654320987654322,0.74457653767815379,3.1432113647460938,0.24900887906551361,0.99706429243087769,0.22206412255764008,0.10802469135802469
1,M1,32,late_product,4,336,0.88988095238095233,0.81265265033413847,2.4944186210632324,0.22058360278606415,0.99858564138412476,0.22637912631034851,0.10714285714285714
1,M1,32,late_product,9,311,0.75562700964630225,0.57143030439569364,5.7227497100830078,0.47934088110923767,0.99580997228622437,0.33424454927444458,0.15755627009646303
1,M1,32,late_product,10,306,0.68627450980392157,0.54237384712385028,7.8288908004760742,0.62298369407653809,0.99658322334289551,0.34579604864120483,0.16993464052287582
1,M1,32,late_product,12,340,0.92941176470588238,0.63864807684500791,1.4615414142608643,0.14188078045845032,0.99831545352935791,0.12051547318696976,0.047058823529411764
1,M1,32,late_product,13,348,0.92528735632183912,0.80102249362291644,1.5748083591461182,0.14665083587169647,0.99909448623657227,0.15223002433776855,0.074712643678160925
1,M1,32,late_product,18,403,0.8982630272952854,0.76017294035560745,2.1317183971405029,0.2031446248292923,0.99979901313781738,0.15644076466560364,0.069478908188585611
1,M1,32,late_product,20,384,0.89322916666666663,0.74314241480755294,2.224738597869873,0.2090938538312912,0.99690324068069458,0.17523296177387238,0.080729166666666671
1,M1,32,late_product,24,410,0.96341463414634143,0.77231092101471077,0.87078768014907837,0.073169909417629242,0.99999898672103882,0.059589419513940811,0.012195121951219513
1,M1,64,late_product,2,324,0.87037037037037035,0.73913294322843803,3.2998113632202148,0.25836694240570068,0.9996185302734375,0.22906677424907684,0.11419753086419752
1,M1,64,late_product,4,336,0.88690476190476186,0.81098536154478917,2.8556602001190186,0.22580771148204803,0.99909716844558716,0.23230348527431488,0.11011904761904762
1,M1,64,late_product,9,311,0.7588424437299035,0.57363677518211398,6.1574406623840332,0.47845625877380371,0.99754387140274048,0.33879938721656799,0.16077170418006431
1,M1,64,late_product,10,306,0.6797385620915033,0.53924043805149902,8.2554616928100586,0.63604110479354858,0.99868476390838623,0.35554406046867371,0.17647058823529413
1,M1,64,late_product,12,340,0.92352941176470593,0.63541152581433913,1.8017052412033081,0.15072245895862579,0.99930799007415771,0.12926886975765228,0.052941176470588235
1,M1,64,late_product,13,348,0.92528735632183912,0.80102249362291644,1.8057307004928589,0.14937406778335571,0.99998301267623901,0.15400707721710205,0.074712643678160925
1,M1,64,late_product,18,403,0.8982630272952854,0.76017294035560745,2.5598394870758057,0.20347209274768829,0.99999487400054932,0.1568325012922287,0.069478908188585611
1,M1,64,late_product,20,384,0.88802083333333337,0.74028023361761086,2.6983616352081299,0.21999400854110718,0.99837470054626465,0.18458299338817596,0.0859375
1,M1,64,late_product,24,410,0.96341463414634143,0.77231092101471077,0.98439180850982666,0.073170728981494904,1,0.059591479599475861,0.012195121951219513
1,M1,100,late_product,2,324,0.87037037037037035,0.73913294322843803,3.3929464817047119,0.25922426581382751,0.99992173910140991,0.22967302799224854,0.11419753086419752
1,M1,100,late_product,4,336,0.88690476190476186,0.81098536154478917,2.9883761405944824,0.22637003660202026,0.99945765733718872,0.23302450776100159,0.11011904761904762
1,M1,100,late_product,9,311,0.7588424437299035,0.57363677518211398,6.3128290176391602,0.47769713401794434,0.99807316064834595,0.34025019407272339,0.16077170418006431
1,M1,100,late_product,10,306,0.6797385620915033,0.53924043805149902,8.4905986785888672,0.63923728466033936,0.99966132640838623,0.35749727487564087,0.17647058823529413
1,M1,100,late_product,12,340,0.92352941176470593,0.63541152581433913,1.9377238750457764,0.15293359756469727,0.99997979402542114,0.13061252236366272,0.052941176470588235
1,M1,100,late_product,13,348,0.92528735632183912,0.80102249362291644,1.9537553787231445,0.14942474663257599,0.99999827146530151,0.15403753519058228,0.074712643678160925
1,M1,100,late_product,18,403,0.8982630272952854,0.76017294035560745,2.7374465465545654,0.20347391068935394,0.99999862909317017,0.15683993697166443,0.069478908188585611
1,M1,100,late_product,20,384,0.88802083333333337,0.74028023361761086,2.8697178363800049,0.22248406708240509,0.99890232086181641,0.18594849109649658,0.0859375
1,M1,100,late_product,24,410,0.96341463414634143,0.77231092101471077,1.0108910799026489,0.073170728981494904,1,0.059591487050056458,0.012195121951219513
1,M2,1,late_product,2,324,0.96296296296296291,0.7900654413812308,0.075974926352500916,0.044763222336769104,0.9639815092086792,0,0
1,M2,1,late_product,4,336,0.9464285714285714,0.86308774878550765,0.13761541247367859,0.081652171909809113,0.95922505855560303,0,0
1,M2,1,late_product,9,311,0.85209003215434087,0.6192158175143665,0.43584391474723816,0.22834905982017517,0.94303357601165771,0,0
1,M2,1,late_product,10,306,0.83660130718954251,0.6330102292909453,0.53028905391693115,0.25817865133285522,0.93026494979858398,0,0
1,M2,1,late_product,12,340,0.95294117647058818,0.71364738078437828,0.14337056875228882,0.07029058039188385,0.96986091136932373,0,0
1,M2,1,late_product,13,348,0.97413793103448276,0.8792104438656162,0.11890945583581924,0.038861185312271118,0.97525167465209961,0,0
1,M2,1,late_product,18,403,0.9330024813895782,0.79621769477946847,0.2552352249622345,0.10678884387016296,0.96125268936157227,0,0
1,M2,1,late_product,20,384,0.9375,0.78674030003454887,0.16486600041389465,0.08499801903963089,0.95738917589187622,0,0
1,M2,1,late_product,24,410,0.97317073170731705,0.81792046337500868,0.16025309264659882,0.042950049042701721,0.97675663232803345,0,0
1,M2,2,late_product,2,324,0.96296296296296291,0.79016042046702417,0.094852559268474579,0.052962549030780792,0.98309099674224854,0.065471358597278595,0.024691358024691357
1,M2,2,late_product,4,336,0.93452380952380953,0.85665958224781757,0.21364675462245941,0.10492567718029022,0.97096526622772217,0.05790054053068161,0.011904761904761904
1,M2,2,late_product,9,311,0.85852090032154338,0.6238656783669968,0.63494312763214111,0.2467951625585556,0.96404880285263062,0.09035559743642807,0.025723472668810289
1,M2,2,late_product,10,306,0.85947712418300659,0.64460034109826059,0.56657260656356812,0.22328589856624603,0.95272207260131836,0.18610343337059021,0.088235294117647065
1,M2,2,late_product,12,340,0.95294117647058818,0.75214229449466385,0.20356988906860352,0.076249010860919952,0.97916215658187866,0.036452207714319229,0.011764705882352941
1,M2,2,late_product,13,348,0.96551724137931039,0.87458405672767281,0.17476552724838257,0.057291842997074127,0.98061650991439819,0.041117865592241287,0.0086206896551724137
1,M2,2,late_product,18,403,0.9330024813895782,0.79619835349636048,0.33614581823348999,0.11932774633169174,0.97183310985565186,0.062837332487106323,0.019851116625310174
1,M2,2,late_product,20,384,0.921875,0.84428603887390119,0.25762510299682617,0.1124671995639801,0.95739984512329102,0.093549691140651703,0.041666666666666664
1,M2,2,late_product,24,410,0.97073170731707314,0.86742954015681295,0.21752400696277618,0.048367399722337723,0.98344087600708008,0.028765015304088593,0.017073170731707318
1,M2,3,late_product,2,324,0.96296296296296291,0.79016042046702417,0.15891997516155243,0.065235033631324768,0.98410648107528687,0.089743487536907196,0.024691358024691357
1,M2,3,late_product,4,336,0.91369047619047616,0.79051730825924393,0.35315188765525818,0.14044305682182312,0.97524744272232056,0.10084927827119827,0.03273809523809524
1,M2,3,late_product,9,311,0.83601286173633438,0.6355140914944819,0.92259955406188965,0.2820131778717041,0.96532303094863892,0.14786186814308167,0.061093247588424437
1,M2,3,late_product,10,306,0.83006535947712423,0.71602043852093944,0.87715959548950195,0.29050919413566589,0.96417528390884399,0.32168868184089661,0.16339869281045752
1,M2,3,late_product,12,340,0.95294117647058818,0.80034240225915243,0.28040546178817749,0.086419753730297089,0.9826233983039856,0.061549454927444458,0.017647058823529412
1,M2,3,late_product,13,348,0.95114942528735635,0.84875904573970518,0.27966290712356567,0.079254075884819031,0.98198491334915161,0.069296322762966156,0.028735632183908046
1,M2,3,late_product,18,403,0.91066997518610426,0.78448610236423655,0.46742084622383118,0.14499384164810181,0.97092741727828979,0.10691897571086884,0.042183622828784122
1,M2,3,late_product,20,384,0.89322916666666663,0.76345438436088997,0.4880918562412262,0.17466609179973602,0.96215528249740601,0.17686659097671509,0.080729166666666671
1,M2,3,late_product,24,410,0.95853658536585362,0.85979916346931828,0.29058551788330078,0.069214172661304474,0.98502820730209351,0.058029349893331528,0.034146341463414637
1,M2,5,late_product,2,324,0.91975308641975306,0.77731903456333729,0.38736805319786072,0.12838329374790192,0.97810059785842896,0.17054270207881927,0.07716049382716049
1,M2,5,late_product,4,336,0.8928571428571429,0.73724559467593531,0.72905057668685913,0.19618657231330872,0.9829258918762207,0.15911830961704254,0.056547619047619048
1,M2,5,late_product,9,311,0.78456591639871387,0.60258429827818971,1.7275108098983765,0.3993375301361084,0.9687080979347229,0.27975335717201233,0.11254019292604502
1,M2,5,late_product,10,306,0.79738562091503273,0.69602824353251169,1.9431874752044678,0.38487309217453003,0.98064649105072021,0.44850268959999084,0.21241830065359477
1,M2,5,late_product,12,340,0.92647058823529416,0.7863725455235997,0.46735239028930664,0.12826317548751831,0.98537975549697876,0.11818590760231018,0.047058823529411764
1,M2,5,late_product,13,348,0.92528735632183912,0.78569268641038981,0.59457188844680786,0.12938381731510162,0.98306643962860107,0.12467096000909805,0.05459770114942529
1,M2,5,late_product,18,403,0.88585607940446653,0.75127248439956851,0.82897865772247314,0.2034795880317688,0.97159045934677124,0.18519406020641327,0.076923076923076927
1,M2,5,late_product,20,384,0.83854166666666663,0.71807279064945495,1.1024514436721802,0.27977707982063293,0.97263193130493164,0.29056611657142639,0.140625
1,M2,5,late_product,24,410,0.94146341463414629,0.84881211287393554,0.55017995834350586,0.10451160371303558,0.98704886436462402,0.10011246800422668,0.051219512195121948
1,M2,8,late_product,2,324,0.88888888888888884,0.71774645054328878,0.95539206266403198,0.20603834092617035,0.98307991027832031,0.24612191319465637,0.10802469135802469
1,M2,8,late_product,4,336,0.86309523809523814,0.67885096633702113,1.3808841705322266,0.2595503032207489,0.98572111129760742,0.22704970836639404,0.089285714285714288
1,M2,8,late_product,9,311,0.73954983922829587,0.57761466540902295,3.198779821395874,0.49087166786193848,0.98107635974884033,0.36698111891746521,0.16077170418006431
1,M2,8,late_product,10,306,0.76143790849673199,0.67317681899176762,3.5749576091766357,0.45647585391998291,0.98817193508148193,0.52564561367034912,0.25490196078431371
1,M2,8,late_product,12,340,0.91470588235294115,0.78081285702725223,0.85497331619262695,0.16489782929420471,0.99132907390594482,0.1534624844789505,0.058823529411764705
1,M2,8,late_product,13,348,0.9022988505747126,0.77338219256352658,1.090337872505188,0.17696084082126617,0.98655462265014648,0.1715841144323349,0.077586206896551727
1,M2,8,late_product,18,403,0.85111662531017374,0.70985081104489101,1.4440261125564575,0.27203294634819031,0.98296701908111572,0.24894021451473236,0.11414392059553349
1,M2,8,late_product,20,384,0.80729166666666663,0.67671840048858856,2.1058938503265381,0.35712626576423645,0.98136788606643677,0.37189778685569763,0.1796875
1,M2,8,late_product,24,410,0.92195121951219516,0.83680687735251058,1.0023515224456787,0.13866826891899109,0.98645764589309692,0.14021503925323486,0.070731707317073164
1,M2,16,late_product,2,324,0.8364197530864198,0.62604159477839272,2.4246180057525635,0.30576273798942566,0.98997825384140015,0.34063458442687988,0.16358024691358025
1,M2,16,late_product,4,336,0.82440476190476186,0.6616516517100498,3.0545749664306641,0.33298292756080627,0.98900240659713745,0.29858553409576416,0.12797619047619047
1,M2,16,late_product,9,311,0.69453376205787787,0.55176017530856247,5.7215871810913086,0.59649825096130371,0.98928940296173096,0.47219675779342651,0.21221864951768488
1,M2,16,late_product,10,306,0.74509803921568629,0.65942864905896759,5.4626617431640625,0.50726020336151123,0.99279356002807617,0.58222514390945435,0.27777777777777779
1,M2,16,late_product,12,340,0.89411764705882357,0.77111310081846074,1.7996675968170166,0.20711864531040192,0.9930756688117981,0.19660216569900513,0.079411764705882348
1,M2,16,late_product,13,348,0.87068965517241381,0.74262958527535761,2.1121757030487061,0.23885107040405273,0.98933899402618408,0.23171104490756989,0.10919540229885058
1,M2,16,late_product,18,403,0.82382133995037221,0.69572809287987525,2.802814245223999,0.33889883756637573,0.98948073387145996,0.31308668851852417,0.14143920595533499
1,M2,16,late_product,20,384,0.7734375,0.65704613974102977,4.1157321929931641,0.44231948256492615,0.99051570892333984,0.45504215359687805,0.21354166666666666
1,M2,16,late_product,24,410,0.88292682926829269,0.80152575152575156,1.8363016843795776,0.22128869593143463,0.99319767951965332,0.22078622877597809,0.11219512195121951
1,M2,32,late_product,2,324,0.8179012345679012,0.61602466951004897,3.8672168254852295,0.36246076226234436,0.99874711036682129,0.38583210110664368,0.18209876543209877
1,M2,32,late_product,4,336,0.8035714285714286,0.65009110392658809,4.3286199569702148,0.3849145770072937,0.99346905946731567,0.35613828897476196,0.15773809523809523
1,M2,32,late_product,9,311,0.65916398713826363,0.48802072407992586,7.7336010932922363,0.66316932439804077,0.99272757768630981,0.54286229610443115,0.25080385852090031
1,M2,32,late_product,10,306,0.71895424836601307,0.64245712559675006,6.782374382019043,0.55086344480514526,0.99614542722702026,0.61922377347946167,0.30065359477124182
1,M2,32,late_product,12,340,0.85882352941176465,0.75483718510003073,2.8116168975830078,0.27770358324050903,0.99534177780151367,0.26413694024085999,0.11470588235294117
1,M2,32,late_product,13,348,0.84482758620689657,0.68887542089396225,3.0593082904815674,0.30387374758720398,0.99502825736999512,0.29410582780838013,0.13793103448275862
1,M2,32,late_product,18,403,0.79652605459057069,0.68099309683831166,4.191739559173584,0.39468911290168762,0.99549883604049683,0.36226409673690796,0.16873449131513649
1,M2,32,late_product,20,384,0.734375,0.62802383868278711,5.7839245796203613,0.51435834169387817,0.98922246694564819,0.5275728702545166,0.25260416666666669
1,M2,32,late_product,24,410,0.87317073170731707,0.79597671993063013,2.7751345634460449,0.24740123748779297,0.99554932117462158,0.24523475766181946,0.12195121951219512
1,M2,64,late_product,2,324,0.81172839506172845,0.61265933571518238,4.8448362350463867,0.37561920285224915,0.99955636262893677,0.3978152871131897,0.18827160493827161
1,M2,64,late_product,4,336,0.79166666666666663,0.63079973414197921,5.1075897216796875,0.41129258275032043,0.99749916791915894,0.37675485014915466,0.16964285714285715
1,M2,64,late_product,9,311,0.65594855305466238,0.47802961123434251,8.8233451843261719,0.68696111440658569,0.99430608749389648,0.57639145851135254,0.26366559485530544
1,M2,64,late_product,10,306,0.70915032679738566,0.63351464871185703,7.4809994697570801,0.57778650522232056,0.99706292152404785,0.64851611852645874,0.31699346405228757
1,M2,64,late_product,12,340,0.83529411764705885,0.74384309917198754,3.8306913375854492,0.32695439457893372,0.997783362865448,0.31024265289306641,0.13823529411764707
1,M2,64,late_product,13,348,0.82758620689655171,0.67943082531141918,4.0285863876342773,0.34233295917510986,0.99783915281295776,0.32839515805244446,0.15517241379310345
1,M2,64,late_product,18,403,0.78908188585607941,0.67680521114714665,5.0826044082641602,0.41163092851638794,0.99512052536010742,0.38196906447410583,0.17617866004962779
1,M2,64,late_product,20,384,0.71354166666666663,0.59717590530843545,6.982452392578125,0.56769067049026489,0.99814766645431519,0.56508272886276245,0.27083333333333331
1,M2,64,late_product,24,410,0.86341463414634145,0.76132210435886916,3.3436329364776611,0.271014004945755,0.99635100364685059,0.268684983253479,0.13170731707317074
1,M2,100,late_product,2,324,0.81172839506172845,0.61226328461181423,5.0789976119995117,0.37555006146430969,0.99936497211456299,0.39792481064796448,0.18827160493827161
1,M2,100,late_product,4,336,0.7857142857142857,0.62763363475879586,5.4330482482910156,0.4240606427192688,0.9986303448677063,0.38811084628105164,0.17559523809523808
1,M2,100,late_product,9,311,0.63987138263665599,0.46859858706764113,9.2502927780151367,0.71011030673980713,0.99692732095718384,0.59753602743148804,0.27974276527331188
1,M2,100,late_product,10,306,0.70915032679738566,0.63351464871185703,7.7493991851806641,0.58218526840209961,0.99801445007324219,0.65500831604003906,0.31699346405228757
1,M2,100,late_product,12,340,0.82647058823529407,0.73955896430045798,4.2633585929870605,0.3401661217212677,0.99599754810333252,0.32500743865966797,0.14705882352941177
1,M2,100,late_product,13,348,0.81896551724137934,0.67479825028689266,4.4815921783447266,0.35943564772605896,0.99752980470657349,0.34561556577682495,0.16379310344827586
1,M2,100,late_product,18,403,0.78908188585607941,0.67657051471078089,5.5199599266052246,0.41752555966377258,0.99659234285354614,0.38958936929702759,0.17866004962779156
1,M2,100,late_product,20,384,0.7109375,0.5954433139407509,7.5232658386230469,0.57835859060287476,0.9987371563911438,0.57419312000274658,0.2734375
1,M2,100,late_product,24,410,0.85609756097560974,0.73012358916516329,3.5690710544586182,0.28322231769561768,0.99793803691864014,0.27859929203987122,0.13902439024390245
1,M1,1,late_mean,2,324,0.95061728395061729,0.79002794262136711,0.24975432455539703,0.13412195444107056,0.81847822666168213,0,0
1,M1,1,late_mean,4,336,0.93154761904761907,0.83756413385754902,0.29837125539779663,0.15963779389858246,0.80179798603057861,0,0
1,M1,1,late_mean,9,311,0.797427652733119,0.58575786326471779,0.54811632633209229,0.3063923716545105,0.71118760108947754,0,0
1,M1,1,late_mean,10,306,0.79084967320261434,0.60947101640701729,0.56022185087203979,0.31744804978370667,0.72151446342468262,0,0
1,M1,1,late_mean,12,340,0.94411764705882351,0.68085969832328352,0.25081360340118408,0.12477079033851624,0.82662802934646606,0,0
1,M1,1,late_mean,13,348,0.97126436781609193,0.87204021881275995,0.22496303915977478,0.11010953783988953,0.84014803171157837,0,0
1,M1,1,late_mean,18,403,0.9330024813895782,0.79653880365790553,0.2906821072101593,0.15003660321235657,0.82195937633514404,0,0
1,M1,1,late_mean,20,384,0.91927083333333337,0.73544207370405212,0.34617829322814941,0.17635822296142578,0.77547073364257812,0,0
1,M1,1,late_mean,24,410,0.96829268292682924,0.7792478237393492,0.24502722918987274,0.099219962954521179,0.84947556257247925,0,0
1,M1,2,late_mean,2,324,0.88888888888888884,0.75467159691356178,0.23236729204654694,0.13118104636669159,0.85677820444107056,0.10574505478143692,0.083333333333333329
1,M1,2,late_mean,4,336,0.9017857142857143,0.85074930906648516,0.26721066236495972,0.14540854096412659,0.83367466926574707,0.10077953338623047,0.053571428571428568
1,M1,2,late_mean,9,311,0.76848874598070738,0.57120911844833211,0.5225294828414917,0.29626181721687317,0.76529973745346069,0.1499209851026535,0.067524115755627015
1,M1,2,late_mean,10,306,0.71568627450980393,0.56723409970363181,0.58202987909317017,0.34106755256652832,0.77862012386322021,0.16352874040603638,0.12418300653594772
1,M1,2,late_mean,12,340,0.94411764705882351,0.64615715871634938,0.21393035352230072,0.10445646196603775,0.85726010799407959,0.088915809988975525,0.011764705882352941
1,M1,2,late_mean,13,348,0.94252873563218387,0.90021323262290542,0.19449628889560699,0.094125837087631226,0.87121003866195679,0.089279763400554657,0.040229885057471264
1,M1,2,late_mean,18,403,0.91563275434243174,0.76873306166647248,0.26018717885017395,0.13225260376930237,0.85691404342651367,0.09307514876127243,0.022332506203473945
1,M1,2,late_mean,20,384,0.91145833333333337,0.75400382033085123,0.29472029209136963,0.14196161925792694,0.81963181495666504,0.12103182077407837,0.046875
1,M1,2,late_mean,24,410,0.96585365853658534,0.79104370338385688,0.20697739720344543,0.074967324733734131,0.88330817222595215,0.078671067953109741,0.0073170731707317077
1,M1,3,late_mean,2,324,0.88271604938271608,0.74974623662212814,0.23081932961940765,0.13776901364326477,0.88033509254455566,0.15861758589744568,0.089506172839506168
1,M1,3,late_mean,4,336,0.90476190476190477,0.84104944056286035,0.25697824358940125,0.14500418305397034,0.85271328687667847,0.1511693149805069,0.065476190476190479
1,M1,3,late_mean,9,311,0.76205787781350487,0.56772782340539341,0.52223730087280273,0.30276575684547424,0.79526698589324951,0.22488148510456085,0.077170418006430874
1,M1,3,late_mean,10,306,0.71241830065359479,0.56483932535146575,0.6102866530418396,0.36674001812934875,0.81215190887451172,0.24529311060905457,0.13071895424836602
1,M1,3,late_mean,12,340,0.94117647058823528,0.64496618394774663,0.19891615211963654,0.099437959492206573,0.87364822626113892,0.13337370753288269,0.026470588235294117
1,M1,3,late_mean,13,348,0.93965517241379315,0.89857419902345903,0.18384785950183868,0.091916762292385101,0.88898545503616333,0.13391965627670288,0.043103448275862072
1,M1,3,late_mean,18,403,0.90818858560794047,0.76496952721157629,0.250446617603302,0.1293899267911911,0.87545919418334961,0.13961271941661835,0.029776674937965261
1,M1,3,late_mean,20,384,0.90625,0.75869405278470914,0.27495834231376648,0.13339662551879883,0.84385949373245239,0.18154774606227875,0.057291666666666664
1,M1,3,late_mean,24,410,0.96585365853658534,0.79104370338385688,0.1910603940486908,0.067488290369510651,0.90051323175430298,0.11800661683082581,0.0073170731707317077
1,M1,5,late_mean,2,324,0.87654320987654322,0.74457653767815379,0.23553445935249329,0.14972926676273346,0.90438520908355713,0.21149010956287384,0.095679012345679007
1,M1,5,late_mean,4,336,0.88988095238095233,0.81265265033413847,0.25106492638587952,0.14907333254814148,0.87316215038299561,0.20155906677246094,0.080357142857142863
1,M1,5,late_mean,9,311,0.752411575562701,0.5611065765402441,0.53425943851470947,0.3169824481010437,0.82610875368118286,0.29984194040298462,0.086816720257234734
1,M1,5,late_mean,10,306,0.69934640522875813,0.54944763533923935,0.65703850984573364,0.40165427327156067,0.84636414051055908,0.32705748081207275,0.14705882352941177
1,M1,5,late_mean,12,340,0.93529411764705883,0.6417518891295616,0.18612809479236603,0.097845226526260376,0.89086395502090454,0.17783161997795105,0.032352941176470591
1,M1,5,late_mean,13,348,0.93390804597701149,0.84222499267425277,0.17676790058612823,0.093562893569469452,0.90700995922088623,0.17855952680110931,0.048850574712643681
1,M1,5,late_mean,18,403,0.90074441687344908,0.76113254006055853,0.24554379284381866,0.13054680824279785,0.89457166194915771,0.18615029752254486,0.037220843672456573
1,M1,5,late_mean,20,384,0.8984375,0.75330219329262149,0.25917530059814453,0.13058717548847198,0.86920881271362305,0.24206364154815674,0.0703125
1,M1,5,late_mean,24,410,0.96341463414634143,0.77231092101471077,0.17737434804439545,0.0631074458360672,0.91777509450912476,0.15734213590621948,0.0097560975609756097
1,M1,8,late_mean,2,324,0.87654320987654322,0.74457653767815379,0.2436070442199707,0.16068738698959351,0.92058205604553223,0.24673847854137421,0.095679012345679007
1,M1,8,late_mean,4,336,0.88988095238095233,0.81265265033413847,0.25045159459114075,0.15427142381668091,0.88708359003067017,0.23515224456787109,0.080357142857142863
1,M1,8,late_mean,9,311,0.752411575562701,0.5611065765402441,0.5538821816444397,0.33074519038200378,0.84682196378707886,0.34981563687324524,0.086816720257234734
1,M1,8,late_mean,10,306,0.68954248366013071,0.54410935270612348,0.70589429140090942,0.43006482720375061,0.86997330188751221,0.3815670907497406,0.15359477124183007
1,M1,8,late_mean,12,340,0.93235294117647061,0.64013498697392912,0.1789507269859314,0.098686598241329193,0.90265774726867676,0.20747023820877075,0.035294117647058823
1,M1,8,late_mean,13,348,0.92528735632183912,0.83718614583923723,0.17472858726978302,0.096802085638046265,0.91940534114837646,0.20831945538520813,0.057471264367816091
1,M1,8,late_mean,18,403,0.8957816377171216,0.7585274018107554,0.24639876186847687,0.13355113565921783,0.90797579288482666,0.21717533469200134,0.047146401985111663
1,M1,8,late_mean,20,384,0.89583333333333337,0.7520949345787501,0.25122317671775818,0.1319117397069931,0.88642764091491699,0.28240761160850525,0.072916666666666671
1,M1,8,late_mean,24,410,0.96341463414634143,0.77231092101471077,0.16983549296855927,0.061908107250928879,0.92937058210372925,0.18356584012508392,0.0097560975609756097
1,M1,16,late_mean,2,324,0.87345679012345678,0.7418909757618789,0.25693175196647644,0.17318201065063477,0.93593400716781616,0.27991339564323425,0.098765432098765427
1,M1,16,late_mean,4,336,0.88690476190476186,0.81098536154478917,0.25398021936416626,0.16097995638847351,0.90024185180664062,0.26676934957504272,0.083333333333333329
1,M1,16,late_mean,9,311,0.75562700964630225,0.56334949631488551,0.59082257747650146,0.34682971239089966,0.86638718843460083,0.39684966206550598,0.090032154340836015
1,M1,16,late_mean,10,306,0.6797385620915033,0.53924043805149902,0.7789885401725769,0.4605562686920166,0.89266550540924072,0.43287020921707153,0.16339869281045752
1,M1,16,late_mean,12,340,0.92352941176470593,0.63541152581433913,0.17339102923870087,0.10086935758590698,0.91400343179702759,0.23536539077758789,0.044117647058823532
1,M1,16,late_mean,13,348,0.92528735632183912,0.80102249362291644,0.17609250545501709,0.10141593962907791,0.93140965700149536,0.23632881045341492,0.063218390804597707
1,M1,16,late_mean,18,403,0.8982630272952854,0.76017294035560745,0.25313535332679749,0.1380106657743454,0.92091047763824463,0.24637539684772491,0.049627791563275438
1,M1,16,late_mean,20,384,0.89322916666666663,0.750454749122484,0.2463078498840332,0.1354951411485672,0.90265399217605591,0.32037833333015442,0.075520833333333329
1,M1,16,late_mean,24,410,0.96341463414634143,0.77231092101471077,0.16458785533905029,0.062037169933319092,0.94028377532958984,0.20824696123600006,0.0097560975609756097
1,M1,32,late_mean,2,324,0.87037037037037035,0.73913294322843803,0.26804643869400024,0.18088875710964203,0.94439780712127686,0.29800876975059509,0.10185185185185185
1,M1,32,late_mean,4,336,0.88690476190476186,0.81098536154478917,0.25923982262611389,0.16538150608539581,0.90747743844985962,0.28401502966880798,0.083333333333333329
1,M1,32,late_mean,9,311,0.7588424437299035,0.57363677518211398,0.63073456287384033,0.35688292980194092,0.87718510627746582,0.42250454425811768,0.096463022508038579
1,M1,32,late_mean,10,306,0.6797385620915033,0.53924043805149902,0.84552013874053955,0.47872155904769897,0.90515005588531494,0.46085366606712341,0.16339869281045752
1,M1,32,late_mean,12,340,0.92352941176470593,0.63541152581433913,0.17100059986114502,0.10262841731309891,0.92032003402709961,0.25058090686798096,0.044117647058823532
1,M1,32,late_mean,13,348,0.92528735632183912,0.80102249362291644,0.179652139544487,0.10457231849431992,0.93799585103988647,0.25160661339759827,0.063218390804597707
1,M1,32,late_mean,18,403,0.8982630272952854,0.76017294035560745,0.26266971230506897,0.1411101222038269,0.92796957492828369,0.2623026967048645,0.049627791563275438
1,M1,32,late_mean,20,384,0.88802083333333337,0.74801832885570596,0.24526111781597137,0.13840477168560028,0.91165304183959961,0.34108969569206238,0.080729166666666671
1,M1,32,late_mean,24,410,0.96341463414634143,0.77231092101471077,0.16318835318088531,0.06262168288230896,0.94623649120330811,0.22170938551425934,0.0097560975609756097
1,M1,64,late_mean,2,324,0.87037037037037035,0.73913294322843803,0.2756437361240387,0.18517060577869415,0.94883871078491211,0.30747413635253906,0.10185185185185185
1,M1,64,late_mean,4,336,0.88690476190476186,0.81098536154478917,0.26427054405212402,0.16789256036281586,0.9112621545791626,0.29303592443466187,0.083333333333333329
1,M1,64,late_mean,9,311,0.7588424437299035,0.57363677518211398,0.66920673847198486,0.36250144243240356,0.88284343481063843,0.43592408299446106,0.096463022508038579
1,M1,64,late_mean,10,306,0.6797385620915033,0.53924043805149902,0.90131741762161255,0.48865458369255066,0.91168051958084106,0.47549125552177429,0.16339869281045752
1,M1,64,late_mean,12,340,0.92352941176470593,0.63541152581433913,0.169998899102211,0.10370837152004242,0.92362403869628906,0.25853979587554932,0.044117647058823532
1,M1,64,late_mean,13,348,0.92528735632183912,0.80102249362291644,0.18377003073692322,0.10640319436788559,0.9414408802986145,0.25959816575050354,0.063218390804597707
1,M1,64,late_mean,18,403,0.8982630272952854,0.76017294035560745,0.27259424328804016,0.14291894435882568,0.93166190385818481,0.27063390612602234,0.049627791563275438
1,M1,64,late_mean,20,384,0.88802083333333337,0.74801832885570596,0.24549543857574463,0.14019529521465302,0.91638284921646118,0.3519233763217926,0.080729166666666671
1,M1,64,late_mean,24,410,0.96341463414634143,0.77231092101471077,0.16344219446182251,0.063071958720684052,0.94935017824172974,0.2287512868642807,0.0097560975609756097
1,M1,100,late_mean,2,324,0.87037037037037035,0.73913294322843803,0.27888059616088867,0.18678779900074005,0.95047122240066528,0.31095340847969055,0.10185185185185185
1,M1,100,late_mean,4,336,0.88690476190476186,0.81098536154478917,0.2670808732509613,0.16885159909725189,0.91265332698822021,0.29635173082351685,0.083333333333333329
1,M1,100,late_mean,9,311,0.7588424437299035,0.57363677518211398,0.69212800264358521,0.36462876200675964,0.88492321968078613,0.44085672497749329,0.096463022508038579
1,M1,100,late_mean,10,306,0.6797385620915033,0.53924043805149902,0.93098151683807373,0.49238023161888123,0.91408097743988037,0.48087170720100403,0.16339869281045752
1,M1,100,late_mean,12,340,0.92352941176470593,0.63541152581433913,0.16968552768230438,0.10413291305303574,0.9248386025428772,0.26146531105041504,0.044117647058823532
1,M1,100,late_mean,13,348,0.92528735632183912,0.80102249362291644,0.18643845617771149,0.10710723698139191,0.94270718097686768,0.26253563165664673,0.063218390804597707
1,M1,100,late_mean,18,403,0.8982630272952854,0.76017294035560745,0.27862679958343506,0.1436162143945694,0.93301916122436523,0.27369621396064758,0.049627791563275438
1,M1,100,late_mean,20,384,0.88802083333333337,0.74801832885570596,0.24578885734081268,0.14089979231357574,0.91812151670455933,0.35590553283691406,0.080729166666666671
1,M1,100,late_mean,24,410,0.96341463414634143,0.77231092101471077,0.1639380156993866,0.063262462615966797,0.95049470663070679,0.23133961856365204,0.0097560975609756097
1,M2,1,late_mean,2,324,0.95061728395061729,0.79002794262136711,0.24975432455539703,0.13412195444107056,0.81847822666168213,0,0
1,M2,1,late_mean,4,336,0.93154761904761907,0.83756413385754902,0.29837125539779663,0.15963779389858246,0.80179798603057861,0,0
1,M2,1,late_mean,9,311,0.797427652733119,0.58575786326471779,0.54811632633209229,0.3063923716545105,0.71118760108947754,0,0
1,M2,1,late_mean,10,306,0.79084967320261434,0.60947101640701729,0.56022185087203979,0.31744804978370667,0.72151446342468262,0,0
1,M2,1,late_mean,12,340,0.94411764705882351,0.68085969832328352,0.25081360340118408,0.12477079033851624,0.82662802934646606,0,0
1,M2,1,late_mean,13,348,0.97126436781609193,0.87204021881275995,0.22496303915977478,0.11010953783988953,0.84014803171157837,0,0
1,M2,1,late_mean,18,403,0.9330024813895782,0.79653880365790553,0.2906821072101593,0.15003660321235657,0.82195937633514404,0,0
1,M2,1,late_mean,20,384,0.91927083333333337,0.73544207370405212,0.34617829322814941,0.17635822296142578,0.77547073364257812,0,0
1,M2,1,late_mean,24,410,0.96829268292682924,0.7792478237393492,0.24502722918987274,0.099219962954521179,0.84947556257247925,0,0
1,M2,2,late_mean,2,324,0.89506172839506171,0.75333848238062628,0.28518795967102051,0.15855200588703156,0.81015294790267944,0.10574505478143692,0.10493827160493827
1,M2,2,late_mean,4,336,0.8571428571428571,0.72099164844645769,0.34457975625991821,0.19176115095615387,0.79244869947433472,0.10077953338623047,0.11607142857142858
1,M2,2,late_mean,9,311,0.729903536977492,0.55086249781229102,0.6042487621307373,0.34737417101860046,0.70770090818405151,0.1499209851026535,0.20578778135048231
1,M2,2,late_mean,10,306,0.74509803921568629,0.66465899101453363,0.57563173770904541,0.33079582452774048,0.73220008611679077,0.16352874040603638,0.23202614379084968
1,M2,2,late_mean,12,340,0.91176470588235292,0.73127272348131511,0.29884535074234009,0.15878820419311523,0.80574017763137817,0.088915809988975525,0.061764705882352944
1,M2,2,late_mean,13,348,0.91666666666666663,0.83673328699971894,0.26889470219612122,0.14151401817798615,0.82596051692962646,0.089279763400554657,0.074712643678160925
1,M2,2,late_mean,18,403,0.89081885856079401,0.77376546802792268,0.33571690320968628,0.18389879167079926,0.80389928817749023,0.09307514876127243,0.086848635235732011
1,M2,2,late_mean,20,384,0.828125,0.77060673518781986,0.41756829619407654,0.23377704620361328,0.7600821852684021,0.12103182822465897,0.13020833333333334
1,M2,2,late_mean,24,410,0.91951219512195126,0.83815586481271775,0.29290300607681274,0.13586537539958954,0.83019769191741943,0.078671075403690338,0.068292682926829273
1,M2,3,late_mean,2,324,0.86419753086419748,0.74781186246703479,0.31114980578422546,0.17882545292377472,0.81384599208831787,0.15861760079860687,0.1419753086419753
1,M2,3,late_mean,4,336,0.8392857142857143,0.70640745442728836,0.37511399388313293,0.21453312039375305,0.79538124799728394,0.1511693000793457,0.13690476190476192
1,M2,3,late_mean,9,311,0.6913183279742765,0.54908676693160963,0.64670729637145996,0.37943428754806519,0.7186272144317627,0.22488148510456085,0.26688102893890675
1,M2,3,late_mean,10,306,0.73529411764705888,0.65540997010491231,0.59927201271057129,0.35133236646652222,0.75070202350616455,0.24529311060905457,0.26470588235294118
1,M2,3,late_mean,12,340,0.89411764705882357,0.7713098747661179,0.32873129844665527,0.1809355765581131,0.80018866062164307,0.13337370753288269,0.085294117647058826
1,M2,3,late_mean,13,348,0.88505747126436785,0.79387687991324618,0.29782173037528992,0.16299904882907867,0.82448571920394897,0.13391965627670288,0.10632183908045977
1,M2,3,late_mean,18,403,0.85111662531017374,0.75356580459532863,0.36507701873779297,0.20685920119285583,0.8019413948059082,0.13961271941661835,0.13151364764267989
1,M2,3,late_mean,20,384,0.77604166666666663,0.66543532248948034,0.46443924307823181,0.27111974358558655,0.76226741075515747,0.18154774606227875,0.1875
1,M2,3,late_mean,24,410,0.8902439024390244,0.80516010859372533,0.32211950421333313,0.15883536636829376,0.82544493675231934,0.11800661683082581,0.1048780487804878
1,M2,5,late_mean,2,324,0.8364197530864198,0.73316799624740214,0.34504833817481995,0.2044711709022522,0.82097852230072021,0.21149010956287384,0.16975308641975309
1,M2,5,late_mean,4,336,0.81845238095238093,0.66161392938921371,0.41304969787597656,0.24177862703800201,0.80069279670715332,0.20155906677246094,0.16071428571428573
1,M2,5,late_mean,9,311,0.6688102893890675,0.53636489114749986,0.70390039682388306,0.41920721530914307,0.73366659879684448,0.29984194040298462,0.29581993569131831
1,M2,5,late_mean,10,306,0.71568627450980393,0.64175010261846865,0.639087975025177,0.3811107873916626,0.77217519283294678,0.32705748081207275,0.28758169934640521
1,M2,5,late_mean,12,340,0.86470588235294121,0.75762004129256955,0.36456158757209778,0.20650872588157654,0.79770857095718384,0.17783161997795105,0.11470588235294117
1,M2,5,late_mean,13,348,0.85057471264367812,0.77580736872113087,0.3340790867805481,0.18833927810192108,0.82669758796691895,0.17855954170227051,0.14080459770114942
1,M2,5,late_mean,18,403,0.82133995037220842,0.69425316662618786,0.40096789598464966,0.23383916914463043,0.80349737405776978,0.18615029752254486,0.16377171215880892
1,M2,5,late_mean,20,384,0.73958333333333337,0.62082064933372128,0.52356934547424316,0.31421801447868347,0.76962631940841675,0.24206364154815674,0.23697916666666666
1,M2,5,late_mean,24,410,0.88048780487804879,0.80221350224654908,0.35695794224739075,0.18490354716777802,0.82301849126815796,0.15734215080738068,0.11463414634146342
1,M2,8,late_mean,2,324,0.81481481481481477,0.67876617925227734,0.37425374984741211,0.22455292940139771,0.82769989967346191,0.24673847854137421,0.19135802469135801
1,M2,8,late_mean,4,336,0.79761904761904767,0.64646401788649166,0.44458198547363281,0.26242756843566895,0.80570310354232788,0.23515227437019348,0.18154761904761904
1,M2,8,late_mean,9,311,0.66237942122186499,0.5328434654355193,0.75519239902496338,0.45000740885734558,0.74469935894012451,0.34981563687324524,0.30225080385852088
1,M2,8,late_mean,10,306,0.71568627450980393,0.64149225643315611,0.68082922697067261,0.406097412109375,0.78741723299026489,0.38156706094741821,0.29411764705882354
1,M2,8,late_mean,12,340,0.84999999999999998,0.75091821584074403,0.39346545934677124,0.22546067833900452,0.79734820127487183,0.20747023820877075,0.12941176470588237
1,M2,8,late_mean,13,348,0.8477011494252874,0.74505340046716262,0.36486181616783142,0.20737452805042267,0.82919996976852417,0.20831945538520813,0.14367816091954022
1,M2,8,late_mean,18,403,0.80397022332506207,0.68458741835884285,0.43015256524085999,0.25405886769294739,0.80633723735809326,0.21717533469200134,0.18114143920595532
1,M2,8,late_mean,20,384,0.71875,0.59891423167378044,0.5741923451423645,0.34614774584770203,0.77678042650222778,0.28240761160850525,0.25520833333333331
1,M2,8,late_mean,24,410,0.87317073170731707,0.79790885064607686,0.38526824116706848,0.20400357246398926,0.82186043262481689,0.18356584012508392,0.12195121951219512
1,M2,16,late_mean,2,324,0.81172839506172845,0.61209951258561079,0.40991795063018799,0.245634526014328,0.83466583490371704,0.27991336584091187,0.19444444444444445
1,M2,16,late_mean,4,336,0.79166666666666663,0.64316982002422785,0.48212140798568726,0.2836780846118927,0.81110143661499023,0.26676937937736511,0.1875
1,M2,16,late_mean,9,311,0.65594855305466238,0.48542092559420619,0.82149142026901245,0.48212710022926331,0.75565606355667114,0.39684966206550598,0.31832797427652731
1,M2,16,late_mean,10,306,0.70915032679738566,0.63467881229588408,0.74340623617172241,0.43336635828018188,0.80223929882049561,0.43287020921707153,0.30718954248366015
1,M2,16,late_mean,12,340,0.83529411764705885,0.74380438783746305,0.42696139216423035,0.24468870460987091,0.7981453537940979,0.23536539077758789,0.14411764705882352
1,M2,16,late_mean,13,348,0.81896551724137934,0.67518246080788125,0.4030701220035553,0.22685524821281433,0.83226871490478516,0.23632881045341492,0.17241379310344829
1,M2,16,late_mean,18,403,0.79156327543424321,0.67783401773150886,0.46371713280677795,0.27472114562988281,0.80987244844436646,0.24637539684772491,0.19354838709677419
1,M2,16,late_mean,20,384,0.70572916666666663,0.59127529546715929,0.6373295783996582,0.37853595614433289,0.78437322378158569,0.32037833333015442,0.265625
1,M2,16,late_mean,24,410,0.86097560975609755,0.79131996854336073,0.41905102133750916,0.22323788702487946,0.82136774063110352,0.20824696123600006,0.13658536585365855
1,M2,32,late_mean,2,324,0.80555555555555558,0.58875530070574855,0.43541425466537476,0.25802507996559143,0.83857160806655884,0.29800882935523987,0.20061728395061729
1,M2,32,late_mean,4,336,0.7857142857142857,0.63994270192298519,0.50871795415878296,0.29601162672042847,0.81421297788619995,0.28401505947113037,0.19047619047619047
1,M2,32,late_mean,9,311,0.64308681672025725,0.47832276530490048,0.87273126840591431,0.50092679262161255,0.76196569204330444,0.42250463366508484,0.3311897106109325
1,M2,32,late_mean,10,306,0.70261437908496727,0.62994984095970763,0.80081707239151001,0.44977393746376038,0.81058454513549805,0.46085372567176819,0.31372549019607843
1,M2,32,late_mean,12,340,0.81470588235294117,0.71228050696797085,0.45008310675621033,0.25574517250061035,0.79887688159942627,0.25058090686798096,0.16470588235294117
1,M2,32,late_mean,13,348,0.81321839080459768,0.66706349033211565,0.43208515644073486,0.23812085390090942,0.83439731597900391,0.25160664319992065,0.17816091954022989
1,M2,32,late_mean,18,403,0.78660049627791562,0.67538683365285401,0.48609602451324463,0.28665846586227417,0.8120039701461792,0.2623026967048645,0.20099255583126552
1,M2,32,late_mean,20,384,0.703125,0.59017112459557519,0.68496149778366089,0.39715734124183655,0.78870707750320435,0.34108969569206238,0.26822916666666669
1,M2,32,late_mean,24,410,0.85609756097560974,0.75701263389666729,0.44386947154998779,0.2342434823513031,0.82132971286773682,0.22170943021774292,0.14146341463414633
1,M2,64,late_mean,2,324,0.80246913580246915,0.58719150941168152,0.45205783843994141,0.26475688815116882,0.84062588214874268,0.30747407674789429,0.20370370370370369
1,M2,64,late_mean,4,336,0.78273809523809523,0.63817006673520282,0.52645754814147949,0.30267176032066345,0.81586182117462158,0.29303586483001709,0.19345238095238096
1,M2,64,late_mean,9,311,0.64308681672025725,0.47043580502395926,0.90900307893753052,0.51112043857574463,0.76534461975097656,0.43592408299446106,0.33440514469453375
1,M2,64,late_mean,10,306,0.70261437908496727,0.62994984095970763,0.84973651170730591,0.45878750085830688,0.81498545408248901,0.47549128532409668,0.31372549019607843
1,M2,64,late_mean,12,340,0.81176470588235294,0.7109806307699138,0.46516793966293335,0.26168838143348694,0.79946380853652954,0.25853979587554932,0.1676470588235294
1,M2,64,late_mean,13,348,0.81321839080459768,0.66706349033211565,0.45308563113212585,0.24419347941875458,0.83558660745620728,0.25959807634353638,0.17816091954022989
1,M2,64,late_mean,18,403,0.77915632754342434,0.67161191534419684,0.49971389770507812,0.29309013485908508,0.81323421001434326,0.27063390612602234,0.20843672456575682
1,M2,64,late_mean,20,384,0.6953125,0.56728648779541635,0.71870899200439453,0.40716627240180969,0.79106217622756958,0.35192331671714783,0.2734375
1,M2,64,late_mean,24,410,0.85609756097560974,0.75701263389666729,0.46149250864982605,0.24014477431774139,0.8213534951210022,0.2287512868642807,0.14146341463414633
1,M2,100,late_mean,2,324,0.80246913580246915,0.58719150941168152,0.45919197797775269,0.26727467775344849,0.84139508008956909,0.31095325946807861,0.20370370370370369
1,M2,100,late_mean,4,336,0.77976190476190477,0.6241008026659387,0.5344279408454895,0.30515581369400024,0.81648111343383789,0.29635170102119446,0.19642857142857142
1,M2,100,late_mean,9,311,0.63987138263665599,0.46850375214736939,0.92559301853179932,0.51492947340011597,0.76660138368606567,0.44085672497749329,0.33762057877813506
1,M2,100,late_mean,10,306,0.70261437908496727,0.62994984095970763,0.87625902891159058,0.4621751606464386,0.81660312414169312,0.48087164759635925,0.31372549019607843
1,M2,100,late_mean,12,340,0.81176470588235294,0.7109806307699138,0.47183576226234436,0.26390057802200317,0.79969310760498047,0.26146537065505981,0.1676470588235294
1,M2,100,late_mean,13,348,0.81321839080459768,0.66706349033211565,0.46321326494216919,0.24645666778087616,0.83602380752563477,0.26253554224967957,0.17816091954022989
1,M2,100,late_mean,18,403,0.77915632754342434,0.67161191534419684,0.50521481037139893,0.29548662900924683,0.81370329856872559,0.27369621396064758,0.20843672456575682
1,M2,100,late_mean,20,384,0.6953125,0.56728648779541635,0.73454314470291138,0.41089168190956116,0.79194349050521851,0.35590550303459167,0.2734375
1,M2,100,late_mean,24,410,0.85365853658536583,0.72887410575813927,0.46991255879402161,0.24233889579772949,0.82136976718902588,0.23133976757526398,0.14390243902439023
1,M1,1,cpsa,2,324,0.95679012345679015,0.79369521188341408,0.1748083084821701,0.08469805121421814,0.87819910049438477,0,0
1,M1,1,cpsa,4,336,0.91369047619047616,0.82609727928576682,0.24427331984043121,0.12921226024627686,0.85654741525650024,0,0
1,M1,1,cpsa,9,311,0.78456591639871387,0.57861587925524194,0.47489753365516663,0.26450061798095703,0.8022807240486145,0,0
1,M1,1,cpsa,10,306,0.79084967320261434,0.69811110123036724,0.49795234203338623,0.27291181683540344,0.81517678499221802,0,0
1,M1,1,cpsa,12,340,0.94999999999999996,0.71222559468517288,0.1945757269859314,0.094380363821983337,0.88244611024856567,0,0
1,M1,1,cpsa,13,348,0.93965517241379315,0.86049485431344674,0.19838911294937134,0.094983860850334167,0.879669189453125,0,0
1,M1,1,cpsa,18,403,0.91563275434243174,0.76743435992686926,0.24492447078227997,0.12630464136600494,0.88681489229202271,0,0
1,M1,1,cpsa,20,384,0.91927083333333337,0.76096561883991809,0.26207318902015686,0.12391215562820435,0.85425728559494019,0,0
1,M1,1,cpsa,24,410,0.93902439024390238,0.83630977608250345,0.22452504932880402,0.095960810780525208,0.88817286491394043,0,0
1,M1,2,cpsa,2,324,0.9135802469135802,0.73168491715003336,0.17525489628314972,0.098309881985187531,0.89313590526580811,0.085243888199329376,0.058641975308641972
1,M1,2,cpsa,4,336,0.91666666666666663,0.85142393040459785,0.23178586363792419,0.13090960681438446,0.87184441089630127,0.079294696450233459,0.026785714285714284
1,M1,2,cpsa,9,311,0.76205787781350487,0.55928465280959905,0.49421462416648865,0.29232543706893921,0.83467715978622437,0.11331459134817123,0.025723472668810289
1,M1,2,cpsa,10,306,0.73529411764705888,0.57888877275636197,0.55225229263305664,0.32496964931488037,0.84474670886993408,0.13520343601703644,0.088235294117647065
1,M1,2,cpsa,12,340,0.94705882352941173,0.68246368992326811,0.17362974584102631,0.087733112275600433,0.89907717704772949,0.064584933221340179,0.0088235294117647058
1,M1,2,cpsa,13,348,0.95114942528735635,0.878205164100886,0.17781563103199005,0.085871078073978424,0.89810514450073242,0.076564796268939972,0.043103448275862072
1,M1,2,cpsa,18,403,0.91811414392059554,0.76954562793569503,0.23889094591140747,0.1258615106344223,0.9041779637336731,0.06319071352481842,0.017369727047146403
1,M1,2,cpsa,20,384,0.90885416666666663,0.75531332537807394,0.23940853774547577,0.11667051166296005,0.87682056427001953,0.087225764989852905,0.0390625
1,M1,2,cpsa,24,410,0.95609756097560972,0.80680603848012067,0.19047066569328308,0.073800139129161835,0.90429502725601196,0.067194558680057526,0.026829268292682926
1,M1,3,cpsa,2,324,0.90432098765432101,0.74739894894693648,0.1842678040266037,0.11312934756278992,0.90458077192306519,0.12644383311271667,0.07407407407407407
1,M1,3,cpsa,4,336,0.9017857142857143,0.82196782331086415,0.23150499165058136,0.13620853424072266,0.88019752502441406,0.1171017587184906,0.041666666666666664
1,M1,3,cpsa,9,311,0.76527331189710612,0.5678201079191656,0.51683557033538818,0.3101157546043396,0.84958702325820923,0.16311834752559662,0.041800643086816719
1,M1,3,cpsa,10,306,0.72549019607843135,0.57391494602507054,0.59725594520568848,0.36006340384483337,0.86123895645141602,0.19868351519107819,0.10130718954248366
1,M1,3,cpsa,12,340,0.93823529411764706,0.64326708991785253,0.16742116212844849,0.087640590965747833,0.9053385853767395,0.095275498926639557,0.017647058823529412
1,M1,3,cpsa,13,348,0.93965517241379315,0.87161159525379095,0.17330315709114075,0.086118973791599274,0.9085763692855835,0.11332367360591888,0.05459770114942529
1,M1,3,cpsa,18,403,0.91563275434243174,0.76873306166647248,0.24122516810894012,0.12813401222229004,0.91218858957290649,0.091584824025630951,0.024813895781637719
1,M1,3,cpsa,20,384,0.90885416666666663,0.75375980056907899,0.23446254432201385,0.11832928657531738,0.88789176940917969,0.12639057636260986,0.052083333333333336
1,M1,3,cpsa,24,410,0.96829268292682924,0.79259884053864171,0.17799068987369537,0.066221192479133606,0.91553908586502075,0.099538698792457581,0.043902439024390241
1,M1,5,cpsa,2,324,0.87962962962962965,0.72981477919067073,0.20105729997158051,0.13329882919788361,0.91890412569046021,0.16706497967243195,0.10493827160493827
1,M1,5,cpsa,4,336,0.89880952380952384,0.81752616532353961,0.23583035171031952,0.14440591633319855,0.89018392562866211,0.15423643589019775,0.065476190476190479
1,M1,5,cpsa,9,311,0.752411575562701,0.55959536048357361,0.55114436149597168,0.32898077368736267,0.86359399557113647,0.20928169786930084,0.054662379421221867
1,M1,5,cpsa,10,306,0.70915032679738566,0.56448945446147503,0.6604430079460144,0.40031930804252625,0.87813973426818848,0.26054415106773376,0.13071895424836602
1,M1,5,cpsa,12,340,0.94117647058823528,0.64496618394774663,0.1640709787607193,0.089855775237083435,0.9118427038192749,0.12570054829120636,0.032352941176470591
1,M1,5,cpsa,13,348,0.93678160919540232,0.87000277045203045,0.17319752275943756,0.089704692363739014,0.92041963338851929,0.14940577745437622,0.063218390804597707
1,M1,5,cpsa,18,403,0.90818858560794047,0.76496952721157629,0.24802266061306,0.13201457262039185,0.91966229677200317,0.11846654117107391,0.032258064516129031
1,M1,5,cpsa,20,384,0.9140625,0.77257849368149867,0.23350007832050323,0.12313025444746017,0.89842748641967773,0.16338165104389191,0.057291666666666664
1,M1,5,cpsa,24,410,0.96585365853658534,0.79104370338385688,0.16867589950561523,0.061605677008628845,0.92828989028930664,0.13122729957103729,0.046341463414634146
1,M1,8,cpsa,2,324,0.87345679012345678,0.72464508024669627,0.21842336654663086,0.14970532059669495,0.92981415987014771,0.19394300878047943,0.1111111111111111
1,M1,8,cpsa,4,336,0.8928571428571429,0.81430773753591879,0.24207837879657745,0.15155987441539764,0.89801770448684692,0.1788124144077301,0.077380952380952384
1,M1,8,cpsa,9,311,0.752411575562701,0.56034102630100968,0.58444881439208984,0.34186238050460815,0.87217110395431519,0.23840834200382233,0.057877813504823149
1,M1,8,cpsa,10,306,0.69281045751633985,0.55494264491881118,0.71946418285369873,0.43010008335113525,0.89068502187728882,0.3014199435710907,0.14705882352941177
1,M1,8,cpsa,12,340,0.93823529411764706,0.64348899301335727,0.16364094614982605,0.0928911492228508,0.91657894849777222,0.14617908000946045,0.035294117647058823
1,M1,8,cpsa,13,348,0.93390804597701149,0.84222499267425277,0.17631985247135162,0.094094976782798767,0.92840254306793213,0.173195481300354,0.066091954022988508
1,M1,8,cpsa,18,403,0.8982630272952854,0.75947088816324282,0.25617411732673645,0.135518878698349,0.9244990348815918,0.13571132719516754,0.042183622828784122
1,M1,8,cpsa,20,384,0.8984375,0.76392754641136207,0.23525418341159821,0.12805205583572388,0.90589779615402222,0.18705058097839355,0.072916666666666671
1,M1,8,cpsa,24,410,0.96585365853658534,0.79104370338385688,0.16456671059131622,0.06045990064740181,0.93659603595733643,0.1519949734210968,0.046341463414634146
1,M1,16,cpsa,2,324,0.87654320987654322,0.74457653767815379,0.24200277030467987,0.16731834411621094,0.94069510698318481,0.21918986737728119,0.11419753086419752
1,M1,16,cpsa,4,336,0.88988095238095233,0.81265265033413847,0.25178161263465881,0.15966103971004486,0.90602695941925049,0.20195111632347107,0.080357142857142863
1,M1,16,cpsa,9,311,0.7588424437299035,0.56555596710130585,0.63161271810531616,0.35418680310249329,0.88004177808761597,0.26492235064506531,0.067524115755627015
1,M1,16,cpsa,10,306,0.68954248366013071,0.54458633596912165,0.80020177364349365,0.46067970991134644,0.90305984020233154,0.34011676907539368,0.16013071895424835
1,M1,16,cpsa,12,340,0.93529411764705883,0.64200208288443583,0.16489845514297485,0.097285032272338867,0.92082750797271729,0.16588717699050903,0.038235294117647062
1,M1,16,cpsa,13,348,0.92528735632183912,0.80102249362291644,0.18293470144271851,0.099840737879276276,0.93596541881561279,0.19546644389629364,0.074712643678160925
1,M1,16,cpsa,18,403,0.8957816377171216,0.7585274018107554,0.26872563362121582,0.13952653110027313,0.9295390248298645,0.15153498947620392,0.049627791563275438
1,M1,16,cpsa,20,384,0.89583333333333337,0.7520949345787501,0.23902170360088348,0.1339804083108902,0.91310977935791016,0.20872287452220917,0.075520833333333329
1,M1,16,cpsa,24,410,0.96585365853658534,0.79104370338385688,0.16288195550441742,0.060979109257459641,0.94411164522171021,0.17127102613449097,0.046341463414634146
1,M1,32,cpsa,2,324,0.87037037037037035,0.73913294322843803,0.2597215473651886,0.17783632874488831,0.9467816948890686,0.23299127817153931,0.12037037037037036
1,M1,32,cpsa,4,336,0.88690476190476186,0.81098536154478917,0.25988280773162842,0.16470775008201599,0.91043597459793091,0.21462735533714294,0.083333333333333329
1,M1,32,cpsa,9,311,0.7588424437299035,0.56555596710130585,0.67352432012557983,0.36104908585548401,0.88427948951721191,0.27914711833000183,0.067524115755627015
1,M1,32,cpsa,10,306,0.68300653594771243,0.54076375217082739,0.86823755502700806,0.47868740558624268,0.91038024425506592,0.36154067516326904,0.16666666666666666
1,M1,32,cpsa,12,340,0.92647058823529416,0.63703056401961378,0.16648826003074646,0.10054069757461548,0.92345130443572998,0.17693857848644257,0.047058823529411764
1,M1,32,cpsa,13,348,0.92241379310344829,0.79930735796044938,0.18945153057575226,0.10370080173015594,0.94024735689163208,0.20759238302707672,0.077586206896551727
1,M1,32,cpsa,18,403,0.8982630272952854,0.76017294035560745,0.27999222278594971,0.142019122838974,0.93239200115203857,0.16002310812473297,0.052109181141439205
1,M1,32,cpsa,20,384,0.890625,0.74924032458938206,0.24218375980854034,0.13776573538780212,0.91695278882980347,0.22032564878463745,0.080729166666666671
1,M1,32,cpsa,24,410,0.96341463414634143,0.77231092101471077,0.16343925893306732,0.061975549906492233,0.94813054800033569,0.18167601525783539,0.04878048780487805
1,M1,64,cpsa,2,324,0.87037037037037035,0.73913294322843803,0.27121010422706604,0.18360777199268341,0.95004367828369141,0.24023526906967163,0.12037037037037036
1,M1,64,cpsa,4,336,0.88690476190476186,0.81098536154478917,0.26591172814369202,0.16754662990570068,0.91276615858078003,0.22128672897815704,0.083333333333333329
1,M1,64,cpsa,9,311,0.7588424437299035,0.56555596710130585,0.70934391021728516,0.36470752954483032,0.88640701770782471,0.28655821084976196,0.067524115755627015
1,M1,64,cpsa,10,306,0.6797385620915033,0.53924043805149902,0.92184609174728394,0.48858368396759033,0.91434842348098755,0.37290266156196594,0.16993464052287582
1,M1,64,cpsa,12,340,0.92352941176470593,0.63541152581433913,0.16766531765460968,0.10256398469209671,0.92518788576126099,0.18283931910991669,0.050000000000000003
1,M1,64,cpsa,13,348,0.92528735632183912,0.80102249362291644,0.19494326412677765,0.10594137012958527,0.94255733489990234,0.21393558382987976,0.080459770114942528
1,M1,64,cpsa,18,403,0.8982630272952854,0.76017294035560745,0.28921991586685181,0.14341352880001068,0.93391913175582886,0.16442732512950897,0.052109181141439205
1,M1,64,cpsa,20,384,0.88802083333333337,0.74801832885570596,0.24424396455287933,0.13990715146064758,0.91908645629882812,0.22633840143680573,0.083333333333333329
1,M1,64,cpsa,24,410,0.96341463414634143,0.77231092101471077,0.16451367735862732,0.062713347375392914,0.95031869411468506,0.18709054589271545,0.04878048780487805
1,M1,100,cpsa,2,324,0.87037037037037035,0.73913294322843803,0.2759740948677063,0.18577815592288971,0.95124495029449463,0.24290433526039124,0.12037037037037036
1,M1,100,cpsa,4,336,0.88690476190476186,0.81098536154478917,0.26888704299926758,0.16862733662128448,0.91362160444259644,0.22374098002910614,0.083333333333333329
1,M1,100,cpsa,9,311,0.7588424437299035,0.56555596710130585,0.72932606935501099,0.36606881022453308,0.88717329502105713,0.28928181529045105,0.067524115755627015
1,M1,100,cpsa,10,306,0.6797385620915033,0.53924043805149902,0.948963463306427,0.49231794476509094,0.91580098867416382,0.37711402773857117,0.16993464052287582
1,M1,100,cpsa,12,340,0.92352941176470593,0.63541152581433913,0.16817276179790497,0.10337360948324203,0.92584282159805298,0.18503318727016449,0.050000000000000003
1,M1,100,cpsa,13,348,0.92528735632183912,0.80102249362291644,0.19790399074554443,0.10680502653121948,0.9434274435043335,0.2162678986787796,0.080459770114942528
1,M1,100,cpsa,18,403,0.8982630272952854,0.76017294035560745,0.29407534003257751,0.1439422219991684,0.93447458744049072,0.16604046523571014,0.052109181141439205
1,M1,100,cpsa,20,384,0.88802083333333337,0.74801832885570596,0.2450859397649765,0.14072279632091522,0.91986459493637085,0.22853921353816986,0.083333333333333329
1,M1,100,cpsa,24,410,0.96341463414634143,0.77231092101471077,0.16514316201210022,0.063023902475833893,0.95111960172653198,0.18907642364501953,0.04878048780487805
1,M2,1,cpsa,2,324,0.95679012345679015,0.79369521188341408,0.1748083084821701,0.08469805121421814,0.87819910049438477,0,0
1,M2,1,cpsa,4,336,0.91369047619047616,0.82609727928576682,0.24427331984043121,0.12921226024627686,0.85654741525650024,0,0
1,M2,1,cpsa,9,311,0.78456591639871387,0.57861587925524194,0.47489753365516663,0.26450061798095703,0.8022807240486145,0,0
1,M2,1,cpsa,10,306,0.79084967320261434,0.69811110123036724,0.49795234203338623,0.27291181683540344,0.81517678499221802,0,0
1,M2,1,cpsa,12,340,0.94999999999999996,0.71222559468517288,0.1945757269859314,0.094380363821983337,0.88244611024856567,0,0
1,M2,1,cpsa,13,348,0.93965517241379315,0.86049485431344674,0.19838911294937134,0.094983860850334167,0.879669189453125,0,0
1,M2,1,cpsa,18,403,0.91563275434243174,0.76743435992686926,0.24492447078227997,0.12630464136600494,0.88681489229202271,0,0
1,M2,1,cpsa,20,384,0.91927083333333337,0.76096561883991809,0.26207318902015686,0.12391215562820435,0.85425728559494019,0,0
1,M2,1,cpsa,24,410,0.93902439024390238,0.83630977608250345,0.22452504932880402,0.095960810780525208,0.88817286491394043,0,0
1,M2,2,cpsa,2,324,0.95370370370370372,0.80149801794360132,0.19674758613109589,0.093192853033542633,0.86656641960144043,0.092883117496967316,0.024691358024691357
1,M2,2,cpsa,4,336,0.90773809523809523,0.7953575981539327,0.27462446689605713,0.14201125502586365,0.84116709232330322,0.088405907154083252,0.050595238095238096
1,M2,2,cpsa,9,311,0.83601286173633438,0.60815251617714672,0.4911763072013855,0.25948217511177063,0.77517211437225342,0.1379229724407196,0.093247588424437297
1,M2,2,cpsa,10,306,0.83660130718954251,0.72250028418679468,0.48506253957748413,0.25484290719032288,0.79662305116653442,0.15241371095180511,0.078431372549019607
1,M2,2,cpsa,12,340,0.94117647058823528,0.75602038391122994,0.22983373701572418,0.11135440319776535,0.86156272888183594,0.073854640126228333,0.020588235294117647
1,M2,2,cpsa,13,348,0.93678160919540232,0.88927266634594015,0.23590894043445587,0.11788175255060196,0.86432254314422607,0.083201728761196136,0.031609195402298854
1,M2,2,cpsa,18,403,0.92059553349875933,0.78647271105507155,0.26688194274902344,0.13557557761669159,0.86503893136978149,0.077115669846534729,0.024813895781637719
1,M2,2,cpsa,20,384,0.90364583333333337,0.75169324926298298,0.30772796273231506,0.15003544092178345,0.82760381698608398,0.10561064630746841,0.026041666666666668
1,M2,2,cpsa,24,410,0.92682926829268297,0.82848516944692896,0.27294579148292542,0.12631233036518097,0.87003302574157715,0.072878330945968628,0.019512195121951219
1,M2,3,cpsa,2,324,0.94135802469135799,0.79476004696507718,0.21863360702991486,0.10750715434551239,0.85792869329452515,0.14526182413101196,0.043209876543209874
1,M2,3,cpsa,4,336,0.89880952380952384,0.7905120765335818,0.2996189296245575,0.15649807453155518,0.83406531810760498,0.13897362351417542,0.077380952380952384
1,M2,3,cpsa,9,311,0.82636655948553051,0.60079544315132993,0.51815199851989746,0.27317968010902405,0.76260828971862793,0.22041016817092896,0.12861736334405144
1,M2,3,cpsa,10,306,0.81045751633986929,0.70518370385913398,0.49800866842269897,0.26489308476448059,0.78950744867324829,0.2386012077331543,0.14705882352941177
1,M2,3,cpsa,12,340,0.93823529411764706,0.75449072861302025,0.25581061840057373,0.12573626637458801,0.84783422946929932,0.11743516474962234,0.023529411764705882
1,M2,3,cpsa,13,348,0.91666666666666663,0.83360356046432849,0.26345869898796082,0.13584208488464355,0.85516881942749023,0.12905140221118927,0.05459770114942529
1,M2,3,cpsa,18,403,0.91563275434243174,0.78499350142754665,0.28685310482978821,0.14610415697097778,0.85172712802886963,0.12494337558746338,0.044665012406947889
1,M2,3,cpsa,20,384,0.89583333333333337,0.77288880647231151,0.34477293491363525,0.17453885078430176,0.81114321947097778,0.16994927823543549,0.044270833333333336
1,M2,3,cpsa,24,410,0.91951219512195126,0.82067702643361506,0.30478352308273315,0.14521840214729309,0.8596346378326416,0.11317668110132217,0.029268292682926831
1,M2,5,cpsa,2,324,0.9320987654320988,0.78965954571153274,0.25250250101089478,0.1321752518415451,0.84556567668914795,0.20530632138252258,0.052469135802469133
1,M2,5,cpsa,4,336,0.88095238095238093,0.75727730771296964,0.33602052927017212,0.18013326823711395,0.82547962665557861,0.1972699910402298,0.098214285714285712
1,M2,5,cpsa,9,311,0.79421221864951763,0.6019367066106196,0.5665397047996521,0.30581590533256531,0.75193160772323608,0.3169722855091095,0.18327974276527331
1,M2,5,cpsa,10,306,0.78104575163398693,0.68642249168815694,0.53208833932876587,0.2938702404499054,0.79488956928253174,0.33512398600578308,0.21241830065359477
1,M2,5,cpsa,12,340,0.92352941176470593,0.78550011952899534,0.29168850183486938,0.14717085659503937,0.83144009113311768,0.16919530928134918,0.050000000000000003
1,M2,5,cpsa,13,348,0.88793103448275867,0.81831174737616452,0.30046221613883972,0.15996475517749786,0.84928786754608154,0.17965680360794067,0.083333333333333329
1,M2,5,cpsa,18,403,0.90074441687344908,0.76457677220689402,0.31758904457092285,0.16482888162136078,0.83518719673156738,0.18379408121109009,0.064516129032258063
1,M2,5,cpsa,20,384,0.875,0.6882307689431163,0.39948070049285889,0.21300001442432404,0.79114127159118652,0.24730150401592255,0.080729166666666671
1,M2,5,cpsa,24,410,0.90731707317073174,0.80056471602909507,0.34465673565864563,0.16807113587856293,0.84820544719696045,0.15796568989753723,0.046341463414634146
1,M2,8,cpsa,2,324,0.88271604938271608,0.65590876747354121,0.28681027889251709,0.15828076004981995,0.83760017156600952,0.25257253646850586,0.10185185185185185
1,M2,8,cpsa,4,336,0.86011904761904767,0.68321032958105565,0.37164640426635742,0.20450384914875031,0.8196520209312439,0.24329511821269989,0.11904761904761904
1,M2,8,cpsa,9,311,0.73954983922829587,0.57335137562604932,0.61984694004058838,0.34480366110801697,0.7464745044708252,0.39329424500465393,0.24115755627009647
1,M2,8,cpsa,10,306,0.76470588235294112,0.67585430728030704,0.57576829195022583,0.32817196846008301,0.80024039745330811,0.40806469321250916,0.22875816993464052
1,M2,8,cpsa,12,340,0.89117647058823535,0.77009838331636604,0.32550200819969177,0.16858851909637451,0.82033473253250122,0.21147316694259644,0.082352941176470587
1,M2,8,cpsa,13,348,0.87931034482758619,0.78425882667051683,0.3338693380355835,0.1810278445482254,0.84436112642288208,0.21754312515258789,0.091954022988505746
1,M2,8,cpsa,18,403,0.88337468982630274,0.74625350137178004,0.34905907511711121,0.18633227050304413,0.82296073436737061,0.2331555038690567,0.094292803970223327
1,M2,8,cpsa,20,384,0.80729166666666663,0.67026078633146469,0.45417883992195129,0.2523038387298584,0.7800639271736145,0.31021347641944885,0.15364583333333334
1,M2,8,cpsa,24,410,0.90000000000000002,0.81328582354084211,0.37834468483924866,0.18689773976802826,0.83926510810852051,0.19176895916461945,0.056097560975609757
1,M2,16,cpsa,2,324,0.84259259259259256,0.62894360429102825,0.33708542585372925,0.19600673019886017,0.83580827713012695,0.30620372295379639,0.1419753086419753
1,M2,16,cpsa,4,336,0.83630952380952384,0.67105317150540011,0.42258471250534058,0.23920419812202454,0.81570637226104736,0.29580843448638916,0.14285714285714285
1,M2,16,cpsa,9,311,0.69453376205787787,0.50652530984735267,0.7023625373840332,0.4035717248916626,0.74972552061080933,0.47921761870384216,0.29903536977491962
1,M2,16,cpsa,10,306,0.74509803921568629,0.66168695964669688,0.65049147605895996,0.377240389585495,0.80556082725524902,0.48673143982887268,0.26143790849673204
1,M2,16,cpsa,12,340,0.87647058823529411,0.76325965526551676,0.37254616618156433,0.19948785006999969,0.80982398986816406,0.26167455315589905,0.097058823529411767
1,M2,16,cpsa,13,348,0.86206896551724133,0.73746410165528775,0.37776860594749451,0.2068314403295517,0.83897101879119873,0.25825062394142151,0.11206896551724138
1,M2,16,cpsa,18,403,0.84863523573200994,0.70825637519790441,0.39579257369041443,0.22048285603523254,0.81375491619110107,0.29253268241882324,0.13151364764267989
1,M2,16,cpsa,20,384,0.765625,0.63407097311782656,0.53477030992507935,0.30797189474105835,0.77867698669433594,0.38298067450523376,0.20052083333333334
1,M2,16,cpsa,24,410,0.88048780487804879,0.8021748677347138,0.41939875483512878,0.20932236313819885,0.82984894514083862,0.22829177975654602,0.075609756097560973
1,M2,32,cpsa,2,324,0.82407407407407407,0.59903886476810297,0.38111609220504761,0.22617802023887634,0.83712309598922729,0.34151631593704224,0.16049382716049382
1,M2,32,cpsa,4,336,0.8125,0.65456310095355941,0.46613442897796631,0.2669336199760437,0.81443387269973755,0.33078566193580627,0.16666666666666666
1,M2,32,cpsa,9,311,0.66559485530546625,0.49088867695457244,0.77793550491333008,0.45089372992515564,0.75673437118530273,0.53502869606018066,0.32797427652733119
1,M2,32,cpsa,10,306,0.72875816993464049,0.64957039638150593,0.72543656826019287,0.41468057036399841,0.81012850999832153,0.53603041172027588,0.28104575163398693
1,M2,32,cpsa,12,340,0.86176470588235299,0.75640259470703164,0.41211825609207153,0.22526687383651733,0.80297976732254028,0.29658403992652893,0.11176470588235295
1,M2,32,cpsa,13,348,0.83333333333333337,0.72191874107615295,0.41268512606620789,0.22508230805397034,0.83598589897155762,0.2837812602519989,0.14080459770114942
1,M2,32,cpsa,18,403,0.82382133995037221,0.69535413218558551,0.43687215447425842,0.25031489133834839,0.81134015321731567,0.33377060294151306,0.15880893300248139
1,M2,32,cpsa,20,384,0.73958333333333337,0.61186365534721243,0.6069299578666687,0.3518538773059845,0.78132396936416626,0.43137896060943604,0.22916666666666666
1,M2,32,cpsa,24,410,0.86585365853658536,0.79415273499156558,0.44906869530677795,0.22492207586765289,0.82550227642059326,0.25122830271720886,0.090243902439024387
1,M2,64,cpsa,2,324,0.80864197530864201,0.59054018129703734,0.41521763801574707,0.24638324975967407,0.83902758359909058,0.36254516243934631,0.17592592592592593
1,M2,64,cpsa,4,336,0.7946428571428571,0.63231696453701691,0.49902147054672241,0.28567615151405334,0.81478357315063477,0.35187959671020508,0.18154761904761904
1,M2,64,cpsa,9,311,0.64951768488745976,0.48207721783074392,0.83936506509780884,0.48242148756980896,0.76210087537765503,0.5678938627243042,0.34405144694533762
1,M2,64,cpsa,10,306,0.71568627450980393,0.64028516693180437,0.79197931289672852,0.43883323669433594,0.81415623426437378,0.56447523832321167,0.29411764705882354
1,M2,64,cpsa,12,340,0.83529411764705885,0.72239712960645164,0.44182890653610229,0.24348054826259613,0.8005295991897583,0.31832876801490784,0.13823529411764707
1,M2,64,cpsa,13,348,0.81609195402298851,0.67247180384440475,0.43850111961364746,0.2365841269493103,0.83608770370483398,0.29855439066886902,0.15517241379310345
1,M2,64,cpsa,18,403,0.80397022332506207,0.685051315632769,0.4681333601474762,0.27155312895774841,0.81142747402191162,0.35924315452575684,0.17866004962779156
1,M2,64,cpsa,20,384,0.72135416666666663,0.60104480462637444,0.66499930620193481,0.38102507591247559,0.78561180830001831,0.4603172242641449,0.24739583333333334
1,M2,64,cpsa,24,410,0.85853658536585364,0.76316246879582894,0.46867996454238892,0.23464114964008331,0.82330012321472168,0.26447963714599609,0.10000000000000001
1,M2,100,cpsa,2,324,0.80555555555555558,0.58875530070574855,0.43161141872406006,0.25484517216682434,0.8402675986289978,0.37084019184112549,0.17901234567901234
1,M2,100,cpsa,4,336,0.78273809523809523,0.62576326892305201,0.51450282335281372,0.29359373450279236,0.81558483839035034,0.36027270555496216,0.19345238095238096
1,M2,100,cpsa,9,311,0.63987138263665599,0.46850375214736939,0.87050765752792358,0.49556317925453186,0.76444190740585327,0.58077484369277954,0.35691318327974275
1,M2,100,cpsa,10,306,0.71241830065359479,0.63751242779542894,0.82855039834976196,0.44874992966651917,0.81583511829376221,0.5755157470703125,0.29738562091503268
1,M2,100,cpsa,12,340,0.82647058823529407,0.71812693721150911,0.45575928688049316,0.25139704346656799,0.7999454140663147,0.32714337110519409,0.14705882352941177
1,M2,100,cpsa,13,348,0.81321839080459768,0.66706349033211565,0.45100712776184082,0.24128234386444092,0.83631843328475952,0.30430155992507935,0.15804597701149425
1,M2,100,cpsa,18,403,0.794044665012407,0.67956545088656384,0.48267632722854614,0.28075677156448364,0.81204396486282349,0.36949819326400757,0.19106699751861042
1,M2,100,cpsa,20,384,0.70572916666666663,0.5740673064907218,0.69417470693588257,0.39320564270019531,0.78792905807495117,0.47175148129463196,0.26041666666666669
1,M2,100,cpsa,24,410,0.85609756097560974,0.73010461755615941,0.4771270751953125,0.23858281970024109,0.82257199287414551,0.26962682604789734,0.1024390243902439
2,M1,1,late_product,2,324,0.93827160493827155,0.72599211488100368,0.15048186480998993,0.086769737303256989,0.96188551187515259,0,0
2,M1,1,late_product,4,336,0.95833333333333337,0.84499796999797006,0.11345027387142181,0.065741002559661865,0.96239989995956421,0,0
2,M1,1,late_product,9,311,0.84887459807073951,0.70860016335863985,0.44251155853271484,0.23866014182567596,0.92741721868515015,0,0
2,M1,1,late_product,10,306,0.79738562091503273,0.70216667912492714,0.69325697422027588,0.3259732723236084,0.95207524299621582,0,0
2,M1,1,late_product,12,340,0.92647058823529416,0.70014858021950832,0.17520482838153839,0.10518371313810349,0.95911723375320435,0,0
2,M1,1,late_product,13,348,0.97701149425287359,0.90112333764691044,0.11456456780433655,0.037855971604585648,0.97835445404052734,0,0
2,M1,1,late_product,18,403,0.92555831265508681,0.79264763617930833,0.29333284497261047,0.12247162312269211,0.96166491508483887,0,0
2,M1,1,late_product,20,384,0.9296875,0.74388888797626107,0.2013556957244873,0.10670441389083862,0.9558447003364563,0,0
2,M1,1,late_product,24,410,0.96097560975609753,0.80662312524803259,0.17995429039001465,0.052280168980360031,0.97747677564620972,0,0
2,M1,2,late_product,2,324,0.87654320987654322,0.70577573183206976,0.33869412541389465,0.17827154695987701,0.97048044204711914,0.095219977200031281,0.067901234567901231
2,M1,2,late_product,4,336,0.93154761904761907,0.80509789795346165,0.17512807250022888,0.098472267389297485,0.97274118661880493,0.071044594049453735,0.038690476190476192
2,M1,2,late_product,9,311,0.81028938906752412,0.76183610412213543,0.91120231151580811,0.32399848103523254,0.94817036390304565,0.16230964660644531,0.070739549839228297
2,M1,2,late_product,10,306,0.76143790849673199,0.6748349056179318,1.5511182546615601,0.4445270299911499,0.97637003660202026,0.11111314594745636,0.045751633986928102
2,M1,2,late_product,12,340,0.93235294117647061,0.70937027768710947,0.21500812470912933,0.10494737327098846,0.96856260299682617,0.04604189470410347,0.032352941176470591
2,M1,2,late_product,13,348,0.96264367816091956,0.89034458492781487,0.20877978205680847,0.059439986944198608,0.98295313119888306,0.046606957912445068,0.022988505747126436
2,M1,2,late_product,18,403,0.90570719602977667,0.79882996172046417,0.52968555688858032,0.16004328429698944,0.9791182279586792,0.065330617129802704,0.032258064516129031
2,M1,2,late_product,20,384,0.90885416666666663,0.72328324501348218,0.28580752015113831,0.13242922723293304,0.9697917103767395,0.066383682191371918,0.03125
2,M1,2,late_product,24,410,0.96585365853658534,0.80976907517462982,0.27411514520645142,0.057007577270269394,0.98819774389266968,0.02722775936126709,0.0097560975609756097
2,M1,3,late_product,2,324,0.87037037037037035,0.69769524058317156,0.60468953847885132,0.23504447937011719,0.98807871341705322,0.13730496168136597,0.07716049382716049
2,M1,3,late_product,4,336,0.93452380952380953,0.86608755644312019,0.30850255489349365,0.1220381110906601,0.97849911451339722,0.10279993712902069,0.047619047619047616
2,M1,3,late_product,9,311,0.79099678456591638,0.72413662001578993,1.5690197944641113,0.36256271600723267,0.9560515284538269,0.2310207188129425,0.099678456591639875
2,M1,3,late_product,10,306,0.73202614379084963,0.56266889532452946,2.5237557888031006,0.5043523907661438,0.98172259330749512,0.17005057632923126,0.078431372549019607
2,M1,3,late_product,12,340,0.92941176470588238,0.68507940547115165,0.27827170491218567,0.11247309297323227,0.97502917051315308,0.074278146028518677,0.041176470588235294
2,M1,3,late_product,13,348,0.9454022988505747,0.88062024653913362,0.33212617039680481,0.091279461979866028,0.98502820730209351,0.079847991466522217,0.040229885057471264
2,M1,3,late_product,18,403,0.8982630272952854,0.78681937661493662,0.7866288423538208,0.17989419400691986,0.98405241966247559,0.089107483625411987,0.044665012406947889
2,M1,3,late_product,20,384,0.89583333333333337,0.71570171567196395,0.42327657341957092,0.16411891579627991,0.97954940795898438,0.10180280357599258,0.044270833333333336
2,M1,3,late_product,24,410,0.96585365853658534,0.80976907517462982,0.33716240525245667,0.058656755834817886,0.99142354726791382,0.036278650164604187,0.0097560975609756097
2,M1,5,late_product,2,324,0.86111111111111116,0.69052489435033226,1.1907010078430176,0.26485762000083923,0.99567335844039917,0.16278016567230225,0.086419753086419748
2,M1,5,late_product,4,336,0.91666666666666663,0.84180929226890244,0.60310745239257812,0.14754138886928558,0.98179006576538086,0.14083017408847809,0.068452380952380959
2,M1,5,late_product,9,311,0.78456591639871387,0.71098687136740102,2.7222728729248047,0.39578890800476074,0.96868640184402466,0.29275414347648621,0.14469453376205788
2,M1,5,late_product,10,306,0.71568627450980393,0.55370638809612105,4.4203200340270996,0.55458229780197144,0.98641449213027954,0.21714183688163757,0.094771241830065356
2,M1,5,late_product,12,340,0.9205882352941176,0.68030955972132456,0.43688243627548218,0.13246719539165497,0.98362821340560913,0.10885923355817795,0.055882352941176473
2,M1,5,late_product,13,348,0.93390804597701149,0.86293084211990856,0.56385868787765503,0.12726183235645294,0.98918581008911133,0.11258324980735779,0.051724137931034482
2,M1,5,late_product,18,403,0.89330024813895781,0.78358551378259922,1.2056312561035156,0.20203398168087006,0.98934519290924072,0.11326012015342712,0.049627791563275438
2,M1,5,late_product,20,384,0.89583333333333337,0.71523013161838067,0.72152489423751831,0.19274739921092987,0.99024486541748047,0.12969924509525299,0.052083333333333336
2,M1,5,late_product,24,410,0.96585365853658534,0.80947767627490963,0.46256566047668457,0.063175104558467865,0.99364686012268066,0.044858589768409729,0.014634146341463415
2,M1,8,late_product,2,324,0.86419753086419748,0.69991365373909142,2.0781168937683105,0.27089640498161316,0.99728226661682129,0.17377755045890808,0.089506172839506168
2,M1,8,late_product,4,336,0.89880952380952384,0.86449453843439905,1.0663028955459595,0.18299362063407898,0.98895418643951416,0.17520661652088165,0.092261904761904767
2,M1,8,late_product,9,311,0.76848874598070738,0.68925310352509839,3.6703810691833496,0.43159136176109314,0.98143774271011353,0.33701235055923462,0.16398713826366559
2,M1,8,late_product,10,306,0.69281045751633985,0.53568089195727808,6.0113792419433594,0.58923625946044922,0.99042069911956787,0.2523149847984314,0.12091503267973856
2,M1,8,late_product,12,340,0.91470588235294115,0.70601285911585376,0.71339184045791626,0.14895772933959961,0.99006491899490356,0.13211636245250702,0.067647058823529407
2,M1,8,late_product,13,348,0.91954022988505746,0.85450482294759167,0.94075995683670044,0.15172548592090607,0.99257117509841919,0.13403111696243286,0.066091954022988508
2,M1,8,late_product,18,403,0.88337468982630274,0.77664761845526276,1.6247028112411499,0.21751388907432556,0.99040430784225464,0.13295228779315948,0.062034739454094295
2,M1,8,late_product,20,384,0.89322916666666663,0.71348356075416275,1.1526894569396973,0.2065800279378891,0.99325251579284668,0.14454799890518188,0.0546875
2,M1,8,late_product,24,410,0.96341463414634143,0.80792094790434377,0.61180496215820312,0.067913249135017395,0.99508851766586304,0.050735965371131897,0.017073170731707318
2,M1,16,late_product,2,324,0.86111111111111116,0.69699736476605112,3.2310464382171631,0.27681660652160645,0.9995993971824646,0.18092003464698792,0.092592592592592587
2,M1,16,late_product,4,336,0.89583333333333337,0.86299423386165819,1.830784797668457,0.20497478544712067,0.99404400587081909,0.20081594586372375,0.095238095238095233
2,M1,16,late_product,9,311,0.76527331189710612,0.68872908766241625,4.6606144905090332,0.45309385657310486,0.99051696062088013,0.36946025490760803,0.17684887459807075
2,M1,16,late_product,10,306,0.69281045751633985,0.53480099702185158,7.5487217903137207,0.61053663492202759,0.99338704347610474,0.27599355578422546,0.13071895424836602
2,M1,16,late_product,12,340,0.9205882352941176,0.70909301744794517,1.2973524332046509,0.15410445630550385,0.99608421325683594,0.1465810239315033,0.073529411764705885
2,M1,16,late_product,13,348,0.90804597701149425,0.84759323783714036,1.6329802274703979,0.17311139404773712,0.99526625871658325,0.15319475531578064,0.077586206896551727
2,M1,16,late_product,18,403,0.87096774193548387,0.7681312786624418,2.3139281272888184,0.2521134614944458,0.99712228775024414,0.16483521461486816,0.079404466501240695
2,M1,16,late_product,20,384,0.890625,0.77158739241570551,1.9591943025588989,0.21880553662776947,0.99785524606704712,0.1587488204240799,0.0625
2,M1,16,late_product,24,410,0.96585365853658534,0.83281272279611862,0.75996583700180054,0.069681912660598755,0.99651861190795898,0.05443127453327179,0.019512195121951219
2,M1,32,late_product,2,324,0.85493827160493829,0.68475903848710862,3.5835592746734619,0.28408047556877136,0.99811094999313354,0.18955937027931213,0.098765432098765427
2,M1,32,late_product,4,336,0.8839285714285714,0.84683612737838043,2.4670956134796143,0.22913624346256256,0.99785369634628296,0.2217271476984024,0.10714285714285714
2,M1,32,late_product,9,311,0.7588424437299035,0.6842838063326997,5.5356545448303223,0.47387635707855225,0.9958268404006958,0.39222508668899536,0.18327974276527331
2,M1,32,late_product,10,306,0.68627450980392157,0.53149115154801041,8.13262939453125,0.62446767091751099,0.99711108207702637,0.2947823703289032,0.14052287581699346
2,M1,32,late_product,12,340,0.91764705882352937,0.70748369772563624,1.8249561786651611,0.15923911333084106,0.99696385860443115,0.15660734474658966,0.076470588235294124
2,M1,32,late_product,13,348,0.90804597701149425,0.84283133307523561,2.094937801361084,0.1830766350030899,0.99955064058303833,0.16122724115848541,0.077586206896551727
2,M1,32,late_product,18,403,0.87096774193548387,0.7681312786624418,3.0124597549438477,0.25805366039276123,0.99968057870864868,0.16995196044445038,0.079404466501240695
2,M1,32,late_product,20,384,0.88802083333333337,0.77033026193443721,2.7357959747314453,0.2236257791519165,0.99871557950973511,0.1662803441286087,0.065104166666666671
2,M1,32,late_product,24,410,0.96585365853658534,0.83281272279611862,0.84113800525665283,0.06980229914188385,0.99714124202728271,0.057897269725799561,0.019512195121951219
2,M1,64,late_product,2,324,0.85493827160493829,0.68475903848710862,3.8487372398376465,0.29010170698165894,0.99999451637268066,0.19332659244537354,0.098765432098765427
2,M1,64,late_product,4,336,0.88095238095238093,0.81985200039425321,2.9177448749542236,0.23513373732566833,0.99910926818847656,0.22647316753864288,0.11011904761904762
2,M1,64,late_product,9,311,0.74919614147909963,0.67107858645654439,6.0763716697692871,0.49596142768859863,0.99824726581573486,0.40570244193077087,0.18971061093247588
2,M1,64,late_product,10,306,0.6797385620915033,0.52806875333693926,8.4769554138183594,0.6354748010635376,0.9985206127166748,0.30497539043426514,0.14705882352941177
2,M1,64,late_product,12,340,0.91470588235294115,0.70587031572284609,2.0266792774200439,0.16744942963123322,0.99905842542648315,0.16243472695350647,0.079411764705882348
2,M1,64,late_product,13,348,0.90804597701149425,0.84283133307523561,2.3982255458831787,0.18390642106533051,0.99996870756149292,0.16208133101463318,0.077586206896551727
2,M1,64,late_product,18,403,0.87096774193548387,0.7681312786624418,3.3909904956817627,0.2580646276473999,0.99997907876968384,0.17054900527000427,0.079404466501240695
2,M1,64,late_product,20,384,0.8828125,0.76689000821195263,3.0408222675323486,0.23362953960895538,0.99977010488510132,0.17532853782176971,0.0703125
2,M1,64,late_product,24,410,0.96341463414634143,0.83125371833897066,0.88004297018051147,0.072751633822917938,0.99869406223297119,0.062867261469364166,0.021951219512195121
2,M1,100,late_product,2,324,0.85493827160493829,0.68475903848710862,3.9615504741668701,0.29012343287467957,1,0.19333748519420624,0.098765432098765427
2,M1,100,late_product,4,336,0.88095238095238093,0.81985200039425321,3.0917754173278809,0.23749464750289917,0.99983894824981689,0.22793257236480713,0.11011904761904762
2,M1,100,late_product,9,311,0.74919614147909963,0.67107858645654439,6.3595404624938965,0.50055843591690063,0.99930465221405029,0.40903952717781067,0.18971061093247588
2,M1,100,late_product,10,306,0.6797385620915033,0.52806875333693926,8.6035518646240234,0.64004164934158325,0.9998401403427124,0.30761447548866272,0.14705882352941177
2,M1,100,late_product,12,340,0.91470588235294115,0.70587031572284609,2.1466548442840576,0.1675446629524231,0.9990505576133728,0.16255226731300354,0.079411764705882348
2,M1,100,late_product,13,348,0.90804597701149425,0.84283133307523561,2.4793245792388916,0.18392409384250641,0.99984574317932129,0.16242179274559021,0.077586206896551727
2,M1,100,late_product,18,403,0.87096774193548387,0.7681312786624418,3.5167114734649658,0.25806450843811035,0.99999672174453735,0.1705842912197113,0.079404466501240695
2,M1,100,late_product,20,384,0.8828125,0.76689000821195263,3.1192076206207275,0.23439927399158478,0.99979037046432495,0.17611242830753326,0.0703125
2,M1,100,late_product,24,410,0.96341463414634143,0.83125371833897066,0.92214208841323853,0.073244489729404449,0.99943071603775024,0.064340390264987946,0.021951219512195121
2,M2,1,late_product,2,324,0.93827160493827155,0.72599211488100368,0.15048186480998993,0.086769737303256989,0.96188551187515259,0,0
2,M2,1,late_product,4,336,0.95833333333333337,0.84499796999797006,0.11345027387142181,0.065741002559661865,0.96239989995956421,0,0
2,M2,1,late_product,9,311,0.84887459807073951,0.70860016335863985,0.44251155853271484,0.23866014182567596,0.92741721868515015,0,0
2,M2,1,late_product,10,306,0.79738562091503273,0.70216667912492714,0.69325697422027588,0.3259732723236084,0.95207524299621582,0,0
2,M2,1,late_product,12,340,0.92647058823529416,0.70014858021950832,0.17520482838153839,0.10518371313810349,0.95911723375320435,0,0
2,M2,1,late_product,13,348,0.97701149425287359,0.90112333764691044,0.11456456780433655,0.037855971604585648,0.97835445404052734,0,0
2,M2,1,late_product,18,403,0.92555831265508681,0.79264763617930833,0.29333284497261047,0.12247162312269211,0.96166491508483887,0,0
2,M2,1,late_product,20,384,0.9296875,0.74388888797626107,0.2013556957244873,0.10670441389083862,0.9558447003364563,0,0
2,M2,1,late_product,24,410,0.96097560975609753,0.80662312524803259,0.17995429039001465,0.052280168980360031,0.97747677564620972,0,0
2,M2,2,late_product,2,324,0.95987654320987659,0.73820485070485065,0.15103721618652344,0.066052928566932678,0.97838670015335083,0.076130479574203491,0.027777777777777776
2,M2,2,late_product,4,336,0.94345238095238093,0.8369353546934013,0.18578723073005676,0.090868748724460602,0.97926139831542969,0.061988908797502518,0.020833333333333332
2,M2,2,late_product,9,311,0.842443729903537,0.68005881218808406,0.63496088981628418,0.27545058727264404,0.94968855381011963,0.14886036515235901,0.051446945337620578
2,M2,2,late_product,10,306,0.8529411764705882,0.73110525795357217,0.63760018348693848,0.22974385321140289,0.94931048154830933,0.15331962704658508,0.075163398692810454
2,M2,2,late_product,12,340,0.90588235294117647,0.68886735600435356,0.26424187421798706,0.12965840101242065,0.97169685363769531,0.047054540365934372,0.020588235294117647
2,M2,2,late_product,13,348,0.96264367816091956,0.85599510316499605,0.15167109668254852,0.051838524639606476,0.9851144552230835,0.045549847185611725,0.022988505747126436
2,M2,2,late_product,18,403,0.92803970223325061,0.79389043680208538,0.35707703232765198,0.13077442348003387,0.97239422798156738,0.060484066605567932,0.017369727047146403
2,M2,2,late_product,20,384,0.90885416666666663,0.67023671196759682,0.30896231532096863,0.13107876479625702,0.95908385515213013,0.090119510889053345,0.044270833333333336
2,M2,2,late_product,24,410,0.95853658536585362,0.81528476926296345,0.24850195646286011,0.058456853032112122,0.9851677417755127,0.034799255430698395,0.014634146341463415
2,M2,3,late_product,2,324,0.95370370370370372,0.7349570933293047,0.2143094539642334,0.078935161232948303,0.98265755176544189,0.11873821169137955,0.046296296296296294
2,M2,3,late_product,4,336,0.93452380952380953,0.81350264659088189,0.30897536873817444,0.10967999696731567,0.9803575873374939,0.091137759387493134,0.02976190476190476
2,M2,3,late_product,9,311,0.77813504823151125,0.63816062949842767,1.0609344244003296,0.378703773021698,0.94909483194351196,0.27603635191917419,0.11897106109324759
2,M2,3,late_product,10,306,0.85947712418300659,0.73170803359757575,0.84349370002746582,0.24902194738388062,0.95607465505599976,0.30615222454071045,0.15686274509803921
2,M2,3,late_product,12,340,0.9088235294117647,0.72835188462457079,0.38416731357574463,0.14883215725421906,0.97644877433776855,0.082233674824237823,0.038235294117647062
2,M2,3,late_product,13,348,0.95402298850574707,0.85120894181211082,0.25212442874908447,0.078529708087444305,0.98827475309371948,0.07578112930059433,0.031609195402298854
2,M2,3,late_product,18,403,0.90818858560794047,0.7835507265263405,0.46599879860877991,0.14973233640193939,0.97375571727752686,0.10116945952177048,0.037220843672456573
2,M2,3,late_product,20,384,0.8828125,0.65574872175125909,0.52193945646286011,0.19136185944080353,0.96359175443649292,0.17462694644927979,0.083333333333333329
2,M2,3,late_product,24,410,0.95853658536585362,0.81525453481324139,0.32527202367782593,0.071447193622589111,0.98612755537033081,0.057788703590631485,0.019512195121951219
2,M2,5,late_product,2,324,0.92901234567901236,0.65955069112990961,0.41991603374481201,0.12806466221809387,0.9863053560256958,0.17709791660308838,0.07716049382716049
2,M2,5,late_product,4,336,0.9107142857142857,0.71887134926540985,0.59323382377624512,0.15784969925880432,0.98333537578582764,0.14753961563110352,0.059523809523809521
2,M2,5,late_product,9,311,0.72347266881028938,0.54368641209575586,2.3235702514648438,0.50624382495880127,0.96600383520126343,0.40724793076515198,0.17363344051446947
2,M2,5,late_product,10,306,0.82679738562091498,0.70298397579496308,1.7383801937103271,0.3279474675655365,0.97280842065811157,0.45077380537986755,0.22222222222222221
2,M2,5,late_product,12,340,0.89117647058823535,0.71915794971001501,0.71186965703964233,0.19437363743782043,0.98560434579849243,0.13500525057315826,0.061764705882352944
2,M2,5,late_product,13,348,0.93103448275862066,0.78283507772174266,0.56415671110153198,0.11973317712545395,0.98583221435546875,0.12324412912130356,0.05459770114942529
2,M2,5,late_product,18,403,0.89330024813895781,0.77692629757200826,0.75450587272644043,0.18679216504096985,0.97858065366744995,0.15895068645477295,0.06699751861042183
2,M2,5,late_product,20,384,0.83333333333333337,0.64414158360238194,1.105332612991333,0.29177811741828918,0.97444897890090942,0.28813925385475159,0.1484375
2,M2,5,late_product,24,410,0.94146341463414629,0.80273885924216304,0.51889002323150635,0.10029822587966919,0.98684942722320557,0.094780929386615753,0.041463414634146344
2,M2,8,late_product,2,324,0.91049382716049387,0.64949837202519989,0.82239317893981934,0.17261850833892822,0.99043875932693481,0.22141984105110168,0.095679012345679007
2,M2,8,late_product,4,336,0.8839285714285714,0.5978314570142792,1.1428511142730713,0.21466319262981415,0.98420017957687378,0.20667475461959839,0.086309523809523808
2,M2,8,late_product,9,311,0.67845659163987138,0.51304887938694244,4.3317127227783203,0.61264312267303467,0.98251217603683472,0.51455473899841309,0.23794212218649519
2,M2,8,late_product,10,306,0.78104575163398693,0.67546222050973703,3.1936981678009033,0.40452316403388977,0.98271149396896362,0.53719955682754517,0.26797385620915032
2,M2,8,late_product,12,340,0.87941176470588234,0.71310733306215857,1.2319821119308472,0.22593559324741364,0.98805469274520874,0.16849948465824127,0.073529411764705885
2,M2,8,late_product,13,348,0.90804597701149425,0.72155756921230907,1.049622654914856,0.17380297183990479,0.98620158433914185,0.19820547103881836,0.091954022988505746
2,M2,8,late_product,18,403,0.86848635235732008,0.76312018457160935,1.22188401222229,0.23630131781101227,0.98511046171188354,0.20733192563056946,0.094292803970223327
2,M2,8,late_product,20,384,0.80729166666666663,0.62978837311933289,2.1250925064086914,0.36459717154502869,0.98571687936782837,0.35905751585960388,0.17447916666666666
2,M2,8,late_product,24,410,0.92439024390243907,0.79354584418053631,0.8625718355178833,0.1361730545759201,0.99070596694946289,0.13001899421215057,0.058536585365853662
2,M2,16,late_product,2,324,0.87037037037037035,0.62766344328213686,1.8460170030593872,0.24537976086139679,0.99425560235977173,0.29017946124076843,0.13580246913580246
2,M2,16,late_product,4,336,0.8571428571428571,0.58298197544535035,2.4635505676269531,0.2757771909236908,0.99008995294570923,0.26671937108039856,0.11607142857142858
2,M2,16,late_product,9,311,0.6463022508038585,0.49399777319262905,7.1671280860900879,0.69103825092315674,0.99325954914093018,0.59763544797897339,0.27331189710610931
2,M2,16,late_product,10,306,0.74836601307189543,0.63234082253514312,5.0180091857910156,0.48925122618675232,0.99132460355758667,0.6305842399597168,0.3202614379084967
2,M2,16,late_product,12,340,0.8411764705882353,0.69461938507393983,2.4020698070526123,0.30339038372039795,0.99291354417800903,0.24387502670288086,0.11176470588235295
2,M2,16,late_product,13,348,0.87068965517241381,0.68428631755187475,2.349489688873291,0.24924367666244507,0.99618089199066162,0.26549240946769714,0.12931034482758622
2,M2,16,late_product,18,403,0.84615384615384615,0.75159728855429364,2.2822878360748291,0.30175706744194031,0.99357569217681885,0.26466849446296692,0.11662531017369727
2,M2,16,late_product,20,384,0.7578125,0.5925538366293116,4.0814738273620605,0.4611668586730957,0.9888494610786438,0.44994297623634338,0.22135416666666666
2,M2,16,late_product,24,410,0.89512195121951221,0.75489301052815316,1.6514852046966553,0.19680000841617584,0.99103850126266479,0.19037583470344543,0.087804878048780483
2,M2,32,late_product,2,324,0.85185185185185186,0.61697288457156862,3.0955550670623779,0.29331806302070618,0.99629861116409302,0.33239370584487915,0.15123456790123457
2,M2,32,late_product,4,336,0.8303571428571429,0.5722040084113923,3.6588046550750732,0.33185181021690369,0.99631738662719727,0.31392931938171387,0.14285714285714285
2,M2,32,late_product,9,311,0.62700964630225076,0.48315118518541955,8.884984016418457,0.7468109130859375,0.9927331805229187,0.65420079231262207,0.29260450160771706
2,M2,32,late_product,10,306,0.72875816993464049,0.62245529948178335,6.1921887397766113,0.53183484077453613,0.99628043174743652,0.66730940341949463,0.33660130718954251
2,M2,32,late_product,12,340,0.80882352941176472,0.67896938537086216,3.8529534339904785,0.36991140246391296,0.99395287036895752,0.30563274025917053,0.14411764705882352
2,M2,32,late_product,13,348,0.86494252873563215,0.68122015216073672,3.275515079498291,0.26444393396377563,0.99611812829971313,0.28150635957717896,0.13505747126436782
2,M2,32,late_product,18,403,0.82630272952853601,0.74113994471391298,3.5220332145690918,0.33782893419265747,0.99408966302871704,0.30226597189903259,0.13895781637717122
2,M2,32,late_product,20,384,0.7265625,0.55790830923096479,5.9791789054870605,0.53284317255020142,0.99264079332351685,0.51758140325546265,0.25260416666666669
2,M2,32,late_product,24,410,0.87804878048780488,0.74712080510975654,2.5406396389007568,0.23985891044139862,0.99860012531280518,0.22580996155738831,0.1048780487804878
2,M2,64,late_product,2,324,0.84259259259259256,0.61194066068711495,4.0037422180175781,0.31438487768173218,0.99924772977828979,0.34938856959342957,0.16049382716049382
2,M2,64,late_product,4,336,0.81845238095238093,0.56281056043114708,4.3995223045349121,0.3600618839263916,0.99868083000183105,0.33873453736305237,0.15476190476190477
2,M2,64,late_product,9,311,0.59485530546623799,0.46433084929618945,10.148410797119141,0.80030965805053711,0.99653434753417969,0.70003092288970947,0.32154340836012862
2,M2,64,late_product,10,306,0.71241830065359479,0.60995219235724207,7.077845573425293,0.56673228740692139,0.9971042275428772,0.69878107309341431,0.35294117647058826
2,M2,64,late_product,12,340,0.80000000000000004,0.67469518919371918,4.8719964027404785,0.39849027991294861,0.99740248918533325,0.32999983429908752,0.15294117647058825
2,M2,64,late_product,13,348,0.84195402298850575,0.66849956202318739,3.7941343784332275,0.31097209453582764,0.99617809057235718,0.32756844162940979,0.15804597701149425
2,M2,64,late_product,18,403,0.81389578163771714,0.73463473722939543,4.4857492446899414,0.36593833565711975,0.99785667657852173,0.32597541809082031,0.15136476426799009
2,M2,64,late_product,20,384,0.7109375,0.54950709810623599,7.2921586036682129,0.57520753145217896,0.997303307056427,0.5535009503364563,0.26822916666666669
2,M2,64,late_product,24,410,0.87073170731707317,0.74306288881760385,3.1424670219421387,0.25586217641830444,0.99916404485702515,0.24114201962947845,0.11219512195121951
2,M2,100,late_product,2,324,0.83950617283950613,0.610368667078656,4.2191886901855469,0.3216758668422699,0.99833846092224121,0.35744616389274597,0.16358024691358025
2,M2,100,late_product,4,336,0.8125,0.55955752915201173,4.733767032623291,0.37263718247413635,0.9986615777015686,0.35117393732070923,0.16071428571428573
2,M2,100,late_product,9,311,0.59485530546623799,0.46433084929618945,10.707640647888184,0.81047934293746948,0.99938452243804932,0.70787173509597778,0.32154340836012862
2,M2,100,late_product,10,306,0.70915032679738566,0.60800536138882011,7.5287718772888184,0.58124649524688721,0.99933421611785889,0.70957612991333008,0.3562091503267974
2,M2,100,late_product,12,340,0.79411764705882348,0.67158964104974483,5.1850638389587402,0.41115650534629822,0.99958622455596924,0.33972367644309998,0.1588235294117647
2,M2,100,late_product,13,348,0.82758620689655171,0.66085821064454031,4.2932577133178711,0.34345787763595581,0.99954414367675781,0.35670897364616394,0.17241379310344829
2,M2,100,late_product,18,403,0.81141439205955335,0.7332527341985241,4.9050793647766113,0.37446373701095581,0.99912923574447632,0.33052051067352295,0.15136476426799009
2,M2,100,late_product,20,384,0.70572916666666663,0.54676093882341792,7.7625250816345215,0.58346199989318848,0.99772650003433228,0.56155896186828613,0.2734375
2,M2,100,late_product,24,410,0.86341463414634145,0.73937075273634889,3.3747537136077881,0.2635970413684845,0.99639880657196045,0.25248983502388,0.12195121951219512
2,M1,1,late_mean,2,324,0.9228395061728395,0.7137381916329284,0.25960096716880798,0.14137648046016693,0.82599741220474243,0,0
2,M1,1,late_mean,4,336,0.94345238095238093,0.81938520909424994,0.27941623330116272,0.14311614632606506,0.80793642997741699,0,0
2,M1,1,late_mean,9,311,0.78778135048231512,0.6999647962142439,0.58703529834747314,0.33416223526000977,0.68116480112075806,0,0
2,M1,1,late_mean,10,306,0.78104575163398693,0.68617830501704258,0.57619941234588623,0.32446035742759705,0.72921890020370483,0,0
2,M1,1,late_mean,12,340,0.93529411764705883,0.75269310585490912,0.27602678537368774,0.14535447955131531,0.81739205121994019,0,0
2,M1,1,late_mean,13,348,0.97126436781609193,0.89524620409966771,0.24569480121135712,0.11946990340948105,0.82141572237014771,0,0
2,M1,1,late_mean,18,403,0.91315136476426795,0.78434281634399461,0.30579927563667297,0.15789249539375305,0.8230552077293396,0,0
2,M1,1,late_mean,20,384,0.91145833333333337,0.74361869457737828,0.36027765274047852,0.18482302129268646,0.77442580461502075,0,0
2,M1,1,late_mean,24,410,0.96341463414634143,0.80821393801984487,0.24653533101081848,0.095267139375209808,0.8503645658493042,0,0
2,M1,2,late_mean,2,324,0.86728395061728392,0.70274849434398912,0.25415763258934021,0.14900311827659607,0.86677294969558716,0.10030470788478851,0.07098765432098765
2,M1,2,late_mean,4,336,0.9107142857142857,0.84909019337282599,0.25373771786689758,0.13534568250179291,0.84030830860137939,0.10233510285615921,0.044642857142857144
2,M1,2,late_mean,9,311,0.76527331189710612,0.68990192847078569,0.55538177490234375,0.31367462873458862,0.74096518754959106,0.16249316930770874,0.077170418006430874
2,M1,2,late_mean,10,306,0.71241830065359479,0.63529437799728194,0.61175614595413208,0.35505211353302002,0.78925257921218872,0.16380961239337921,0.10457516339869281
2,M1,2,late_mean,12,340,0.9205882352941176,0.68021424817541332,0.23896749317646027,0.12508249282836914,0.84691071510314941,0.093030534684658051,0.041176470588235294
2,M1,2,late_mean,13,348,0.92816091954022983,0.86587524506012381,0.21712103486061096,0.10676960647106171,0.85631257295608521,0.1032090038061142,0.051724137931034482
2,M1,2,late_mean,18,403,0.89081885856079401,0.771815953451092,0.28540319204330444,0.15140123665332794,0.85552805662155151,0.09136287122964859,0.032258064516129031
2,M1,2,late_mean,20,384,0.89583333333333337,0.71559444801717975,0.31063801050186157,0.15397492051124573,0.81866651773452759,0.12120667845010757,0.065104166666666671
2,M1,2,late_mean,24,410,0.96097560975609753,0.80665720964927878,0.21099494397640228,0.075407408177852631,0.88218086957931519,0.076920442283153534,0.0073170731707317077
2,M1,3,late_mean,2,324,0.86419753086419748,0.69991365373909142,0.25936388969421387,0.1600959300994873,0.88955539464950562,0.15045706927776337,0.07407407407407407
2,M1,3,late_mean,4,336,0.90476190476190477,0.8259104197920405,0.24658554792404175,0.13789685070514679,0.85921788215637207,0.15350265800952911,0.053571428571428568
2,M1,3,late_mean,9,311,0.77491961414791,0.70501708220576753,0.55344206094741821,0.31650939583778381,0.77377426624298096,0.24373972415924072,0.096463022508038579
2,M1,3,late_mean,10,306,0.69281045751633985,0.53603077046886805,0.64900475740432739,0.38427412509918213,0.82433366775512695,0.24571439623832703,0.12091503267973856
2,M1,3,late_mean,12,340,0.91764705882352937,0.67861033302209783,0.22426170110702515,0.12044226378202438,0.86398351192474365,0.13954579830169678,0.044117647058823532
2,M1,3,late_mean,13,348,0.92241379310344829,0.85146289282647414,0.20861245691776276,0.10745511949062347,0.87642395496368408,0.1548134982585907,0.057471264367816091
2,M1,3,late_mean,18,403,0.88337468982630274,0.776060244756826,0.28093808889389038,0.1536833643913269,0.87378096580505371,0.13704431056976318,0.044665012406947889
2,M1,3,late_mean,20,384,0.89322916666666663,0.71384787715296183,0.29188141226768494,0.14692740142345428,0.84289437532424927,0.18181002140045166,0.067708333333333329
2,M1,3,late_mean,24,410,0.96341463414634143,0.80792094790434377,0.19625335931777954,0.069552101194858551,0.89855498075485229,0.1153806671500206,0.0097560975609756097
2,M1,5,late_mean,2,324,0.85802469135802473,0.68776174744219842,0.27236539125442505,0.17604175209999084,0.91253876686096191,0.20060941576957703,0.080246913580246909
2,M1,5,late_mean,4,336,0.88988095238095233,0.81789849757385591,0.24430626630783081,0.14473894238471985,0.87908762693405151,0.20467020571231842,0.068452380952380959
2,M1,5,late_mean,9,311,0.76848874598070738,0.6899792672703069,0.56498587131500244,0.32806313037872314,0.80797690153121948,0.32498633861541748,0.1157556270096463
2,M1,5,late_mean,10,306,0.69281045751633985,0.53603077046886805,0.70765882730484009,0.42278030514717102,0.86022710800170898,0.32761919498443604,0.12091503267973856
2,M1,5,late_mean,12,340,0.91764705882352937,0.67853746189238973,0.21210432052612305,0.11946588754653931,0.88150089979171753,0.1860610693693161,0.050000000000000003
2,M1,5,late_mean,13,348,0.91379310344827591,0.8463053780404447,0.20492404699325562,0.11283110827207565,0.89715766906738281,0.20641800761222839,0.066091954022988508
2,M1,5,late_mean,18,403,0.87096774193548387,0.7681312786624418,0.28207430243492126,0.15965066850185394,0.89334160089492798,0.18272574245929718,0.059553349875930521
2,M1,5,late_mean,20,384,0.88802083333333337,0.7104762813045945,0.27733007073402405,0.14546424150466919,0.86764031648635864,0.24241335690021515,0.075520833333333329
2,M1,5,late_mean,24,410,0.96341463414634143,0.80792094790434377,0.18387302756309509,0.06641320139169693,0.91496658325195312,0.15384088456630707,0.0097560975609756097
2,M1,8,late_mean,2,324,0.85802469135802473,0.68776174744219842,0.28772348165512085,0.18936844170093536,0.92807960510253906,0.23404434323310852,0.080246913580246909
2,M1,8,late_mean,4,336,0.88690476190476186,0.84856700938990881,0.24671189486980438,0.15168419480323792,0.89301127195358276,0.23878189921379089,0.077380952380952384
2,M1,8,late_mean,9,311,0.7588424437299035,0.67640202223896406,0.58533555269241333,0.34060952067375183,0.83137202262878418,0.37915068864822388,0.12540192926045016
2,M1,8,late_mean,10,306,0.68627450980392157,0.53179474190151943,0.76752328872680664,0.45360884070396423,0.8844485878944397,0.38222238421440125,0.12745098039215685
2,M1,8,late_mean,12,340,0.9205882352941176,0.70909301744794517,0.20558096468448639,0.12085041403770447,0.89346671104431152,0.21707123517990112,0.058823529411764705
2,M1,8,late_mean,13,348,0.91379310344827591,0.8463053780404447,0.20634359121322632,0.11902088671922684,0.91114455461502075,0.24082100391387939,0.066091954022988508
2,M1,8,late_mean,18,403,0.86848635235732008,0.76681100176877548,0.2879360020160675,0.16567617654800415,0.90685474872589111,0.2131800502538681,0.062034739454094295
2,M1,8,late_mean,20,384,0.890625,0.77158739241570551,0.27046623826026917,0.14759121835231781,0.88439130783081055,0.2828156054019928,0.078125
2,M1,8,late_mean,24,410,0.96341463414634143,0.80792094790434377,0.17744724452495575,0.065829701721668243,0.92590773105621338,0.17948102951049805,0.0097560975609756097
2,M1,16,late_mean,2,324,0.85493827160493829,0.68475903848710862,0.31068488955497742,0.20388148725032806,0.94281041622161865,0.26551246643066406,0.083333333333333329
2,M1,16,late_mean,4,336,0.8839285714285714,0.84683612737838043,0.25405052304267883,0.15996299684047699,0.90624690055847168,0.27088701725006104,0.080357142857142863
2,M1,16,late_mean,9,311,0.752411575562701,0.67311382676450882,0.62463170289993286,0.35595777630805969,0.85371994972229004,0.43012896180152893,0.13183279742765272
2,M1,16,late_mean,10,306,0.68300653594771243,0.52982545584452012,0.85585111379623413,0.48639336228370667,0.907520592212677,0.43361365795135498,0.13398692810457516
2,M1,16,late_mean,12,340,0.91470588235294115,0.70587031572284609,0.2008807510137558,0.12364103645086288,0.90490132570266724,0.24625730514526367,0.064705882352941183
2,M1,16,late_mean,13,348,0.90804597701149425,0.84283133307523561,0.21283428370952606,0.12675090134143829,0.92451047897338867,0.27320027351379395,0.07183908045977011
2,M1,16,late_mean,18,403,0.87096774193548387,0.7681312786624418,0.30113160610198975,0.17284342646598816,0.919655442237854,0.24184291064739227,0.064516129032258063
2,M1,16,late_mean,20,384,0.8828125,0.76689000821195263,0.26702222228050232,0.151860311627388,0.90045148134231567,0.32084119319915771,0.0859375
2,M1,16,late_mean,24,410,0.96585365853658534,0.83281272279611862,0.17376412451267242,0.066383369266986847,0.93621939420700073,0.20361295342445374,0.012195121951219513
2,M1,32,late_mean,2,324,0.85493827160493829,0.68475903848710862,0.32943499088287354,0.21260301768779755,0.95088356733322144,0.28267690539360046,0.083333333333333329
2,M1,32,late_mean,4,336,0.88095238095238093,0.81985200039425321,0.26240080595016479,0.16519072651863098,0.91353845596313477,0.28839889168739319,0.083333333333333329
2,M1,32,late_mean,9,311,0.74919614147909963,0.67107858645654439,0.66772085428237915,0.36577638983726501,0.86601686477661133,0.45793518424034119,0.13504823151125403
2,M1,32,late_mean,10,306,0.6797385620915033,0.52806875333693926,0.93533545732498169,0.50581634044647217,0.92024034261703491,0.46164518594741821,0.13725490196078433
2,M1,32,late_mean,12,340,0.91470588235294115,0.70587031572284609,0.1991058737039566,0.12577114999294281,0.9112391471862793,0.26217696070671082,0.064705882352941183
2,M1,32,late_mean,13,348,0.90517241379310343,0.84105829363922113,0.22107876837253571,0.1317455917596817,0.93188917636871338,0.29086172580718994,0.074712643678160925
2,M1,32,late_mean,18,403,0.87096774193548387,0.7681312786624418,0.31601861119270325,0.17736433446407318,0.92663973569869995,0.25747719407081604,0.064516129032258063
2,M1,32,late_mean,20,384,0.88020833333333337,0.76510099482422522,0.26720714569091797,0.15511555969715118,0.90931463241577148,0.34158244729042053,0.088541666666666671
2,M1,32,late_mean,24,410,0.96341463414634143,0.83125371833897066,0.17379814386367798,0.067136123776435852,0.94190174341201782,0.21677577495574951,0.014634146341463415
2,M1,64,late_mean,2,324,0.85493827160493829,0.68475903848710862,0.34237757325172424,0.2173914909362793,0.95510655641555786,0.2916552722454071,0.083333333333333329
2,M1,64,late_mean,4,336,0.88095238095238093,0.81985200039425321,0.26990091800689697,0.1681254655122757,0.91738826036453247,0.29755902290344238,0.083333333333333329
2,M1,64,late_mean,9,311,0.74598070739549838,0.66901594426465083,0.70966863632202148,0.37131908535957336,0.872475266456604,0.47248011827468872,0.13826366559485531
2,M1,64,late_mean,10,306,0.6797385620915033,0.52806875333693926,1.0012470483779907,0.51640915870666504,0.92691200971603394,0.47630789875984192,0.13725490196078433
2,M1,64,late_mean,12,340,0.91176470588235292,0.70425195608788538,0.19848765432834625,0.1270563155412674,0.91455519199371338,0.27050420641899109,0.067647058823529407
2,M1,64,late_mean,13,348,0.90517241379310343,0.84105829363922113,0.22911642491817474,0.13457705080509186,0.93576997518539429,0.30010002851486206,0.074712643678160925
2,M1,64,late_mean,18,403,0.87096774193548387,0.7681312786624418,0.330240398645401,0.17990106344223022,0.93029302358627319,0.26565510034561157,0.064516129032258063
2,M1,64,late_mean,20,384,0.88020833333333337,0.76510099482422522,0.26838412880897522,0.15707886219024658,0.91398781538009644,0.3524317741394043,0.088541666666666671
2,M1,64,late_mean,24,410,0.96341463414634143,0.83125371833897066,0.17520971596240997,0.067656621336936951,0.94488191604614258,0.22366096079349518,0.014634146341463415
2,M1,100,late_mean,2,324,0.85493827160493829,0.68475903848710862,0.34796583652496338,0.21919064223766327,0.95665866136550903,0.29495537281036377,0.083333333333333329
2,M1,100,late_mean,4,336,0.88095238095238093,0.81985200039425321,0.27399641275405884,0.16923871636390686,0.91880345344543457,0.30092597007751465,0.083333333333333329
2,M1,100,late_mean,9,311,0.74598070739549838,0.66901594426465083,0.73480057716369629,0.37342667579650879,0.87485754489898682,0.47782638669013977,0.13826366559485531
2,M1,100,late_mean,10,306,0.6797385620915033,0.52806875333693926,1.0359381437301636,0.52037763595581055,0.92936444282531738,0.48169752955436707,0.13725490196078433
2,M1,100,late_mean,12,340,0.9088235294117647,0.70262769478263065,0.1983296126127243,0.12755820155143738,0.91579544544219971,0.27356505393981934,0.070588235294117646
2,M1,100,late_mean,13,348,0.90517241379310343,0.84105829363922113,0.2338176965713501,0.13565556704998016,0.93719655275344849,0.30349579453468323,0.074712643678160925
2,M1,100,late_mean,18,403,0.87096774193548387,0.7681312786624418,0.338553786277771,0.18086321651935577,0.93163591623306274,0.26866111159324646,0.064516129032258063
2,M1,100,late_mean,20,384,0.88020833333333337,0.76510099482422522,0.2691328227519989,0.15784551203250885,0.91570562124252319,0.35641971230506897,0.088541666666666671
2,M1,100,late_mean,24,410,0.96341463414634143,0.83125371833897066,0.17624326050281525,0.06786983460187912,0.94597733020782471,0.22619174420833588,0.014634146341463415
2,M2,1,late_mean,2,324,0.9228395061728395,0.7137381916329284,0.25960096716880798,0.14137648046016693,0.82599741220474243,0,0
2,M2,1,late_mean,4,336,0.94345238095238093,0.81938520909424994,0.27941623330116272,0.14311614632606506,0.80793642997741699,0,0
2,M2,1,late_mean,9,311,0.78778135048231512,0.6999647962142439,0.58703529834747314,0.33416223526000977,0.68116480112075806,0,0
2,M2,1,late_mean,10,306,0.78104575163398693,0.68617830501704258,0.57619941234588623,0.32446035742759705,0.72921890020370483,0,0
2,M2,1,late_mean,12,340,0.93529411764705883,0.75269310585490912,0.27602678537368774,0.14535447955131531,0.81739205121994019,0,0
2,M2,1,late_mean,13,348,0.97126436781609193,0.89524620409966771,0.24569480121135712,0.11946990340948105,0.82141572237014771,0,0
2,M2,1,late_mean,18,403,0.91315136476426795,0.78434281634399461,0.30579927563667297,0.15789249539375305,0.8230552077293396,0,0
2,M2,1,late_mean,20,384,0.91145833333333337,0.74361869457737828,0.36027765274047852,0.18482302129268646,0.77442580461502075,0,0
2,M2,1,late_mean,24,410,0.96341463414634143,0.80821393801984487,0.24653533101081848,0.095267139375209808,0.8503645658493042,0,0
2,M2,2,late_mean,2,324,0.91049382716049387,0.71117702484347856,0.28250423073768616,0.1531619131565094,0.81352072954177856,0.10030470788478851,0.092592592592592587
2,M2,2,late_mean,4,336,0.91369047619047616,0.75272876196179916,0.32011565566062927,0.16805033385753632,0.7925567626953125,0.10233508795499802,0.074404761904761904
2,M2,2,late_mean,9,311,0.68810289389067525,0.55327896338774063,0.65366983413696289,0.3895258903503418,0.68725669384002686,0.16249316930770874,0.25080385852090031
2,M2,2,late_mean,10,306,0.73856209150326801,0.65086265759917095,0.58029288053512573,0.33100497722625732,0.73128366470336914,0.16380961239337921,0.22549019607843138
2,M2,2,late_mean,12,340,0.87058823529411766,0.70952888228873989,0.32528597116470337,0.18028181791305542,0.80049788951873779,0.093030534684658051,0.079411764705882348
2,M2,2,late_mean,13,348,0.91091954022988508,0.82772725507950662,0.29038211703300476,0.15093202888965607,0.81131595373153687,0.1032090038061142,0.089080459770114945
2,M2,2,late_mean,18,403,0.8982630272952854,0.77799527562431647,0.33946189284324646,0.17912444472312927,0.802997887134552,0.09136287122964859,0.054590570719602979
2,M2,2,late_mean,20,384,0.83333333333333337,0.71916009412975113,0.4295051097869873,0.23800851404666901,0.75657850503921509,0.12120667845010757,0.1171875
2,M2,2,late_mean,24,410,0.92439024390243907,0.79673996454337481,0.29102939367294312,0.12599244713783264,0.82768851518630981,0.076920434832572937,0.053658536585365853
2,M2,3,late_mean,2,324,0.87345679012345678,0.69088531909721074,0.30100014805793762,0.16633413732051849,0.81501543521881104,0.15045706927776337,0.13580246913580246
2,M2,3,late_mean,4,336,0.86904761904761907,0.63672605016776451,0.34754928946495056,0.18695381283760071,0.79181063175201416,0.15350264310836792,0.11904761904761904
2,M2,3,late_mean,9,311,0.65916398713826363,0.53705870341567485,0.70414632558822632,0.43028616905212402,0.7016715407371521,0.24373972415924072,0.28295819935691319
2,M2,3,late_mean,10,306,0.74183006535947715,0.63124354461284582,0.59839910268783569,0.34820342063903809,0.74744182825088501,0.24571439623832703,0.28758169934640521
2,M2,3,late_mean,12,340,0.83823529411764708,0.69371986102709948,0.35627478361129761,0.2032412588596344,0.79829299449920654,0.13954579830169678,0.11764705882352941
2,M2,3,late_mean,13,348,0.87931034482758619,0.72127804065629819,0.32086846232414246,0.1736987829208374,0.81217664480209351,0.15481351315975189,0.1206896551724138
2,M2,3,late_mean,18,403,0.86848635235732008,0.76271273382621996,0.36180993914604187,0.19526819884777069,0.79865622520446777,0.13704431056976318,0.10669975186104218
2,M2,3,late_mean,20,384,0.77864583333333337,0.59967835883622278,0.47480955719947815,0.2729777991771698,0.7586064338684082,0.18181002140045166,0.17708333333333334
2,M2,3,late_mean,24,410,0.90000000000000002,0.75932927852955712,0.31783801317214966,0.14542965590953827,0.82090920209884644,0.11538065224885941,0.087804878048780483
2,M2,5,late_mean,2,324,0.85802469135802473,0.62012841235458716,0.32571503520011902,0.18435937166213989,0.82018131017684937,0.20060941576957703,0.15740740740740741
2,M2,5,late_mean,4,336,0.8482142857142857,0.58173013901997639,0.38188615441322327,0.21014821529388428,0.79490327835083008,0.20467017590999603,0.13988095238095238
2,M2,5,late_mean,9,311,0.60771704180064312,0.47218498307544271,0.77295458316802979,0.47976556420326233,0.71948015689849854,0.32498633861541748,0.33762057877813506
2,M2,5,late_mean,10,306,0.73529411764705888,0.62640612959111919,0.63222211599349976,0.37468594312667847,0.76771652698516846,0.32761919498443604,0.30392156862745096
2,M2,5,late_mean,12,340,0.82058823529411762,0.6851338584404586,0.39367800951004028,0.22986455261707306,0.79961502552032471,0.1860610693693161,0.14117647058823529
2,M2,5,late_mean,13,348,0.86206896551724133,0.71144438163013968,0.35991290211677551,0.20115596055984497,0.81564754247665405,0.20641800761222839,0.13793103448275862
2,M2,5,late_mean,18,403,0.84119106699751856,0.74864874515048951,0.38890847563743591,0.2150970846414566,0.79847395420074463,0.18272574245929718,0.13399503722084366
2,M2,5,late_mean,20,384,0.74739583333333337,0.57879753007957113,0.53158921003341675,0.31353139877319336,0.76544886827468872,0.24241335690021515,0.21354166666666666
2,M2,5,late_mean,24,410,0.8878048780487805,0.75236156397381027,0.34925717115402222,0.16758328676223755,0.81687068939208984,0.15384088456630707,0.10000000000000001
2,M2,8,late_mean,2,324,0.84567901234567899,0.6136754525648741,0.34710237383842468,0.19907230138778687,0.8244890570640564,0.23404429852962494,0.16975308641975309
2,M2,8,late_mean,4,336,0.8303571428571429,0.57204881169237665,0.41057178378105164,0.22799500823020935,0.79789024591445923,0.23878189921379089,0.15773809523809523
2,M2,8,late_mean,9,311,0.6012861736334405,0.46819895407612078,0.83590590953826904,0.51759576797485352,0.73380094766616821,0.37915068864822388,0.35691318327974275
2,M2,8,late_mean,10,306,0.71895424836601307,0.61667095440784558,0.66926276683807373,0.39749884605407715,0.78236466646194458,0.38222235441207886,0.3235294117647059
2,M2,8,late_mean,12,340,0.81470588235294117,0.68264034713159683,0.42401674389839172,0.24964882433414459,0.80112648010253906,0.21707123517990112,0.14705882352941177
2,M2,8,late_mean,13,348,0.84195402298850575,0.67963336180507072,0.39370268583297729,0.22206656634807587,0.81920266151428223,0.24082100391387939,0.15804597701149425
2,M2,8,late_mean,18,403,0.82133995037220842,0.73861410192852928,0.41048014163970947,0.23036368191242218,0.79975879192352295,0.21318003535270691,0.15384615384615385
2,M2,8,late_mean,20,384,0.72135416666666663,0.55501598901300986,0.57976680994033813,0.34366956353187561,0.77179485559463501,0.28281557559967041,0.23958333333333334
2,M2,8,late_mean,24,410,0.87804878048780488,0.74701338690084496,0.37413403391838074,0.18386144936084747,0.81474190950393677,0.17948102951049805,0.10975609756097561
2,M2,16,late_mean,2,324,0.83950617283950613,0.61024535464591478,0.37312802672386169,0.21489012241363525,0.82919424772262573,0.26551249623298645,0.17592592592592593
2,M2,16,late_mean,4,336,0.8214285714285714,0.56442188301321428,0.44491890072822571,0.24653409421443939,0.80138003826141357,0.27088701725006104,0.16666666666666666
2,M2,16,late_mean,9,311,0.59485530546623799,0.46433084929618945,0.91991353034973145,0.556740403175354,0.74790173768997192,0.43012896180152893,0.36334405144694532
2,M2,16,late_mean,10,306,0.70588235294117652,0.60722287618760074,0.72607964277267456,0.42273911833763123,0.79712599515914917,0.43361365795135498,0.34313725490196079
2,M2,16,late_mean,12,340,0.80000000000000004,0.67462590571871972,0.45931395888328552,0.26975691318511963,0.80317568778991699,0.24625730514526367,0.16176470588235295
2,M2,16,late_mean,13,348,0.82758620689655171,0.66085821064454031,0.43646520376205444,0.24365146458148956,0.82356858253479004,0.27320030331611633,0.17241379310344829
2,M2,16,late_mean,18,403,0.81141439205955335,0.7332527341985241,0.43445020914077759,0.2462284117937088,0.80186355113983154,0.24184286594390869,0.16377171215880892
2,M2,16,late_mean,20,384,0.7109375,0.54947745023176053,0.63920670747756958,0.37430214881896973,0.77881211042404175,0.32084119319915771,0.25
2,M2,16,late_mean,24,410,0.86829268292682926,0.74192854977768097,0.40257447957992554,0.20028494298458099,0.81342905759811401,0.20361295342445374,0.11951219512195121
2,M2,32,late_mean,2,324,0.8364197530864198,0.60712160152216177,0.39180150628089905,0.22432327270507812,0.83198827505111694,0.28267690539360046,0.18209876543209877
2,M2,32,late_mean,4,336,0.8125,0.55955752915201173,0.46944981813430786,0.25735834240913391,0.80362141132354736,0.28839892148971558,0.17559523809523808
2,M2,32,late_mean,9,311,0.59485530546623799,0.46433282317778823,0.98805046081542969,0.57953894138336182,0.75568985939025879,0.45793524384498596,0.36655948553054662
2,M2,32,late_mean,10,306,0.70261437908496727,0.60446852901186221,0.77890944480895996,0.43804711103439331,0.80547177791595459,0.46164518594741821,0.34640522875816993
2,M2,32,late_mean,12,340,0.79117647058823526,0.67036343291725198,0.48364824056625366,0.28133288025856018,0.80470973253250122,0.2621769905090332,0.17058823529411765
2,M2,32,late_mean,13,348,0.82471264367816088,0.65913626941735159,0.46972915530204773,0.25620335340499878,0.82616835832595825,0.29086175560951233,0.17528735632183909
2,M2,32,late_mean,18,403,0.81141439205955335,0.7332527341985241,0.44971290230751038,0.2554934024810791,0.80315852165222168,0.25747719407081604,0.16377171215880892
2,M2,32,late_mean,20,384,0.70833333333333337,0.54790453400367189,0.68349391222000122,0.39193746447563171,0.78280848264694214,0.34158244729042053,0.25260416666666669
2,M2,32,late_mean,24,410,0.86097560975609755,0.73784683414922769,0.42203566431999207,0.20969396829605103,0.81296980381011963,0.2167758047580719,0.12682926829268293
2,M2,64,late_mean,2,324,0.83024691358024694,0.60391479028857276,0.4043736457824707,0.22948399186134338,0.83349776268005371,0.29165518283843994,0.18827160493827161
2,M2,64,late_mean,4,336,0.80654761904761907,0.55632262784139075,0.48595032095909119,0.26322045922279358,0.80488097667694092,0.29755902290344238,0.18154761904761904
2,M2,64,late_mean,9,311,0.59163987138263663,0.46261478108946202,1.0392441749572754,0.59187114238739014,0.75982636213302612,0.47248005867004395,0.36977491961414793
2,M2,64,late_mean,10,306,0.70261437908496727,0.60446852901186221,0.82425320148468018,0.44648751616477966,0.8098827600479126,0.47630792856216431,0.34640522875816993
2,M2,64,late_mean,12,340,0.78235294117647058,0.66602386954678972,0.49924200773239136,0.28755897283554077,0.80560910701751709,0.2705041766166687,0.17941176470588235
2,M2,64,late_mean,13,348,0.82183908045977017,0.65739914957678358,0.49460944533348083,0.26298779249191284,0.82760345935821533,0.30010002851486206,0.17816091954022989
2,M2,64,late_mean,18,403,0.81141439205955335,0.7332527341985241,0.45859768986701965,0.26051166653633118,0.80383598804473877,0.26565513014793396,0.16377171215880892
2,M2,64,late_mean,20,384,0.70052083333333337,0.54205597643097636,0.71439552307128906,0.4014226496219635,0.78498905897140503,0.35243174433708191,0.26302083333333331
2,M2,64,late_mean,24,410,0.86097560975609755,0.73784683414922769,0.43461146950721741,0.21474234759807587,0.81277757883071899,0.22366096079349518,0.12682926829268293
2,M2,100,late_mean,2,324,0.83024691358024694,0.60391479028857276,0.41008764505386353,0.23141999542713165,0.83408063650131226,0.29495537281036377,0.18827160493827161
2,M2,100,late_mean,4,336,0.80654761904761907,0.55632262784139075,0.4934278130531311,0.26540979743003845,0.8053596019744873,0.30092594027519226,0.18154761904761904
2,M2,100,late_mean,9,311,0.59163987138263663,0.46261478108946202,1.0640828609466553,0.596474289894104,0.76134872436523438,0.47782638669013977,0.36977491961414793
2,M2,100,late_mean,10,306,0.70261437908496727,0.60446852901186221,0.84893888235092163,0.44966480135917664,0.811504065990448,0.4816974401473999,0.34640522875816993
2,M2,100,late_mean,12,340,0.78235294117647058,0.66602386954678972,0.50586646795272827,0.28987699747085571,0.80595916509628296,0.27356505393981934,0.17941176470588235
2,M2,100,late_mean,13,348,0.82183908045977017,0.65739914957678358,0.50706940889358521,0.26551938056945801,0.82813137769699097,0.30349582433700562,0.17816091954022989
2,M2,100,late_mean,18,403,0.81141439205955335,0.7332527341985241,0.46206843852996826,0.26238590478897095,0.80408495664596558,0.26866111159324646,0.16377171215880892
2,M2,100,late_mean,20,384,0.69791666666666663,0.54043675865864027,0.72862714529037476,0.40495416522026062,0.78582757711410522,0.35641968250274658,0.265625
2,M2,100,late_mean,24,410,0.86097560975609755,0.73784683414922769,0.44005686044692993,0.21661987900733948,0.81270694732666016,0.22619184851646423,0.12682926829268293
2,M1,1,cpsa,2,324,0.94444444444444442,0.75234980129292506,0.19274911284446716,0.091991260647773743,0.88646650314331055,0,0
2,M1,1,cpsa,4,336,0.9196428571428571,0.82990023546232383,0.26115494966506958,0.13793675601482391,0.86252540349960327,0,0
2,M1,1,cpsa,9,311,0.7588424437299035,0.64594410117506929,0.63584482669830322,0.36518728733062744,0.80008524656295776,0,0
2,M1,1,cpsa,10,306,0.77777777777777779,0.60084184835797116,0.514271080493927,0.29347333312034607,0.83627122640609741,0,0
2,M1,1,cpsa,12,340,0.92941176470588238,0.72220429715470968,0.21457579731941223,0.11238683760166168,0.87201607227325439,0,0
2,M1,1,cpsa,13,348,0.94252873563218387,0.85030603585371745,0.2037801593542099,0.096667923033237457,0.88185769319534302,0,0
2,M1,1,cpsa,18,403,0.90074441687344908,0.77486472129841433,0.25868424773216248,0.13252227008342743,0.87549698352813721,0,0
2,M1,1,cpsa,20,384,0.9140625,0.72361236770624193,0.28726467490196228,0.14113743603229523,0.84388870000839233,0,0
2,M1,1,cpsa,24,410,0.92926829268292688,0.78663441723226768,0.23997971415519714,0.10412205010652542,0.89218300580978394,0,0
2,M1,2,cpsa,2,324,0.93827160493827155,0.74602302456675507,0.18095414340496063,0.09137561172246933,0.89855635166168213,0.075639888644218445,0.015432098765432098
2,M1,2,cpsa,4,336,0.92261904761904767,0.85975003570132869,0.24564778804779053,0.13336853682994843,0.88009697198867798,0.073631010949611664,0.023809523809523808
2,M1,2,cpsa,9,311,0.7588424437299035,0.68521437556607423,0.65355443954467773,0.3643222451210022,0.8287208080291748,0.092416770756244659,0.025723472668810289
2,M1,2,cpsa,10,306,0.73529411764705888,0.56203527370795114,0.570842444896698,0.33246335387229919,0.85098206996917725,0.10379645973443985,0.068627450980392163
2,M1,2,cpsa,12,340,0.92941176470588238,0.72193871142938582,0.19923807680606842,0.10963486135005951,0.88903093338012695,0.063157916069030762,0.011764705882352941
2,M1,2,cpsa,13,348,0.94827586206896552,0.87731513237227177,0.1942916065454483,0.093806318938732147,0.89714723825454712,0.071756660938262939,0.022988505747126436
2,M1,2,cpsa,18,403,0.89330024813895781,0.76987060630773418,0.2579282820224762,0.13907401263713837,0.89409691095352173,0.064714804291725159,0.022332506203473945
2,M1,2,cpsa,20,384,0.90625,0.71927842168080292,0.26320961117744446,0.13287739455699921,0.86718392372131348,0.086196638643741608,0.033854166666666664
2,M1,2,cpsa,24,410,0.93902439024390238,0.79256420744795197,0.21279987692832947,0.091535679996013641,0.90818303823471069,0.0547647625207901,0.0097560975609756097
2,M1,3,cpsa,2,324,0.92901234567901236,0.73150294831794238,0.1828152984380722,0.098303243517875671,0.90189570188522339,0.11693195998668671,0.030864197530864196
2,M1,3,cpsa,4,336,0.92261904761904767,0.87862860307855162,0.24233376979827881,0.13436008989810944,0.88833236694335938,0.10942352563142776,0.035714285714285712
2,M1,3,cpsa,9,311,0.752411575562701,0.69199427231942401,0.67009264230728149,0.3655829131603241,0.84141093492507935,0.13308610022068024,0.041800643086816719
2,M1,3,cpsa,10,306,0.71895424836601307,0.55425005617697087,0.61340290307998657,0.35955679416656494,0.86153626441955566,0.15748277306556702,0.091503267973856203
2,M1,3,cpsa,12,340,0.92352941176470593,0.71048260988258016,0.19512154161930084,0.11118463426828384,0.8962666392326355,0.091674268245697021,0.029411764705882353
2,M1,3,cpsa,13,348,0.94252873563218387,0.86264359109978594,0.19457615911960602,0.096193432807922363,0.90518224239349365,0.10689608007669449,0.040229885057471264
2,M1,3,cpsa,18,403,0.89330024813895781,0.78896535602839479,0.26294368505477905,0.14532528817653656,0.90272265672683716,0.095519796013832092,0.029776674937965261
2,M1,3,cpsa,20,384,0.890625,0.71209144662209967,0.25698694586753845,0.13372655212879181,0.87816017866134644,0.12699131667613983,0.049479166666666664
2,M1,3,cpsa,24,410,0.9463414634146341,0.79699974645891691,0.20083141326904297,0.085245780646800995,0.91544437408447266,0.081628359854221344,0.017073170731707318
2,M1,5,cpsa,2,324,0.91049382716049387,0.72896594522682368,0.19358368217945099,0.11387220770120621,0.90598058700561523,0.16376498341560364,0.061728395061728392
2,M1,5,cpsa,4,336,0.9107142857142857,0.87224253383640538,0.24309036135673523,0.13868217170238495,0.896037757396698,0.14604561030864716,0.047619047619047616
2,M1,5,cpsa,9,311,0.752411575562701,0.68058828700039531,0.69495862722396851,0.36789211630821228,0.85310959815979004,0.17168499529361725,0.057877813504823149
2,M1,5,cpsa,10,306,0.69607843137254899,0.5366687705555333,0.67374169826507568,0.39524102210998535,0.87691593170166016,0.21537047624588013,0.13071895424836602
2,M1,5,cpsa,12,340,0.92352941176470593,0.71048260988258016,0.19317080080509186,0.11457128077745438,0.90328836441040039,0.11896858364343643,0.029411764705882353
2,M1,5,cpsa,13,348,0.93103448275862066,0.85626763647998594,0.19942614436149597,0.10225986689329147,0.91354423761367798,0.1428835391998291,0.051724137931034482
2,M1,5,cpsa,18,403,0.88585607940446653,0.76515042002756084,0.27311748266220093,0.15374775230884552,0.91124612092971802,0.12628084421157837,0.042183622828784122
2,M1,5,cpsa,20,384,0.890625,0.77135348513799229,0.25479146838188171,0.13767975568771362,0.88951045274734497,0.16758187115192413,0.067708333333333329
2,M1,5,cpsa,24,410,0.948780487804878,0.79857450590769197,0.1898612380027771,0.078675225377082825,0.92312264442443848,0.10939857363700867,0.019512195121951219
2,M1,8,cpsa,2,324,0.86728395061728392,0.6962709095535774,0.21006409823894501,0.13282248377799988,0.91457450389862061,0.20025143027305603,0.11419753086419752
2,M1,8,cpsa,4,336,0.9017857142857143,0.86735217757340288,0.24727323651313782,0.14448383450508118,0.90246784687042236,0.17175981402397156,0.056547619047619048
2,M1,8,cpsa,9,311,0.7588424437299035,0.68385871979586021,0.71972000598907471,0.37005007266998291,0.8608667254447937,0.19687174260616302,0.070739549839228297
2,M1,8,cpsa,10,306,0.69281045751633985,0.53554207766615092,0.73275452852249146,0.42657536268234253,0.89147889614105225,0.25795188546180725,0.14705882352941177
2,M1,8,cpsa,12,340,0.9205882352941176,0.70909301744794517,0.19318398833274841,0.11795203387737274,0.90777021646499634,0.13678218424320221,0.038235294117647062
2,M1,8,cpsa,13,348,0.92241379310344829,0.85135663622070323,0.20673678815364838,0.10935389995574951,0.9205697774887085,0.16801391541957855,0.060344827586206899
2,M1,8,cpsa,18,403,0.88337468982630274,0.77369202602384346,0.28466182947158813,0.16095273196697235,0.91716325283050537,0.14723284542560577,0.049627791563275438
2,M1,8,cpsa,20,384,0.88802083333333337,0.77011687744208412,0.25607636570930481,0.14223949611186981,0.89761495590209961,0.1952282041311264,0.0703125
2,M1,8,cpsa,24,410,0.95853658536585362,0.82812048470976152,0.18329739570617676,0.074179939925670624,0.92884504795074463,0.12918365001678467,0.029268292682926831
2,M1,16,cpsa,2,324,0.86111111111111116,0.69067803641523895,0.24090169370174408,0.16217342019081116,0.93254202604293823,0.24076111614704132,0.12037037037037036
2,M1,16,cpsa,4,336,0.88988095238095233,0.83537255357250206,0.25658029317855835,0.15351845324039459,0.90957421064376831,0.19775012135505676,0.068452380952380959
2,M1,16,cpsa,9,311,0.7588424437299035,0.68385871979586021,0.75587785243988037,0.37271237373352051,0.86904454231262207,0.22071196138858795,0.070739549839228297
2,M1,16,cpsa,10,306,0.68627450980392157,0.53131354911040585,0.81953561305999756,0.46500316262245178,0.90894454717636108,0.30266192555427551,0.15686274509803921
2,M1,16,cpsa,12,340,0.91470588235294115,0.70587031572284609,0.19442978501319885,0.12215185910463333,0.91260850429534912,0.1534956693649292,0.044117647058823532
2,M1,16,cpsa,13,348,0.90804597701149425,0.84277821875686343,0.21947824954986572,0.11948290467262268,0.9286874532699585,0.19312304258346558,0.074712643678160925
2,M1,16,cpsa,18,403,0.87593052109181146,0.77074000160619649,0.30274903774261475,0.16948607563972473,0.92413955926895142,0.16771431267261505,0.062034739454094295
2,M1,16,cpsa,20,384,0.890625,0.77095767452536645,0.26018974184989929,0.14842824637889862,0.90676909685134888,0.22239698469638824,0.078125
2,M1,16,cpsa,24,410,0.96341463414634143,0.83125371833897066,0.17826224863529205,0.070250384509563446,0.93664014339447021,0.14962242543697357,0.039024390243902439
2,M1,32,cpsa,2,324,0.85802469135802473,0.68776174744219842,0.27336406707763672,0.1862574964761734,0.94437229633331299,0.26670157909393311,0.12345679012345678
2,M1,32,cpsa,4,336,0.8839285714285714,0.8215828824057817,0.26649203896522522,0.16076157987117767,0.91470146179199219,0.21308043599128723,0.077380952380952384
2,M1,32,cpsa,9,311,0.74598070739549838,0.66901594426465083,0.78860652446746826,0.37461403012275696,0.87379497289657593,0.23401619493961334,0.083601286173633438
2,M1,32,cpsa,10,306,0.68627450980392157,0.53149115154801041,0.89977079629898071,0.49183535575866699,0.92008042335510254,0.33004656434059143,0.16013071895424835
2,M1,32,cpsa,12,340,0.91470588235294115,0.70587031572284609,0.19581316411495209,0.12496994435787201,0.91522896289825439,0.16267578303813934,0.044117647058823532
2,M1,32,cpsa,13,348,0.90517241379310343,0.84105829363922113,0.23176383972167969,0.12710121273994446,0.9338146448135376,0.20772351324558258,0.077586206896551727
2,M1,32,cpsa,18,403,0.87096774193548387,0.7681312786624418,0.31984323263168335,0.17522576451301575,0.9287714958190918,0.17940504848957062,0.06699751861042183
2,M1,32,cpsa,20,384,0.88802083333333337,0.76970984600693593,0.26428735256195068,0.15296812355518341,0.91209334135055542,0.23803102970123291,0.080729166666666671
2,M1,32,cpsa,24,410,0.96341463414634143,0.83125371833897066,0.17672580480575562,0.068665534257888794,0.94176489114761353,0.16202861070632935,0.039024390243902439
2,M1,64,cpsa,2,324,0.85493827160493829,0.68475903848710862,0.30208200216293335,0.20239479839801788,0.95135855674743652,0.28179508447647095,0.12654320987654322
2,M1,64,cpsa,4,336,0.88095238095238093,0.81985200039425321,0.27499163150787354,0.16550432145595551,0.91782641410827637,0.22155448794364929,0.080357142857142863
2,M1,64,cpsa,9,311,0.74598070739549838,0.66901594426465083,0.81645727157592773,0.37583017349243164,0.87641066312789917,0.24113422632217407,0.083601286173633438
2,M1,64,cpsa,10,306,0.68627450980392157,0.53149115154801041,0.96850055456161499,0.50830668210983276,0.92645943164825439,0.3455657958984375,0.16013071895424835
2,M1,64,cpsa,12,340,0.91176470588235292,0.70425195608788538,0.1968255490064621,0.12663157284259796,0.91658884286880493,0.16751915216445923,0.047058823529411764
2,M1,64,cpsa,13,348,0.90517241379310343,0.84105829363922113,0.24204729497432709,0.13192017376422882,0.93669533729553223,0.21571248769760132,0.077586206896551727
2,M1,64,cpsa,18,403,0.87096774193548387,0.7681312786624418,0.33479705452919006,0.17867080867290497,0.93133682012557983,0.18573145568370819,0.06699751861042183
2,M1,64,cpsa,20,384,0.88020833333333337,0.76510099482422522,0.26726114749908447,0.15583805739879608,0.91519975662231445,0.24655187129974365,0.088541666666666671
2,M1,64,cpsa,24,410,0.96341463414634143,0.83125371833897066,0.17691925168037415,0.068226002156734467,0.94469344615936279,0.16904990375041962,0.039024390243902439
2,M1,100,cpsa,2,324,0.85493827160493829,0.68475903848710862,0.3171212375164032,0.20910908281803131,0.95416158437728882,0.28765869140625,0.12654320987654322
2,M1,100,cpsa,4,336,0.88095238095238093,0.81985200039425321,0.27939897775650024,0.16745297610759735,0.9190637469291687,0.22476400434970856,0.080357142857142863
2,M1,100,cpsa,9,311,0.74598070739549838,0.66901594426465083,0.83169847726821899,0.3763309121131897,0.87738341093063354,0.243787482380867,0.083601286173633438
2,M1,100,cpsa,10,306,0.68627450980392157,0.53149115154801041,1.0056576728820801,0.5148932933807373,0.92889386415481567,0.35152244567871094,0.16013071895424835
2,M1,100,cpsa,12,340,0.9088235294117647,0.70262769478263065,0.19726270437240601,0.12727949023246765,0.91710728406906128,0.16930918395519257,0.050000000000000003
2,M1,100,cpsa,13,348,0.90517241379310343,0.84105829363922113,0.24742850661277771,0.1338668167591095,0.93777871131896973,0.21872097253799438,0.077586206896551727
2,M1,100,cpsa,18,403,0.87096774193548387,0.7681312786624418,0.34315019845962524,0.1800321489572525,0.93229764699935913,0.18810109794139862,0.06699751861042183
2,M1,100,cpsa,20,384,0.88020833333333337,0.76510099482422522,0.26855307817459106,0.15700380504131317,0.91646701097488403,0.24975724518299103,0.088541666666666671
2,M1,100,cpsa,24,410,0.96341463414634143,0.83125371833897066,0.17740686237812042,0.068173572421073914,0.94582450389862061,0.17174707353115082,0.039024390243902439
2,M2,1,cpsa,2,324,0.94444444444444442,0.75234980129292506,0.19274911284446716,0.091991260647773743,0.88646650314331055,0,0
2,M2,1,cpsa,4,336,0.9196428571428571,0.82990023546232383,0.26115494966506958,0.13793675601482391,0.86252540349960327,0,0
2,M2,1,cpsa,9,311,0.7588424437299035,0.64594410117506929,0.63584482669830322,0.36518728733062744,0.80008524656295776,0,0
2,M2,1,cpsa,10,306,0.77777777777777779,0.60084184835797116,0.514271080493927,0.29347333312034607,0.83627122640609741,0,0
2,M2,1,cpsa,12,340,0.92941176470588238,0.72220429715470968,0.21457579731941223,0.11238683760166168,0.87201607227325439,0,0
2,M2,1,cpsa,13,348,0.94252873563218387,0.85030603585371745,0.2037801593542099,0.096667923033237457,0.88185769319534302,0,0
2,M2,1,cpsa,18,403,0.90074441687344908,0.77486472129841433,0.25868424773216248,0.13252227008342743,0.87549698352813721,0,0
2,M2,1,cpsa,20,384,0.9140625,0.72361236770624193,0.28726467490196228,0.14113743603229523,0.84388870000839233,0,0
2,M2,1,cpsa,24,410,0.92926829268292688,0.78663441723226768,0.23997971415519714,0.10412205010652542,0.89218300580978394,0,0
2,M2,2,cpsa,2,324,0.94135802469135799,0.75052819474013577,0.22146573662757874,0.10725858807563782,0.86839669942855835,0.076341219246387482,0.018518518518518517
2,M2,2,cpsa,4,336,0.89880952380952384,0.75848386539437207,0.28913569450378418,0.15029135346412659,0.84024631977081299,0.083531662821769714,0.020833333333333332
2,M2,2,cpsa,9,311,0.707395498392283,0.54905060277074247,0.63783758878707886,0.37206760048866272,0.77064782381057739,0.11868568509817123,0.070739549839228297
2,M2,2,cpsa,10,306,0.80065359477124187,0.70237373710976836,0.48317524790763855,0.26778709888458252,0.82006394863128662,0.11306175589561462,0.049019607843137254
2,M2,2,cpsa,12,340,0.92647058823529416,0.75025789020061462,0.24318535625934601,0.12564906477928162,0.85066759586334229,0.076771676540374756,0.023529411764705882
2,M2,2,cpsa,13,348,0.93390804597701149,0.82361662396071933,0.22745312750339508,0.10874532163143158,0.86483985185623169,0.080752454698085785,0.022988505747126436
2,M2,2,cpsa,18,403,0.91811414392059554,0.78678498547035802,0.27355241775512695,0.13586579263210297,0.85679560899734497,0.074486523866653442,0.02729528535980149
2,M2,2,cpsa,20,384,0.89322916666666663,0.72399662932414655,0.33145689964294434,0.16677837073802948,0.82032632827758789,0.099395878612995148,0.033854166666666664
2,M2,2,cpsa,24,410,0.92439024390243907,0.77935675153643758,0.27376976609230042,0.11904323101043701,0.87223809957504272,0.061728082597255707,0.014634146341463415
2,M2,3,cpsa,2,324,0.92901234567901236,0.72136531097158851,0.24368736147880554,0.12122069299221039,0.85837054252624512,0.11815605312585831,0.030864197530864196
2,M2,3,cpsa,4,336,0.88690476190476186,0.7236403230137195,0.30998405814170837,0.16048149764537811,0.82704383134841919,0.13293324410915375,0.044642857142857144
2,M2,3,cpsa,9,311,0.70096463022508038,0.53957335435022324,0.64940512180328369,0.37926208972930908,0.752982497215271,0.19681499898433685,0.10610932475884244
2,M2,3,cpsa,10,306,0.8202614379084967,0.70431226123268853,0.47777971625328064,0.26030194759368896,0.80816084146499634,0.1812543123960495,0.078431372549019607
2,M2,3,cpsa,12,340,0.9088235294117647,0.72956744809082696,0.26595216989517212,0.13874374330043793,0.83906054496765137,0.12398803979158401,0.055882352941176473
2,M2,3,cpsa,13,348,0.92528735632183912,0.80942398542279326,0.24716033041477203,0.1195015087723732,0.85341984033584595,0.12862710654735565,0.031609195402298854
2,M2,3,cpsa,18,403,0.91811414392059554,0.78631535803877084,0.28846865892410278,0.14340813457965851,0.84588289260864258,0.11891378462314606,0.039702233250620347
2,M2,3,cpsa,20,384,0.87239583333333337,0.73511614260573432,0.36594077944755554,0.18941950798034668,0.80908483266830444,0.15844975411891937,0.078125
2,M2,3,cpsa,24,410,0.92439024390243907,0.78748195966164569,0.29511076211929321,0.1289660781621933,0.8600122332572937,0.098126888275146484,0.021951219512195121
2,M2,5,cpsa,2,324,0.90740740740740744,0.70978299685508706,0.27429366111755371,0.1414501816034317,0.84756940603256226,0.16513150930404663,0.058641975308641972
2,M2,5,cpsa,4,336,0.88988095238095233,0.72120196726975383,0.33890494704246521,0.17564180493354797,0.8146510124206543,0.19162046909332275,0.068452380952380959
2,M2,5,cpsa,9,311,0.70096463022508038,0.53968128287429673,0.67578017711639404,0.39366611838340759,0.72830766439437866,0.29893592000007629,0.13826366559485531
2,M2,5,cpsa,10,306,0.83006535947712423,0.68971027736741297,0.48473766446113586,0.26118719577789307,0.79117774963378906,0.2668815553188324,0.10457516339869281
2,M2,5,cpsa,12,340,0.88235294117647056,0.7165199847599234,0.29929512739181519,0.15976694226264954,0.82676964998245239,0.18153314292430878,0.088235294117647065
2,M2,5,cpsa,13,348,0.91379310344827591,0.75016985904262012,0.27641558647155762,0.13641127943992615,0.83958345651626587,0.18641701340675354,0.060344827586206899
2,M2,5,cpsa,18,403,0.91066997518610426,0.78300283436268148,0.3121834397315979,0.15807284414768219,0.83213305473327637,0.17225593328475952,0.049627791563275438
2,M2,5,cpsa,20,384,0.84114583333333337,0.64424108729137186,0.4158804714679718,0.22320787608623505,0.79849123954772949,0.22893385589122772,0.11458333333333333
2,M2,5,cpsa,24,410,0.91463414634146345,0.78246905642651332,0.32205891609191895,0.14261388778686523,0.84533560276031494,0.14129652082920074,0.031707317073170732
2,M2,8,cpsa,2,324,0.88580246913580252,0.63622251888260017,0.30256575345993042,0.16048933565616608,0.84108912944793701,0.20144438743591309,0.086419753086419748
2,M2,8,cpsa,4,336,0.87797619047619047,0.68637998597826311,0.36623415350914001,0.19117005169391632,0.8049854040145874,0.23931728303432465,0.092261904761904767
2,M2,8,cpsa,9,311,0.68167202572347263,0.48598258809860534,0.71062123775482178,0.41435706615447998,0.70514631271362305,0.39076197147369385,0.18327974276527331
2,M2,8,cpsa,10,306,0.84640522875816993,0.69894471392715241,0.50374853610992432,0.27388477325439453,0.77565860748291016,0.34242796897888184,0.13725490196078433
2,M2,8,cpsa,12,340,0.86764705882352944,0.70895633480683584,0.33252263069152832,0.18198293447494507,0.81774955987930298,0.2296137809753418,0.10882352941176471
2,M2,8,cpsa,13,348,0.91666666666666663,0.75181441661938109,0.30606579780578613,0.1550590842962265,0.82747107744216919,0.23485583066940308,0.063218390804597707
2,M2,8,cpsa,18,403,0.8982630272952854,0.77729640635313568,0.33685824275016785,0.17508184909820557,0.82080799341201782,0.21627862751483917,0.064516129032258063
2,M2,8,cpsa,20,384,0.8203125,0.61797796592516596,0.46528986096382141,0.25665673613548279,0.79046231508255005,0.28680488467216492,0.140625
2,M2,8,cpsa,24,410,0.91219512195121955,0.77727425123170812,0.34581789374351501,0.15590912103652954,0.83385562896728516,0.1764235645532608,0.041463414634146344
2,M2,16,cpsa,2,324,0.87037037037037035,0.62628353615827559,0.34054473042488098,0.18585827946662903,0.83605653047561646,0.24212118983268738,0.10493827160493827
2,M2,16,cpsa,4,336,0.8482142857142857,0.57866138967292036,0.4040890634059906,0.21449235081672668,0.79968082904815674,0.29512348771095276,0.13988095238095238
2,M2,16,cpsa,9,311,0.64308681672025725,0.49021852494162843,0.77549850940704346,0.45762962102890015,0.70770007371902466,0.50987464189529419,0.36012861736334406
2,M2,16,cpsa,10,306,0.77124183006535951,0.65233793075792168,0.54940247535705566,0.31105700135231018,0.77296674251556396,0.44019865989685059,0.23529411764705882
2,M2,16,cpsa,12,340,0.8411764705882353,0.6961357173992071,0.38128584623336792,0.21551845967769623,0.80838382244110107,0.28770670294761658,0.14117647058823529
2,M2,16,cpsa,13,348,0.87068965517241381,0.69628339060061306,0.35114011168479919,0.18601305782794952,0.8188202977180481,0.2941029965877533,0.1206896551724138
2,M2,16,cpsa,18,403,0.86600496277915628,0.76160803948246036,0.37367933988571167,0.20197351276874542,0.80954563617706299,0.26891493797302246,0.10421836228287841
2,M2,16,cpsa,20,384,0.79166666666666663,0.59294079840273317,0.53795838356018066,0.30455237627029419,0.78235596418380737,0.35598921775817871,0.16927083333333334
2,M2,16,cpsa,24,410,0.90243902439024393,0.76042795011958819,0.37719073891639709,0.17524629831314087,0.82262486219406128,0.21776869893074036,0.06097560975609756
2,M2,32,cpsa,2,324,0.85802469135802473,0.61941051684595227,0.37097257375717163,0.20535360276699066,0.83371001482009888,0.26876777410507202,0.11728395061728394
2,M2,32,cpsa,4,336,0.8303571428571429,0.56908014731445589,0.43571332097053528,0.2347431480884552,0.80061137676239014,0.33302602171897888,0.16071428571428573
2,M2,32,cpsa,9,311,0.63344051446945338,0.48538821307487351,0.84745752811431885,0.50577646493911743,0.7273174524307251,0.59858357906341553,0.38263665594855306
2,M2,32,cpsa,10,306,0.73856209150326801,0.62989080501553274,0.60794323682785034,0.35700181126594543,0.78527557849884033,0.5134926438331604,0.27450980392156865
2,M2,32,cpsa,12,340,0.82058823529411762,0.68561959221822555,0.42454367876052856,0.24450767040252686,0.80500400066375732,0.32865092158317566,0.16176470588235295
2,M2,32,cpsa,13,348,0.85919540229885061,0.69054533558748732,0.39377102255821228,0.21553364396095276,0.82000607252120972,0.33630567789077759,0.13793103448275862
2,M2,32,cpsa,18,403,0.84119106699751856,0.74901752765846197,0.4058622419834137,0.22559767961502075,0.80468004941940308,0.30557796359062195,0.12903225806451613
2,M2,32,cpsa,20,384,0.74479166666666663,0.56691688540097296,0.60332685708999634,0.34451055526733398,0.77890807390213013,0.4044547975063324,0.21875
2,M2,32,cpsa,24,410,0.88536585365853659,0.75165930208953857,0.40268898010253906,0.19175946712493896,0.81617379188537598,0.2461860328912735,0.078048780487804878
2,M2,64,cpsa,2,324,0.84876543209876543,0.61369144379012808,0.39288583397865295,0.21835696697235107,0.83353638648986816,0.28467443585395813,0.12654320987654322
2,M2,64,cpsa,4,336,0.81547619047619047,0.56115365510894699,0.45983079075813293,0.24940173327922821,0.80254161357879639,0.35613161325454712,0.17559523809523808
2,M2,64,cpsa,9,311,0.61093247588424437,0.47308768448120458,0.91672056913375854,0.54554653167724609,0.74220716953277588,0.65586918592453003,0.40514469453376206
2,M2,64,cpsa,10,306,0.72875816993464049,0.62245529948178335,0.67009091377258301,0.39615771174430847,0.79675740003585815,0.56115525960922241,0.2908496732026144
2,M2,64,cpsa,12,340,0.80882352941176472,0.67964079558747637,0.45866358280181885,0.26543912291526794,0.80510497093200684,0.35438886284828186,0.17352941176470588
2,M2,64,cpsa,13,348,0.83620689655172409,0.66607504020918429,0.43084818124771118,0.23811572790145874,0.82278239727020264,0.36289018392562866,0.16091954022988506
2,M2,64,cpsa,18,403,0.82630272952853601,0.74113994471391298,0.43018686771392822,0.24264270067214966,0.80374407768249512,0.32837945222854614,0.14392059553349876
2,M2,64,cpsa,20,384,0.72395833333333337,0.55515491047114007,0.65627890825271606,0.37290146946907043,0.78160542249679565,0.43483051657676697,0.23958333333333334
2,M2,64,cpsa,24,410,0.87560975609756098,0.74583495460285443,0.42165020108222961,0.20367886126041412,0.81354564428329468,0.26374101638793945,0.087804878048780483
2,M2,100,cpsa,2,324,0.83333333333333337,0.60548166036230788,0.40294349193572998,0.22383385896682739,0.83387994766235352,0.2909717857837677,0.1419753086419753
2,M2,100,cpsa,4,336,0.81547619047619047,0.56115365510894699,0.47166380286216736,0.25584360957145691,0.80367988348007202,0.36537265777587891,0.17559523809523808
2,M2,100,cpsa,9,311,0.59485530546623799,0.46433282317778823,0.95663344860076904,0.5640871524810791,0.74928700923919678,0.6794586181640625,0.4212218649517685
2,M2,100,cpsa,10,306,0.71568627450980393,0.61294949696930023,0.70872646570205688,0.41460946202278137,0.80217546224594116,0.58086729049682617,0.30392156862745096
2,M2,100,cpsa,12,340,0.79411764705882348,0.67216496978615747,0.47534918785095215,0.27464675903320312,0.80528378486633301,0.36488291621208191,0.18823529411764706
2,M2,100,cpsa,13,348,0.83045977011494254,0.6627189106804573,0.45114138722419739,0.24829579889774323,0.82455551624298096,0.37370634078979492,0.16666666666666666
2,M2,100,cpsa,18,403,0.81885856079404462,0.73725605971356456,0.44152814149856567,0.25011202692985535,0.80367177724838257,0.33761018514633179,0.15136476426799009
2,M2,100,cpsa,20,384,0.71875,0.55207273598702422,0.68300724029541016,0.38530635833740234,0.78308504819869995,0.44719183444976807,0.24479166666666666
2,M2,100,cpsa,24,410,0.86829268292682926,0.74199049383269478,0.43057644367218018,0.20892888307571411,0.81292957067489624,0.27082884311676025,0.095121951219512196
