dataset,seed,source,operator,k,eta,n_test,n_boundary_degenerate,frac_boundary_degenerate,mean_l1_exact_vs_clean,max_l1_exact_vs_clean,mean_l1_near_vs_clean,max_l1_near_vs_clean,mean_l1_near_vs_exact,max_l1_near_vs_exact,flip_rate_near_vs_clean,flip_count_near_vs_clean,flip_rate_near_vs_exact,flip_count_near_vs_exact,mean_single_copy_l1,mean_maxdir_single_copy_l1,max_maxdir_single_copy_l1,mean_token_l1_to_p,max_token_l1_to_p,frac_token_l1_ge_90pct_eta,movement_ratio,trajectory_error_ratio
MHEALTH,0,M1,late_product,2,0.01,1987,0,0.0,0.0822332537418612,1.9300316666467274,0.08248340760524261,1.93003101472083,0.004512253291230388,0.7845505504775336,0.03975842979365878,79,0.001509813789632612,3,0.006964023046983874,0.009630569355821503,1.0400469455775376,0.00654564514235058,0.01,0.571716155007549,1.0030420037150258,0.054871394307159774
MHEALTH,0,M1,late_mean,2,0.01,1987,0,0.0,0.11649451591359482,0.3332257842726509,0.11649451593492102,0.3332257842726509,5.132351379989678e-11,2.9802322387695312e-08,0.07800704579768496,155,0.0,0,0.0021818804843232336,0.002181886859101102,0.0033333972096443176,0.00654564514235058,0.01,0.571716155007549,1.0000000001830662,4.40565921901113e-10
MHEALTH,0,M1,cpsa,2,0.01,1987,0,0.0,0.16467449102518752,0.6436220421111758,0.16465107530057735,0.6436265739386688,3.6461482644265607e-05,0.0006180889202234141,0.09159536990437846,182,0.0,0,0.0025381320996651323,0.002549835444990272,0.009102927727730803,0.00654564514235058,0.01,0.571716155007549,0.9998578059997976,0.00022141548710594586
MHEALTH,0,M1,late_product,2,0.05,1987,0,0.0,0.0822332537418612,1.9300316666467274,0.08249022796847089,1.93003101472083,0.010059359377737307,0.7848741933317275,0.038751887267237044,77,0.004529441368897836,9,0.0114582954948002,0.015850789624328263,1.0400469455775376,0.023103437005441096,0.05,0.36436839456467035,1.0031249429508937,0.12232714771708644
MHEALTH,0,M1,late_mean,2,0.05,1987,0,0.0,0.11649451591359482,0.3332257842726509,0.11649451588922201,0.3332257842726509,3.5621799532348446e-11,7.450580596923828e-09,0.07800704579768496,155,0.0,0,0.007701143370973097,0.007701154457905724,0.016666725277900696,0.023103437005441096,0.05,0.36436839456467035,0.9999999997907815,3.0578091383090945e-10
MHEALTH,0,M1,cpsa,2,0.05,1987,0,0.0,0.16467449102518752,0.6436220421111758,0.16432504072051848,0.6437364581111951,0.0005648658266907503,0.005340912456636815,0.09159536990437846,182,0.0,0,0.00883520051908122,0.009013258682991533,0.04492735736573053,0.023103437005441096,0.05,0.36436839456467035,0.9978779329907533,0.003430196281003547
MHEALTH,0,M1,late_product,3,0.01,1987,0,0.0,0.11283892515951467,1.9950238266593305,0.11152417881732338,1.9950238264707592,0.0029033146376700406,0.7838569692459959,0.05385002516356316,107,0.0005032712632108706,1,0.006964023046983874,0.009630569355821503,1.0400469455775376,0.00654564514235058,0.01,0.571716155007549,0.9883484680456438,0.025729726099090112
MHEALTH,0,M1,late_mean,3,0.01,1987,0,0.0,0.18639122456402785,0.5331612682296427,0.1863912246716522,0.5331612682296427,8.136721457095822e-10,5.960464477539063e-08,0.09159536990437846,182,0.0,0,0.0021818804843232336,0.002181886859101102,0.0033333972096443176,0.00654564514235058,0.01,0.571716155007549,1.000000000577411,4.365399431291762e-09
MHEALTH,0,M1,cpsa,3,0.01,1987,0,0.0,0.24935769647487735,0.8991448872057679,0.24933741626918302,0.8991485249592548,2.8878869786276085e-05,0.0003876605937289668,0.10266733769501761,204,0.0,0,0.0025381320996651323,0.002549835444990272,0.009102927727730803,0.00654564514235058,0.01,0.571716155007549,0.9999186702236144,0.000115813027608657
MHEALTH,0,M1,late_product,3,0.05,1987,0,0.0,0.11283892515951467,1.9950238266593305,0.11306827212867325,1.9950238264707592,0.005365684748418619,0.7838569692459959,0.05435329642677403,108,0.0010065425264217413,2,0.0114582954948002,0.015850789624328263,1.0400469455775376,0.023103437005441096,0.05,0.36436839456467035,1.0020325164284787,0.047551717998318595
MHEALTH,0,M1,late_mean,3,0.05,1987,0,0.0,0.18639122456402785,0.5331612682296427,0.18639122445100798,0.5331612682296427,7.102048793047674e-10,5.960464477539063e-08,0.09159536990437846,182,0.0,0,0.007701143370973097,0.007701154457905724,0.016666725277900696,0.023103437005441096,0.05,0.36436839456467035,0.9999999993936417,3.810291396314115e-09
MHEALTH,0,M1,cpsa,3,0.05,1987,0,0.0,0.24935769647487735,0.8991448872057679,0.24903601582082874,0.8992359464289492,0.00046238712011295054,0.0036659888783727723,0.10266733769501761,204,0.0,0,0.00883520051908122,0.009013258682991533,0.04492735736573053,0.023103437005441096,0.05,0.36436839456467035,0.9987099630025615,0.0018543126065472609
MHEALTH,0,M1,late_product,5,0.01,1987,0,0.0,0.14967795240897064,1.9998593688472663,0.15112123068691272,1.9999740003217001,0.0026563268649092133,1.0266174356022093,0.07297433316557625,145,0.0020130850528434826,4,0.006964023046983874,0.009630569355821503,1.0400469455775376,0.00654564514235058,0.01,0.571716155007549,1.0096425576025958,0.017746948178788767
MHEALTH,0,M1,late_mean,5,0.01,1987,0,0.0,0.2662731789154729,0.7616589477285101,0.26627317993956223,0.7616589477285101,1.0057524375482575e-08,1.1920940323761897e-07,0.0996477101157524,198,0.0,0,0.0021818804843232336,0.002181886859101102,0.0033333972096443176,0.00654564514235058,0.01,0.571716155007549,1.00000000384601,3.7771451170736527e-08
MHEALTH,0,M1,cpsa,5,0.01,1987,0,0.0,0.32667981578024385,1.231308101395701,0.3266551774781702,1.2312760606988498,3.234734510570965e-05,0.00032339327639263615,0.11222949169602416,223,0.0,0,0.0025381320996651323,0.002549835444990272,0.009102927727730803,0.00654564514235058,0.01,0.571716155007549,0.9999245796621539,9.90184992863764e-05
MHEALTH,0,M1,late_product,5,0.05,1987,0,0.0,0.14967795240897064,1.9998593688472663,0.15184351921794384,1.9999740003217001,0.003434786877576086,1.0266174356022093,0.07347760442878712,146,0.0025163563160543532,5,0.0114582954948002,0.015850789624328263,1.0400469455775376,0.023103437005441096,0.05,0.36436839456467035,1.0144681749991886,0.02294784784462504
MHEALTH,0,M1,late_mean,5,0.05,1987,0,0.0,0.2662731789154729,0.7616589477285101,0.26627317969138137,0.7616589477285101,8.634292871798679e-09,1.1920940323761897e-07,0.0996477101157524,198,0.0,0,0.007701143370973097,0.007701154457905724,0.016666725277900696,0.023103437005441096,0.05,0.36436839456467035,1.0000000029139564,3.2426446054259156e-08
MHEALTH,0,M1,cpsa,5,0.05,1987,0,0.0,0.32667981578024385,1.231308101395701,0.32627319615697253,1.2310449918998287,0.0005337341446148054,0.0038896993754633513,0.11222949169602416,223,0.0,0,0.00883520051908122,0.009013258682991533,0.04492735736573053,0.023103437005441096,0.05,0.36436839456467035,0.998755296153513,0.001633814269608399
MHEALTH,0,M1,late_product,8,0.01,1987,0,0.0,0.18359650674899985,2.000000129163299,0.18374432600999216,2.0000001293368497,0.00019964831503748955,0.17592661175877017,0.08857574232511324,176,0.0,0,0.006964023046983874,0.009630569355821503,1.0400469455775376,0.00654564514235058,0.01,0.571716155007549,1.0008051311193757,0.0010874298131959264
MHEALTH,0,M1,late_mean,8,0.01,1987,0,0.0,0.32618464039767975,0.9330322176645107,0.32618464289174814,0.9330322176645107,3.6311459763972424e-08,1.4901161193847656e-07,0.10619023653749371,211,0.0,0,0.0021818804843232336,0.002181886859101102,0.0033333972096443176,0.00654564514235058,0.01,0.571716155007549,1.000000007646186,1.1132179528656531e-07
MHEALTH,0,M1,cpsa,8,0.01,1987,0,0.0,0.37022820251084976,1.5187121943151842,0.3701967516917344,1.5186510540815417,3.916344549619313e-05,0.00028593981245528255,0.1217916456970307,242,0.0,0,0.0025381320996651323,0.002549835444990272,0.009102927727730803,0.00654564514235058,0.01,0.571716155007549,0.9999150501801265,0.0001057819075656329
MHEALTH,0,M1,late_product,8,0.05,1987,0,0.0,0.18359650674899985,2.000000129163299,0.18421843333504406,2.0000001293368497,0.001872061046135565,0.9804842177249257,0.08907901358832411,177,0.001509813789632612,3,0.0114582954948002,0.015850789624328263,1.0400469455775376,0.023103437005441096,0.05,0.36436839456467035,1.0033874641574443,0.010196604931568301
MHEALTH,0,M1,late_mean,8,0.05,1987,0,0.0,0.32618464039767975,0.9330322176645107,0.3261846422805531,0.9330322176645107,2.915147805797039e-08,1.4901161193847656e-07,0.10619023653749371,211,0.0,0,0.007701143370973097,0.007701154457905724,0.016666725277900696,0.023103437005441096,0.05,0.36436839456467035,1.0000000057724157,8.937109369230052e-08
MHEALTH,0,M1,cpsa,8,0.05,1987,0,0.0,0.37022820251084976,1.5187121943151842,0.36970534513763337,1.5185988824586074,0.0006573947001715011,0.005707885162237858,0.12128837443381983,241,0.0005032712632108706,1,0.00883520051908122,0.009013258682991533,0.04492735736573053,0.023103437005441096,0.05,0.36436839456467035,0.9985877429929151,0.0017756472783897002
MHEALTH,0,M1,late_product,16,0.01,1987,0,0.0,0.21639180034872155,2.00000012935331,0.21639990137060874,2.00000012935331,8.505244441877363e-06,0.004288911819458008,0.10518369401107197,209,0.0,0,0.006964023046983874,0.009630569355821503,1.0400469455775376,0.00654564514235058,0.01,0.571716155007549,1.0000374368246585,3.9304837004779846e-05
MHEALTH,0,M1,late_mean,16,0.01,1987,0,0.0,0.38831504872188727,1.1107525570704262,0.3883150528505845,1.1107526765125464,8.691389029315974e-08,3.0174851417541504e-07,0.11373930548565676,226,0.0,0,0.0021818804843232336,0.002181886859101102,0.0033333972096443176,0.00654564514235058,0.01,0.571716155007549,1.000000010632339,2.2382313170512174e-07
MHEALTH,0,M1,cpsa,16,0.01,1987,0,0.0,0.40347919551142397,1.7439625661280838,0.40344658451530596,1.7438751992974089,3.9206595807117e-05,0.0002566744388152742,0.1303472571716155,259,0.0,0,0.0025381320996651323,0.002549835444990272,0.009102927727730803,0.00654564514235058,0.01,0.571716155007549,0.999919175520124,9.717129468700677e-05
MHEALTH,0,M1,late_product,16,0.05,1987,0,0.0,0.21639180034872155,2.00000012935331,0.21659734124615365,2.00000012935331,0.0002159540354308595,0.11541298031806946,0.10518369401107197,209,0.0,0,0.0114582954948002,0.015850789624328263,1.0400469455775376,0.023103437005441096,0.05,0.36436839456467035,1.0009498552953526,0.0009979769801020345
MHEALTH,0,M1,late_mean,16,0.05,1987,0,0.0,0.38831504872188727,1.1107525570704262,0.3883150516129613,1.1107526765125464,9.44518849113044e-08,3.0174851417541504e-07,0.11373930548565676,226,0.0,0,0.007701143370973097,0.007701154457905724,0.016666725277900696,0.023103437005441096,0.05,0.36436839456467035,1.0000000074451765,2.432351906581689e-07
MHEALTH,0,M1,cpsa,16,0.05,1987,0,0.0,0.40347919551142397,1.7439625661280838,0.40294797644567554,1.7438009389597942,0.0006510537194057371,0.0049636493258873315,0.1303472571716155,259,0.0,0,0.00883520051908122,0.009013258682991533,0.04492735736573053,0.023103437005441096,0.05,0.36436839456467035,0.9986834040722345,0.0016135992305142369
MHEALTH,0,M1,late_product,32,0.01,1987,0,0.0,0.24000482582681826,2.00000012935331,0.2400070929879042,2.00000012935331,2.9185883952916998e-06,0.0019812285900115967,0.11575239053850025,230,0.0,0,0.006964023046983874,0.009630569355821503,1.0400469455775376,0.00654564514235058,0.01,0.571716155007549,1.0000094463145819,1.2160540460955912e-05
MHEALTH,0,M1,late_mean,32,0.01,1987,0,0.0,0.4248623404423514,1.2152942768035646,0.424862347577171,1.2152939793624173,1.802676305838767e-07,5.960609996691346e-07,0.12330145948666331,245,0.0,0,0.0021818804843232336,0.002181886859101102,0.0033333972096443176,0.00654564514235058,0.01,0.571716155007549,1.0000000167932503,4.242965624964277e-07
MHEALTH,0,M1,cpsa,32,0.01,1987,0,0.0,0.41814903860739283,1.819547307920757,0.418117922264097,1.8194537953631271,3.7613265646544645e-05,0.00022441071612040253,0.13537996980372421,269,0.0,0,0.0025381320996651323,0.002549835444990272,0.009102927727730803,0.00654564514235058,0.01,0.571716155007549,0.9999255855199394,8.995181663411732e-05
MHEALTH,0,M1,late_product,32,0.05,1987,0,0.0,0.24000482582681826,2.00000012935331,0.24006112586811146,2.00000012935331,7.281716952450005e-05,0.04883572459220886,0.11575239053850025,230,0.0,0,0.0114582954948002,0.015850789624328263,1.0400469455775376,0.023103437005441096,0.05,0.36436839456467035,1.0002345787885691,0.0003033987723940317
MHEALTH,0,M1,late_mean,32,0.05,1987,0,0.0,0.4248623404423514,1.2152942768035646,0.4248623484342034,1.2152939793624173,2.1310600831987183e-07,5.960609996691346e-07,0.12330145948666331,245,0.0,0,0.007701143370973097,0.007701154457905724,0.016666725277900696,0.023103437005441096,0.05,0.36436839456467035,1.0000000188104505,5.015883688302275e-07
MHEALTH,0,M1,cpsa,32,0.05,1987,0,0.0,0.41814903860739283,1.819547307920757,0.4176777394152655,1.8193742837249207,0.0005861390847094025,0.004111892863548405,0.13537996980372421,269,0.0,0,0.00883520051908122,0.009013258682991533,0.04492735736573053,0.023103437005441096,0.05,0.36436839456467035,0.9988728918433079,0.0014017468189368202
MHEALTH,0,M1,late_product,64,0.01,1987,0,0.0,0.2622534586955609,2.00000012935331,0.26225478077591335,2.00000012935331,1.3377089522988434e-06,0.00042706727981567383,0.12732762959235028,253,0.0,0,0.006964023046983874,0.009630569355821503,1.0400469455775376,0.00654564514235058,0.01,0.571716155007549,1.0000050412313304,5.1008248240177985e-06
MHEALTH,0,M1,late_mean,64,0.01,1987,0,0.0,0.4447972595188783,1.2723171111046678,0.4447972126031374,1.272316632986941,4.4261347398707747e-07,1.1920938050025143e-06,0.1253145445395068,249,0.0,0,0.0021818804843232336,0.002181886859101102,0.0033333972096443176,0.00654564514235058,0.01,0.571716155007549,0.9999998945233141,9.95090379976345e-07
MHEALTH,0,M1,cpsa,64,0.01,1987,0,0.0,0.4248549927343111,1.8472646005838542,0.424825979763001,1.8471695064494602,3.5730293258020717e-05,0.00019759472882441287,0.1373930548565677,273,0.0,0,0.0025381320996651323,0.002549835444990272,0.009102927727730803,0.00654564514235058,0.01,0.571716155007549,0.9999317108853462,8.409997262375388e-05
MHEALTH,0,M1,late_product,64,0.05,1987,0,0.0,0.2622534586955609,2.00000012935331,0.26228629048505353,2.00000012935331,3.31836579831232e-05,0.010334193706512451,0.12732762959235028,253,0.0,0,0.0114582954948002,0.015850789624328263,1.0400469455775376,0.023103437005441096,0.05,0.36436839456467035,1.000125191063851,0.00012653277538522275
MHEALTH,0,M1,late_mean,64,0.05,1987,0,0.0,0.4447972595188783,1.2723171111046678,0.44479721296263636,1.272316632986941,4.4907273739964715e-07,1.1920938050025143e-06,0.1253145445395068,249,0.0,0,0.007701143370973097,0.007701154457905724,0.016666725277900696,0.023103437005441096,0.05,0.36436839456467035,0.9999998953315451,1.0096121947455197e-06
MHEALTH,0,M1,cpsa,64,0.05,1987,0,0.0,0.4248549927343111,1.8472646005838542,0.42448220574583584,1.847087249814411,0.0005100315358215121,0.0034555945823235845,0.1373930548565677,273,0.0,0,0.00883520051908122,0.009013258682991533,0.04492735736573053,0.023103437005441096,0.05,0.36436839456467035,0.9991225547660955,0.0012004837992817643
MHEALTH,0,M1,late_product,100,0.01,1987,0,0.0,0.2743016297723244,2.00000012935331,0.27430312721765004,2.00000012935331,1.4989264996851447e-06,0.0006906092166900635,0.1338701560140916,266,0.0,0,0.006964023046983874,0.009630569355821503,1.0400469455775376,0.00654564514235058,0.01,0.571716155007549,1.0000054591193164,5.46451911689071e-06
MHEALTH,0,M1,late_mean,100,0.01,1987,0,0.0,0.4522727592439513,1.293700416112968,0.45227279784657864,1.2937000604641598,6.638900098855105e-07,1.7881393432617188e-06,0.12833417211877202,255,0.0,0,0.0021818804843232336,0.002181886859101102,0.0033333972096443176,0.00654564514235058,0.01,0.571716155007549,1.0000000853525368,1.4678974055287177e-06
MHEALTH,0,M1,cpsa,100,0.01,1987,0,0.0,0.42715678668081003,1.8556722142093243,0.4271296998132585,1.855575527714778,3.3966520309125225e-05,0.0001829597539018124,0.1404126824358329,279,0.0,0,0.0025381320996651323,0.002549835444990272,0.009102927727730803,0.00654564514235058,0.01,0.571716155007549,0.9999365879967353,7.951768851212582e-05
MHEALTH,0,M1,late_product,100,0.05,1987,0,0.0,0.2743016297723244,2.00000012935331,0.2743391105909399,2.00000012935331,3.7480818615485654e-05,0.01657181978225708,0.1338701560140916,266,0.0,0,0.0114582954948002,0.015850789624328263,1.0400469455775376,0.023103437005441096,0.05,0.36436839456467035,1.0001366408892525,0.0001366408892524461
MHEALTH,0,M1,late_mean,100,0.05,1987,0,0.0,0.4522727592439513,1.293700416112968,0.45227279666520037,1.2937000604641598,6.53592263219386e-07,1.7881393432617188e-06,0.12833417211877202,255,0.0,0,0.007701143370973097,0.007701154457905724,0.016666725277900696,0.023103437005441096,0.05,0.36436839456467035,1.0000000827404445,1.4451285200372746e-06
MHEALTH,0,M1,cpsa,100,0.05,1987,0,0.0,0.42715678668081003,1.8556722142093243,0.42685731466981014,1.855493020971982,0.0004736121139278911,0.0029994121258702933,0.1404126824358329,279,0.0,0,0.00883520051908122,0.009013258682991533,0.04492735736573053,0.023103437005441096,0.05,0.36436839456467035,0.9992989178204872,0.0011087547446174476
MHEALTH,0,M2,late_product,2,0.01,1987,0,0.0,0.16967782504217802,1.9999051378893347,0.16974220707634788,1.9999051044337979,0.001357502013858455,0.43817198907760263,0.08454957221942627,168,0.0,0,0.009494824238228037,0.012956858842561475,1.023322528258896,0.005024355739398024,0.01,0.431806743834927,1.0003794369367587,0.008000468025335727
MHEALTH,0,M2,late_mean,2,0.01,1987,0,0.0,0.13358603448612746,0.3333188859617109,0.13358603446433256,0.33331888619454153,3.819969291955787e-11,5.960464477539063e-08,0.16305988928032208,324,0.0,0,0.001674784123278417,0.0016747911691933853,0.0033333897590637207,0.005024355739398024,0.01,0.431806743834927,0.9999999998368475,2.8595573681412634e-10
MHEALTH,0,M2,cpsa,2,0.01,1987,0,0.0,0.20529789328006964,0.7047879585151013,0.2052740001131084,0.704796260259489,3.7898343764020676e-05,0.0012793682180483046,0.1545042778057373,307,0.0,0,0.0020321879497936196,0.0020408127237727183,0.009543673170645306,0.005024355739398024,0.01,0.431806743834927,0.9998836170864712,0.00018460171781850356
MHEALTH,0,M2,late_product,2,0.05,1987,0,0.0,0.16967782504217802,1.9999051378893347,0.1711168019317335,1.9999050620126324,0.002884739359781688,0.43817198907760263,0.08454957221942627,168,0.0010065425264217413,2,0.013596570068566495,0.01898793330543798,1.042837867508931,0.018918183299845296,0.05,0.30598892803220934,1.0084806420002013,0.017001274969576066
MHEALTH,0,M2,late_mean,2,0.05,1987,0,0.0,0.13358603448612746,0.3333188859617109,0.13358603443738185,0.3333188859617109,4.874562041268735e-11,2.9802322387695312e-08,0.16305988928032208,324,0.0,0,0.006306059434694748,0.006306069334546418,0.01666674017906189,0.018918183299845296,0.05,0.30598892803220934,0.9999999996350994,3.6490057213090975e-10
MHEALTH,0,M2,cpsa,2,0.05,1987,0,0.0,0.20529789328006964,0.7047879585151013,0.20485242197917455,0.7048118809705,0.0006132926941716884,0.010995130667356356,0.1545042778057373,307,0.0,0,0.0069841572701254155,0.007110602143529604,0.044852294605303586,0.018918183299845296,0.05,0.30598892803220934,0.9978301223954238,0.002987330675308138
MHEALTH,0,M2,late_product,3,0.01,1987,0,0.0,0.27019365142331225,1.9999997354524717,0.27020244116783576,1.9999998181005467,3.7947904035427926e-05,0.024140064670803842,0.13437342727730248,267,0.0,0,0.009494824238228037,0.012956858842561475,1.023322528258896,0.005024355739398024,0.01,0.431806743834927,1.00003253127702,0.00014044706023079337
MHEALTH,0,M2,late_mean,3,0.01,1987,0,0.0,0.21373765622051086,0.5333101699961245,0.2137376554267954,0.5333101699961245,1.1314867615798958e-09,5.960464477539063e-08,0.24106693507800706,479,0.0,0,0.001674784123278417,0.0016747911691933853,0.0033333897590637207,0.005024355739398024,0.01,0.431806743834927,0.9999999962864968,5.2938110279105564e-09
MHEALTH,0,M2,cpsa,3,0.01,1987,0,0.0,0.32013776870588995,1.09622419019896,0.32011722011145705,1.0962241011608,3.0015932634836526e-05,0.0008142068946030978,0.23049823855057877,458,0.0,0,0.0020321879497936196,0.0020408127237727183,0.009543673170645306,0.005024355739398024,0.01,0.431806743834927,0.9999358132765279,9.375942350123679e-05
MHEALTH,0,M2,late_product,3,0.05,1987,0,0.0,0.27019365142331225,1.9999997354524717,0.2703870395695693,1.9999997860449459,0.0003980464331386723,0.11949397425750463,0.1338701560140916,266,0.0005032712632108706,1,0.013596570068566495,0.01898793330543798,1.042837867508931,0.018918183299845296,0.05,0.30598892803220934,1.0007157390458226,0.0014731894366942515
MHEALTH,0,M2,late_mean,3,0.05,1987,0,0.0,0.21373765622051086,0.5333101699961245,0.21373765608368953,0.5333101699961245,1.050165942910653e-09,8.940696716308594e-08,0.24106693507800706,479,0.0,0,0.006306059434694748,0.006306069334546418,0.01666674017906189,0.018918183299845296,0.05,0.30598892803220934,0.9999999993598633,4.913340781781606e-09
MHEALTH,0,M2,cpsa,3,0.05,1987,0,0.0,0.32013776870588995,1.09622419019896,0.3197596170922069,1.0962241011608,0.0004955324250876557,0.008241859154470843,0.23049823855057877,458,0.0,0,0.0069841572701254155,0.007110602143529604,0.044852294605303586,0.018918183299845296,0.05,0.30598892803220934,0.9988187847525406,0.0015478724272077395
MHEALTH,0,M2,late_product,5,0.01,1987,0,0.0,0.3738383343333722,2.0000001083228116,0.3738412169981845,2.0000001083228147,4.225450085796711e-06,0.001781463623046878,0.18570709612481126,369,0.0,0,0.009494824238228037,0.012956858842561475,1.023322528258896,0.005024355739398024,0.01,0.431806743834927,1.0000077109930885,1.1302880677904596e-05
MHEALTH,0,M2,late_mean,5,0.01,1987,0,0.0,0.30533950677212873,0.7618717655232263,0.3053395080202093,0.7618717655232263,9.645897864269204e-09,1.1920928955078125e-07,0.24660291897332662,490,0.0,0,0.001674784123278417,0.0016747911691933853,0.0033333897590637207,0.005024355739398024,0.01,0.431806743834927,1.0000000040875174,3.1590729828052756e-08
MHEALTH,0,M2,cpsa,5,0.01,1987,0,0.0,0.4239226581834308,1.3963822993597717,0.4238998571080847,1.3963827212510935,3.1421207042061124e-05,0.0008358386515167071,0.2682435832913941,533,0.0,0,0.0020321879497936196,0.0020408127237727183,0.009543673170645306,0.005024355739398024,0.01,0.431806743834927,0.9999462140678118,7.412014063297653e-05
MHEALTH,0,M2,late_product,5,0.05,1987,0,0.0,0.3738383343333722,2.0000001083228116,0.37391349619705216,2.0000001083228147,0.00010156184516394953,0.04617416858673104,0.18570709612481126,369,0.0,0,0.013596570068566495,0.01898793330543798,1.042837867508931,0.018918183299845296,0.05,0.30598892803220934,1.0002010544579758,0.0002716731694866296
MHEALTH,0,M2,late_mean,5,0.05,1987,0,0.0,0.30533950677212873,0.7618717655232263,0.30533950713622626,0.7618717655232263,8.345233473449902e-09,1.1920928955078125e-07,0.24660291897332662,490,0.0,0,0.006306059434694748,0.006306069334546418,0.01666674017906189,0.018918183299845296,0.05,0.30598892803220934,1.000000001192435,2.7330998080369114e-08
MHEALTH,0,M2,cpsa,5,0.05,1987,0,0.0,0.4239226581834308,1.3963822993597717,0.423494662931198,1.3963952642400912,0.0005491058236703201,0.00743798422491615,0.2682435832913941,533,0.0,0,0.0069841572701254155,0.007110602143529604,0.044852294605303586,0.018918183299845296,0.05,0.30598892803220934,0.9989903930729562,0.001295297179969849
MHEALTH,0,M2,late_product,8,0.01,1987,0,0.0,0.40082345047792295,2.000000108322822,0.40098504148152936,2.000000108322822,0.00016217732533231258,0.01089969277381897,0.19828887770508305,394,0.0005032712632108706,1,0.009494824238228037,0.012956858842561475,1.023322528258896,0.005024355739398024,0.01,0.431806743834927,1.0004031475788497,0.0004046103718206607
MHEALTH,0,M2,late_mean,8,0.01,1987,0,0.0,0.37404089971255616,0.933292857265487,0.37404090094415654,0.933292857265487,3.2534755816128346e-08,1.341104507446289e-07,0.24911927528938096,495,0.0,0,0.001674784123278417,0.0016747911691933853,0.0033333897590637207,0.005024355739398024,0.01,0.431806743834927,1.000000003292689,8.698181359613542e-08
MHEALTH,0,M2,cpsa,8,0.01,1987,0,0.0,0.47809259465452647,1.5257828951634362,0.4780662172244561,1.5257829937383374,3.5106577428581755e-05,0.0007965066492668926,0.27075993960744843,538,0.0,0,0.0020321879497936196,0.0020408127237727183,0.009543673170645306,0.005024355739398024,0.01,0.431806743834927,0.9999448277794609,7.343049823633024e-05
MHEALTH,0,M2,late_product,8,0.05,1987,0,0.0,0.40082345047792295,2.000000108322822,0.40488471109634044,2.0000001365043887,0.0040759200767595104,0.2774512767791748,0.20181177654755914,401,0.004026170105686965,8,0.013596570068566495,0.01898793330543798,1.042837867508931,0.018918183299845296,0.05,0.30598892803220934,1.010132292942379,0.010168866297367522
MHEALTH,0,M2,late_mean,8,0.05,1987,0,0.0,0.37404089971255616,0.933292857265487,0.3740409017929865,0.9332929168701318,2.635062393415722e-08,1.2665987014770508e-07,0.24911927528938096,495,0.0,0,0.006306059434694748,0.006306069334546418,0.01666674017906189,0.018918183299845296,0.05,0.30598892803220934,1.0000000055620397,7.044850965337536e-08
MHEALTH,0,M2,cpsa,8,0.05,1987,0,0.0,0.47809259465452647,1.5257828951634362,0.47759868058583194,1.5257829937383374,0.0006317879322190207,0.006617111195424297,0.27075993960744843,538,0.0,0,0.0069841572701254155,0.007110602143529604,0.044852294605303586,0.018918183299845296,0.05,0.30598892803220934,0.9989669070924401,0.0013214760891152387
MHEALTH,0,M2,late_product,16,0.01,1987,0,0.0,0.4553481926322588,2.000000108322822,0.4553589598127276,2.000000108322822,1.1093360164537424e-05,0.0013636648654937744,0.2244589833920483,446,0.0,0,0.009494824238228037,0.012956858842561475,1.023322528258896,0.005024355739398024,0.01,0.431806743834927,1.0000236460375664,2.4362367840771184e-05
MHEALTH,0,M2,late_mean,16,0.01,1987,0,0.0,0.44528679736526644,1.1110629129174976,0.4452867952595655,1.1110629743847875,7.705960924355378e-08,2.980232238769531e-07,0.2526421741318571,502,0.0,0,0.001674784123278417,0.0016747911691933853,0.0033333897590637207,0.005024355739398024,0.01,0.431806743834927,0.9999999952711355,1.7305612854347034e-07
MHEALTH,0,M2,cpsa,16,0.01,1987,0,0.0,0.5159858635984788,1.652133276392943,0.515960803385224,1.6521331907039476,3.271933985627114e-05,0.00046804818770096457,0.27226975339708104,541,0.0,0,0.0020321879497936196,0.0020408127237727183,0.009543673170645306,0.005024355739398024,0.01,0.431806743834927,0.9999514323646775,6.341131058918337e-05
MHEALTH,0,M2,late_product,16,0.05,1987,0,0.0,0.4553481926322588,2.000000108322822,0.45561896795135143,2.000000108322822,0.0002789962489308449,0.03430074453353882,0.22496225465525918,447,0.0005032712632108706,1,0.013596570068566495,0.01898793330543798,1.042837867508931,0.018918183299845296,0.05,0.30598892803220934,1.000594655526197,0.0006127096877623132
MHEALTH,0,M2,late_mean,16,0.05,1987,0,0.0,0.44528679736526644,1.1110629129174976,0.4452867942030979,1.111062973453465,8.405366835699724e-08,2.980232238769531e-07,0.2526421741318571,502,0.0,0,0.006306059434694748,0.006306069334546418,0.01666674017906189,0.018918183299845296,0.05,0.30598892803220934,0.9999999928985801,1.8876299242272043e-07
MHEALTH,0,M2,cpsa,16,0.05,1987,0,0.0,0.5159858635984788,1.652133276392943,0.5155367447693961,1.6521331422779306,0.0005873694529960527,0.004268663614245771,0.27226975339708104,541,0.0,0,0.0069841572701254155,0.007110602143529604,0.044852294605303586,0.018918183299845296,0.05,0.30598892803220934,0.9991295908264803,0.0011383440796221543
MHEALTH,0,M2,late_product,32,0.01,1987,0,0.0,0.5107079752138622,2.000000108322822,0.5107082162204977,2.000000108322822,1.0192760234750968e-06,0.0006438922137022018,0.2556618017111223,508,0.0,0,0.009494824238228037,0.012956858842561475,1.023322528258896,0.005024355739398024,0.01,0.431806743834927,1.0000004719069353,1.9958098814655646e-06
MHEALTH,0,M2,late_mean,32,0.01,1987,0,0.0,0.48719614875174166,1.215633694900029,0.4871961475230944,1.2156336329670778,1.6764185204512256e-07,5.383044481277466e-07,0.2536487166582788,504,0.0,0,0.001674784123278417,0.0016747911691933853,0.0033333897590637207,0.005024355739398024,0.01,0.431806743834927,0.9999999974781262,3.440951913816278e-07
MHEALTH,0,M2,cpsa,32,0.01,1987,0,0.0,0.5315013622650051,1.6975478645298105,0.5314777666221251,1.6975480417376199,3.0976011055015006e-05,0.0002676871182425433,0.2727730246602919,542,0.0,0,0.0020321879497936196,0.0020408127237727183,0.009543673170645306,0.005024355739398024,0.01,0.431806743834927,0.9999556056775105,5.8280210088286575e-05
MHEALTH,0,M2,late_product,32,0.05,1987,0,0.0,0.5107079752138622,2.000000108322822,0.5107140991984925,2.000000108322822,2.55700270759495e-05,0.016078468412160873,0.2556618017111223,508,0.0,0,0.013596570068566495,0.01898793330543798,1.042837867508931,0.018918183299845296,0.05,0.30598892803220934,1.000011991167022,5.006780453201634e-05
MHEALTH,0,M2,late_mean,32,0.05,1987,0,0.0,0.48719614875174166,1.215633694900029,0.4871961475608254,1.2156336930373839,1.909110895277963e-07,5.438923835754395e-07,0.2536487166582788,504,0.0,0,0.006306059434694748,0.006306069334546418,0.01666674017906189,0.018918183299845296,0.05,0.30598892803220934,0.9999999975555713,3.9185672960866936e-07
MHEALTH,0,M2,cpsa,32,0.05,1987,0,0.0,0.5315013622650051,1.6975478645298105,0.5311098519548498,1.6975459856796682,0.0005266374747214237,0.003745601138174237,0.2727730246602919,542,0.0,0,0.0069841572701254155,0.007110602143529604,0.044852294605303586,0.018918183299845296,0.05,0.30598892803220934,0.9992633879460123,0.0009908487769008647
MHEALTH,0,M2,late_product,64,0.01,1987,0,0.0,0.5183050670694475,2.000000108322822,0.5183041001894464,2.000000108322822,1.7993055999600373e-06,0.00134360790266606,0.25968797181680925,516,0.0,0,0.009494824238228037,0.012956858842561475,1.023322528258896,0.005024355739398024,0.01,0.431806743834927,0.9999981345349245,3.471518444018895e-06
MHEALTH,0,M2,late_mean,64,0.01,1987,0,0.0,0.510055688860198,1.272671367695265,0.5100556921995101,1.2726720252090027,3.738869037071865e-07,1.1920938050025143e-06,0.2541519879214897,505,0.0,0,0.001674784123278417,0.0016747911691933853,0.0033333897590637207,0.005024355739398024,0.01,0.431806743834927,1.0000000065469559,7.330315333658904e-07
MHEALTH,0,M2,cpsa,64,0.01,1987,0,0.0,0.5383032209227024,1.7157814304627887,0.5382813192767396,1.7157812623909534,2.9161405543180713e-05,0.0001685262303364743,0.2727730246602919,542,0.0,0,0.0020321879497936196,0.0020408127237727183,0.009543673170645306,0.005024355739398024,0.01,0.431806743834927,0.9999593135520808,5.4172823809590656e-05
MHEALTH,0,M2,late_product,64,0.05,1987,0,0.0,0.5183050670694475,2.000000108322822,0.5182807533529002,2.000000108322822,4.5423654396719174e-05,0.03373783827162225,0.25968797181680925,516,0.0,0,0.013596570068566495,0.01898793330543798,1.042837867508931,0.018918183299845296,0.05,0.30598892803220934,0.999953089950124,8.763883913686084e-05
MHEALTH,0,M2,late_mean,64,0.05,1987,0,0.0,0.510055688860198,1.272671367695265,0.5100556940152845,1.2726720810883572,3.775297014172577e-07,1.1920938050025143e-06,0.2541519879214897,505,0.0,0,0.006306059434694748,0.006306069334546418,0.01666674017906189,0.018918183299845296,0.05,0.30598892803220934,1.000000010106909,7.401734941157286e-07
MHEALTH,0,M2,cpsa,64,0.05,1987,0,0.0,0.5383032209227024,1.7157814304627887,0.5379929448099815,1.7157695284474062,0.0004473401847207056,0.0032047791825533523,0.2727730246602919,542,0.0,0,0.0069841572701254155,0.007110602143529604,0.044852294605303586,0.018918183299845296,0.05,0.30598892803220934,0.999423603462396,0.0008310189635386584
MHEALTH,0,M2,late_product,100,0.01,1987,0,0.0,0.5225207908869611,2.000000108322822,0.5225194307619164,2.000000108322822,1.4368739076456876e-06,0.0027058422565460205,0.2617010568696527,520,0.0,0,0.009494824238228037,0.012956858842561475,1.023322528258896,0.005024355739398024,0.01,0.431806743834927,0.9999973969934433,2.7498884880860788e-06
MHEALTH,0,M2,late_mean,100,0.01,1987,0,0.0,0.5186282124811115,1.2940626568272355,0.5186282024861705,1.29406163470071,6.054121696973513e-07,1.7285369722230826e-06,0.2541519879214897,505,0.0,0,0.001674784123278417,0.0016747911691933853,0.0033333897590637207,0.005024355739398024,0.01,0.431806743834927,0.9999999807281194,1.1673336604676138e-06
MHEALTH,0,M2,cpsa,100,0.01,1987,0,0.0,0.5405890032270796,1.7216278975284443,0.5405687182326732,1.721626978733086,2.7739740328968e-05,0.0001623011630731419,0.2727730246602919,542,0.0,0,0.0020321879497936196,0.0020408127237727183,0.009543673170645306,0.005024355739398024,0.01,0.431806743834927,0.9999624761245876,5.131391900940252e-05
MHEALTH,0,M2,late_product,100,0.05,1987,0,0.0,0.5225207908869611,2.000000108322822,0.5224859913958813,2.000000108322822,3.693412220462668e-05,0.06922972202301025,0.2617010568696527,520,0.0,0,0.013596570068566495,0.01898793330543798,1.042837867508931,0.018918183299845296,0.05,0.30598892803220934,0.9999334007532584,7.068450260502032e-05
MHEALTH,0,M2,late_mean,100,0.05,1987,0,0.0,0.5186282124811115,1.2940626568272355,0.5186282013551783,1.2940614554211143,5.979030006143545e-07,1.7285369722230826e-06,0.2541519879214897,505,0.0,0,0.006306059434694748,0.006306069334546418,0.01666674017906189,0.018918183299845296,0.05,0.30598892803220934,0.9999999785473815,1.1528547545726317e-06
MHEALTH,0,M2,cpsa,100,0.05,1987,0,0.0,0.5405890032270796,1.7216278975284443,0.5403367439836876,1.721599837489638,0.0004028448650958228,0.0027379946805154987,0.2727730246602919,542,0.0,0,0.0069841572701254155,0.007110602143529604,0.044852294605303586,0.018918183299845296,0.05,0.30598892803220934,0.9995333622365862,0.0007451961891400221
MHEALTH,0,M3,late_product,2,0.01,1987,0,0.0,0.12291509466951617,1.9597436291768482,0.14641334460554137,1.95974347701086,0.023578384151038027,0.78572216629982,0.08303975842979366,165,0.027679919476597887,55,0.007428048805418063,0.010092741653555923,1.0406261140455517,0.00642407587072517,0.01,0.5631605435329643,1.191174647826659,0.19182659554087816
MHEALTH,0,M3,late_mean,2,0.01,1987,0,0.0,0.14220430351285637,0.333245512098524,0.1422043035369948,0.333245512098524,2.4138456262051908e-11,1.4901161193847656e-08,0.1972823351786613,392,0.0,0,0.0021413571487607836,0.0021413632064731687,0.0033333897590637207,0.00642407587072517,0.01,0.5631605435329643,1.0000000001697449,1.6974490691042696e-10
MHEALTH,0,M3,cpsa,2,0.01,1987,0,0.0,0.20092707744213759,0.7457744941956039,0.20090930823752653,0.7457747619189548,3.1025933262796784e-05,0.0010055228015062312,0.11071967790639155,220,0.0,0,0.0024417173764352033,0.002451230754741081,0.0081242896940239,0.00642407587072517,0.01,0.5631605435329643,0.999911563912454,0.00015441389810555298
MHEALTH,0,M3,late_product,2,0.05,1987,0,0.0,0.12291509466951617,1.9597436291768482,0.1471819523310038,1.9597384714074257,0.02467925676073783,0.78572216629982,0.08303975842979366,165,0.027679919476597887,55,0.012588565220674029,0.017515362453158607,1.0430663228060206,0.02325572818494032,0.05,0.3603422244589834,1.1974278075995006,0.20078296182493577
MHEALTH,0,M3,late_mean,2,0.05,1987,0,0.0,0.14220430351285637,0.333245512098524,0.14220430350160737,0.333245512098524,4.124629419535084e-11,1.4901161193847656e-08,0.1972823351786613,392,0.0,0,0.007751906617350659,0.007751916083257809,0.016666725277900696,0.02325572818494032,0.05,0.3603422244589834,0.9999999999208955,2.900495496721859e-10
MHEALTH,0,M3,cpsa,2,0.05,1987,0,0.0,0.20092707744213759,0.7457744941956039,0.20062600399452865,0.7457747619189548,0.0004988075121496156,0.010057711396179059,0.11071967790639155,220,0.0,0,0.00828314956151089,0.008427734042000087,0.0406311403895927,0.02325572818494032,0.05,0.3603422244589834,0.9985015785256935,0.0024825300725994023
MHEALTH,0,M3,late_product,3,0.01,1987,0,0.0,0.19005467026316597,1.9991840851143934,0.19026189999826373,1.9996712778956862,0.00022841651730881856,0.26110633462667465,0.09461499748364369,188,0.0,0,0.007428048805418063,0.010092741653555923,1.0406261140455517,0.00642407587072517,0.01,0.5631605435329643,1.0010903690754394,0.0012018463792156935
MHEALTH,0,M3,late_mean,3,0.01,1987,0,0.0,0.2275268859803121,0.5331928283629568,0.2275268856590926,0.5331928284211644,5.776904470642097e-10,5.960464477539063e-08,0.22546552591847005,448,0.0,0,0.0021413571487607836,0.0021413632064731687,0.0033333897590637207,0.00642407587072517,0.01,0.5631605435329643,0.999999998588213,2.538998609220175e-09
MHEALTH,0,M3,cpsa,3,0.01,1987,0,0.0,0.3160779098580021,1.0009579800284356,0.31606224480700473,1.0009605356983584,2.535765611002799e-05,0.0007209265669416709,0.1922496225465526,382,0.0,0,0.0024417173764352033,0.002451230754741081,0.0081242896940239,0.00642407587072517,0.01,0.5631605435329643,0.9999504392730121,8.022596745663089e-05
MHEALTH,0,M3,late_product,3,0.05,1987,0,0.0,0.19005467026316597,1.9991840851143934,0.19074354944748814,1.9996712778956862,0.0011554494846647625,0.44234114989975726,0.09461499748364369,188,0.0,0,0.012588565220674029,0.017515362453158607,1.0430663228060206,0.02325572818494032,0.05,0.3603422244589834,1.003624636970869,0.006079563754286218
MHEALTH,0,M3,late_mean,3,0.05,1987,0,0.0,0.2275268859803121,0.5331928283629568,0.22752688576349728,0.5331928284211644,6.281937220590853e-10,8.940696716308594e-08,0.22546552591847005,448,0.0,0,0.007751906617350659,0.007751916083257809,0.016666725277900696,0.02325572818494032,0.05,0.3603422244589834,0.9999999990470805,2.7609647947866824e-09
MHEALTH,0,M3,cpsa,3,0.05,1987,0,0.0,0.3160779098580021,1.0009579800284356,0.3158015832629474,1.0009605356983584,0.0004048847579236711,0.008064254843375807,0.19174635128334172,381,0.0005032712632108706,1,0.00828314956151089,0.008427734042000087,0.0406311403895927,0.02325572818494032,0.05,0.3603422244589834,0.9991257642928009,0.0012809650573352798
MHEALTH,0,M3,late_product,5,0.01,1987,0,0.0,0.2799284868978823,1.9999999324307915,0.28079286750496807,1.9999999390177678,0.0009435919400657027,1.0088988840622028,0.14091595369904378,280,0.0005032712632108706,1,0.007428048805418063,0.010092741653555923,1.0406261140455517,0.00642407587072517,0.01,0.5631605435329643,1.0030878622489074,0.003370832138316542
MHEALTH,0,M3,late_mean,5,0.01,1987,0,0.0,0.32503840827987,0.7617040255586205,0.3250384093294447,0.7617040255586205,8.249893600116666e-09,1.1920928955078125e-07,0.24559637644690488,488,0.0,0,0.0021413571487607836,0.0021413632064731687,0.0033333897590637207,0.00642407587072517,0.01,0.5631605435329643,1.000000003229079,2.538128845688047e-08
MHEALTH,0,M3,cpsa,5,0.01,1987,0,0.0,0.42613176744979503,1.3246860112206633,0.42611247534171265,1.3246883270829464,2.7750951731706496e-05,0.0006401150549635304,0.24962254655259183,496,0.0,0,0.0024417173764352033,0.002451230754741081,0.0081242896940239,0.00642407587072517,0.01,0.5631605435329643,0.9999547273647355,6.512293579467996e-05
MHEALTH,0,M3,late_product,5,0.05,1987,0,0.0,0.2799284868978823,1.9999999324307915,0.2894586685351686,1.999999945116569,0.011300910781108358,1.0088988840622028,0.14695520885757424,292,0.00754906894816306,15,0.012588565220674029,0.017515362453158607,1.0430663228060206,0.02325572818494032,0.05,0.3603422244589834,1.0340450582321867,0.04037070648415615
MHEALTH,0,M3,late_mean,5,0.05,1987,0,0.0,0.32503840827987,0.7617040255586205,0.3250384082153261,0.7617040255586205,6.811897797942389e-09,1.1920928955078125e-07,0.24559637644690488,488,0.0,0,0.007751906617350659,0.007751916083257809,0.016666725277900696,0.02325572818494032,0.05,0.3603422244589834,0.9999999998014267,2.0957208823386478e-08
MHEALTH,0,M3,cpsa,5,0.05,1987,0,0.0,0.42613176744979503,1.3246860112206633,0.425786838381325,1.3246981256100951,0.0004572491699449618,0.007975389711308623,0.24962254655259183,496,0.0,0,0.00828314956151089,0.008427734042000087,0.0406311403895927,0.02325572818494032,0.05,0.3603422244589834,0.999190557722241,0.0010730229587936856
MHEALTH,0,M3,late_product,8,0.01,1987,0,0.0,0.3803164608268535,2.0000000497679284,0.38054621625053603,2.0000000497670576,0.00023547953057822095,0.2309419438268757,0.19275289380976346,383,0.0,0,0.007428048805418063,0.010092741653555923,1.0406261140455517,0.00642407587072517,0.01,0.5631605435329643,1.000604116432886,0.0006191673378171964
MHEALTH,0,M3,late_mean,8,0.01,1987,0,0.0,0.3981720543936694,0.9330874831796687,0.3981720534667493,0.933087483296084,3.477577083672169e-08,1.341104507446289e-07,0.26874685455460495,534,0.0,0,0.0021413571487607836,0.0021413632064731687,0.0033333897590637207,0.00642407587072517,0.01,0.5631605435329643,0.9999999976720614,8.733855239960958e-08
MHEALTH,0,M3,cpsa,8,0.01,1987,0,0.0,0.48743119346691943,1.5758172232688028,0.48740733457506535,1.5757608391042788,3.2547836213964363e-05,0.0006819476479158482,0.26472068444891794,526,0.0,0,0.0024417173764352033,0.002451230754741081,0.0081242896940239,0.00642407587072517,0.01,0.5631605435329643,0.9999510517747451,6.677421685400053e-05
MHEALTH,0,M3,late_product,8,0.05,1987,0,0.0,0.3803164608268535,2.0000000497679284,0.3829839191283901,2.0000000497683152,0.002808497613834157,1.3871591906454026,0.1937594363361852,385,0.0010065425264217413,2,0.012588565220674029,0.017515362453158607,1.0430663228060206,0.02325572818494032,0.05,0.3603422244589834,1.0070137860868216,0.007384633333324956
MHEALTH,0,M3,late_mean,8,0.05,1987,0,0.0,0.3981720543936694,0.9330874831796687,0.39817205372172637,0.933087483296084,2.5158822378764778e-08,1.341104507446289e-07,0.26874685455460495,534,0.0,0,0.007751906617350659,0.007751916083257809,0.016666725277900696,0.02325572818494032,0.05,0.3603422244589834,0.9999999983124306,6.318580649030296e-08
MHEALTH,0,M3,cpsa,8,0.05,1987,0,0.0,0.48743119346691943,1.5758172232688028,0.48699942386497685,1.5744703809270395,0.0005440839312999407,0.007082428091674586,0.26472068444891794,526,0.0,0,0.00828314956151089,0.008427734042000087,0.0406311403895927,0.02325572818494032,0.05,0.3603422244589834,0.9991141937411278,0.001116227148759338
MHEALTH,0,M3,late_product,16,0.01,1987,0,0.0,0.43452623838814664,2.000000095886965,0.4345338572726262,2.000000095886988,9.328800119166193e-06,0.007239431142807007,0.21892299949672875,435,0.0,0,0.007428048805418063,0.010092741653555923,1.0406261140455517,0.00642407587072517,0.01,0.5631605435329643,1.0000175337731223,2.1468899447294394e-05
MHEALTH,0,M3,late_mean,16,0.01,1987,0,0.0,0.47401435251804064,1.1108182445565513,0.4740143541052422,1.1108184233704856,7.967031324681138e-08,2.980304998345673e-07,0.2898842476094615,576,0.0,0,0.0021413571487607836,0.0021413632064731687,0.0033333897590637207,0.00642407587072517,0.01,0.5631605435329643,1.000000003348425,1.680757403728175e-07
MHEALTH,0,M3,cpsa,16,0.01,1987,0,0.0,0.5323656391075048,1.7509785946683754,0.5323417589668297,1.7509141254048588,3.088775880178005e-05,0.0005218409456713147,0.2697533970810267,536,0.0,0,0.0024417173764352033,0.002451230754741081,0.0081242896940239,0.00642407587072517,0.01,0.5631605435329643,0.9999551433471267,5.8019820463173504e-05
MHEALTH,0,M3,late_product,16,0.05,1987,0,0.0,0.43452623838814664,2.000000095886965,0.43471442065882077,2.000000095887422,0.00023074565115423142,0.17822372913360596,0.21942627075993962,436,0.0005032712632108706,1,0.012588565220674029,0.017515362453158607,1.0430663228060206,0.02325572818494032,0.05,0.3603422244589834,1.0004330745857193,0.0005310281192918773
MHEALTH,0,M3,late_mean,16,0.05,1987,0,0.0,0.47401435251804064,1.1108182445565513,0.4740143534598314,1.1108184233704856,8.850826919394246e-08,2.980304998345673e-07,0.2898842476094615,576,0.0,0,0.007751906617350659,0.007751916083257809,0.016666725277900696,0.02325572818494032,0.05,0.3603422244589834,1.0000000019868402,1.867206524945337e-07
MHEALTH,0,M3,cpsa,16,0.05,1987,0,0.0,0.5323656391075048,1.7509785946683754,0.5319493361284016,1.7494385374204002,0.0005198708411268212,0.004419799699531879,0.2697533970810267,536,0.0,0,0.00828314956151089,0.008427734042000087,0.0406311403895927,0.02325572818494032,0.05,0.3603422244589834,0.9992180130562124,0.0009765296685908752
MHEALTH,0,M3,late_product,32,0.01,1987,0,0.0,0.47394607977240305,2.0000000958880553,0.4739481154128292,2.0000000958880553,3.225837239519979e-06,0.0006404519081116315,0.23754403623553094,472,0.0,0,0.007428048805418063,0.010092741653555923,1.0406261140455517,0.00642407587072517,0.01,0.5631605435329643,1.0000042950886463,6.806338056576142e-06
MHEALTH,0,M3,late_mean,32,0.01,1987,0,0.0,0.5186274616746617,1.2153655938064079,0.5186274709533848,1.2153660116209979,1.7311041514643986e-07,5.369074642658234e-07,0.29441368897835934,585,0.0,0,0.0021413571487607836,0.0021413632064731687,0.0033333897590637207,0.00642407587072517,0.01,0.5631605435329643,1.0000000178909214,3.337856707152795e-07
MHEALTH,0,M3,cpsa,32,0.01,1987,0,0.0,0.5512929439838291,1.8053495369974841,0.5512701147432497,1.8052836218394854,2.934743409374146e-05,0.0003323724346069312,0.2712632108706593,539,0.0,0,0.0024417173764352033,0.002451230754741081,0.0081242896940239,0.00642407587072517,0.01,0.5631605435329643,0.9999585896376354,5.3233828609644424e-05
MHEALTH,0,M3,late_product,32,0.05,1987,0,0.0,0.47394607977240305,2.0000000958880553,0.47399686603144187,2.0000000958880553,8.04723579403057e-05,0.015999972820283488,0.23754403623553094,472,0.0,0,0.012588565220674029,0.017515362453158607,1.0430663228060206,0.02325572818494032,0.05,0.3603422244589834,1.0001071561960448,0.00016979222188935478
MHEALTH,0,M3,late_mean,32,0.05,1987,0,0.0,0.5186274616746617,1.2153655938064079,0.5186274698387974,1.2153660116209979,2.0360455037768448e-07,6.034970283508301e-07,0.29441368897835934,585,0.0,0,0.007751906617350659,0.007751916083257809,0.016666725277900696,0.02325572818494032,0.05,0.3603422244589834,1.0000000157418114,3.9258343497708363e-07
MHEALTH,0,M3,cpsa,32,0.05,1987,0,0.0,0.5512929439838291,1.8053495369974841,0.5509291774099228,1.8037752497790267,0.00047269171454403973,0.0038976381637073924,0.2712632108706593,539,0.0,0,0.00828314956151089,0.008427734042000087,0.0406311403895927,0.02325572818494032,0.05,0.3603422244589834,0.9993401573920434,0.000857423842808888
MHEALTH,0,M3,late_product,64,0.01,1987,0,0.0,0.5218312513986303,2.0000000958880553,0.5218341935642912,2.0000000958880553,3.7535404062807427e-06,0.0010789036750793457,0.2622043281328636,521,0.0,0,0.007428048805418063,0.010092741653555923,1.0406261140455517,0.00642407587072517,0.01,0.5631605435329643,1.0000056381553482,7.193015742580332e-06
MHEALTH,0,M3,late_mean,64,0.01,1987,0,0.0,0.5429618575176902,1.2723914920703727,0.5429618612367919,1.2723919680926237,4.1411481404606757e-07,1.193140633404255e-06,0.2949169602415702,586,0.0,0,0.0021413571487607836,0.0021413632064731687,0.0033333897590637207,0.00642407587072517,0.01,0.5631605435329643,1.0000000068496555,7.626959579431881e-07
MHEALTH,0,M3,cpsa,64,0.01,1987,0,0.0,0.5596763214732444,1.8246240232132944,0.5596552969628997,1.8245579478610359,2.764673609122568e-05,0.00018649584306418276,0.2732762959235028,543,0.0,0,0.0024417173764352033,0.002451230754741081,0.0081242896940239,0.00642407587072517,0.01,0.5631605435329643,0.999962434518778,4.939772334561298e-05
MHEALTH,0,M3,late_product,64,0.05,1987,0,0.0,0.5218312513986303,2.0000000958880553,0.5219047583285795,2.0000000958880553,9.325866425136715e-05,0.027225017547607422,0.2622043281328636,521,0.0,0,0.012588565220674029,0.017515362453158607,1.0430663228060206,0.02325572818494032,0.05,0.3603422244589834,1.000140863410829,0.00017871421844017972
MHEALTH,0,M3,late_mean,64,0.05,1987,0,0.0,0.5429618575176902,1.2723914920703727,0.5429618613809196,1.2723919680926237,4.194128536646715e-07,1.193140633404255e-06,0.2949169602415702,586,0.0,0,0.007751906617350659,0.007751916083257809,0.016666725277900696,0.02325572818494032,0.05,0.3603422244589834,1.0000000071151027,7.724536224001824e-07
MHEALTH,0,M3,cpsa,64,0.05,1987,0,0.0,0.5596763214732444,1.8246240232132944,0.5593896698820915,1.8232137627914797,0.00040845875617917375,0.003268047119806653,0.2732762959235028,543,0.0,0,0.00828314956151089,0.008427734042000087,0.0406311403895927,0.02325572818494032,0.05,0.3603422244589834,0.9994878261235023,0.0007298124657194387
MHEALTH,0,M3,late_product,100,0.01,1987,0,0.0,0.5569626600849779,2.0000000958880553,0.5569668428852075,2.0000000958880553,4.405069010882703e-06,0.001043945550918579,0.2798188223452441,556,0.0,0,0.007428048805418063,0.010092741653555923,1.0406261140455517,0.00642407587072517,0.01,0.5631605435329643,1.000007510019126,7.90909216465356e-06
MHEALTH,0,M3,late_mean,100,0.01,1987,0,0.0,0.5520873165599168,1.2937760893957737,0.5520873378511698,1.2937767460946041,6.614242699062619e-07,1.8507707864046097e-06,0.2949169602415702,586,0.0,0,0.0021413571487607836,0.0021413632064731687,0.0033333897590637207,0.00642407587072517,0.01,0.5631605435329643,1.00000003856501,1.1980428639941034e-06
MHEALTH,0,M3,cpsa,100,0.01,1987,0,0.0,0.5625053930682522,1.8303805668264923,0.562485935913606,1.8303144093381283,2.6207336082711884e-05,0.00017446894435562468,0.2732762959235028,543,0.0,0,0.0024417173764352033,0.002451230754741081,0.0081242896940239,0.00642407587072517,0.01,0.5631605435329643,0.9999654098344904,4.6590373009156175e-05
MHEALTH,0,M3,late_product,100,0.05,1987,0,0.0,0.5569626600849779,2.0000000958880553,0.5570667911068609,2.0000000958880553,0.00010939925356426228,0.02656233310699463,0.2798188223452441,556,0.0,0,0.012588565220674029,0.017515362453158607,1.0430663228060206,0.02325572818494032,0.05,0.3603422244589834,1.000186962303482,0.00019642116322047664
MHEALTH,0,M3,late_mean,100,0.05,1987,0,0.0,0.5520873165599168,1.2937760893957737,0.5520873386460984,1.2937767460946041,6.532246941033816e-07,1.8507707864046097e-06,0.2949169602415702,586,0.0,0,0.007751906617350659,0.007751916083257809,0.016666725277900696,0.02325572818494032,0.05,0.3603422244589834,1.0000000400048703,1.1831909093178535e-06
MHEALTH,0,M3,cpsa,100,0.05,1987,0,0.0,0.5625053930682522,1.8303805668264923,0.5622768655833389,1.8292987728353527,0.0003650439915412558,0.0028507614748061183,0.2732762959235028,543,0.0,0,0.00828314956151089,0.008427734042000087,0.0406311403895927,0.02325572818494032,0.05,0.3603422244589834,0.9995937328108682,0.0006489608740461672
MHEALTH,1,M1,late_product,2,0.01,1987,0,0.0,0.11482395407772829,1.9165546832530769,0.1156883110608124,1.937272424670015,0.0039542861319066935,0.785593502746948,0.05787619526925013,115,0.001509813789632612,3,0.012396823350481912,0.016766603099204826,0.9935310751170509,0.006360717642917762,0.01,0.5495722194262708,1.0075276712949548,0.03443781538153529
MHEALTH,1,M1,late_mean,2,0.01,1987,0,0.0,0.1210343019617012,0.33295742133717,0.12103430198443353,0.33295742133717,2.273233259630131e-11,2.9802322387695312e-08,0.0961248112732763,191,0.0,0,0.0021202382289383175,0.0021202456845223015,0.0033333897590637207,0.006360717642917762,0.01,0.5495722194262708,1.0000000001878173,1.8781727351552362e-10
MHEALTH,1,M1,cpsa,2,0.01,1987,0,0.0,0.2086850555730644,1.0355010443218564,0.20865239420000492,1.035509914780883,5.354126429344761e-05,0.0009053621582064686,0.14292903875188726,284,0.0,0,0.0025670132970930988,0.002581765189669701,0.010215846413004215,0.006360717642917762,0.01,0.5495722194262708,0.9998434896405505,0.00025656491858709954
MHEALTH,1,M1,late_product,2,0.05,1987,0,0.0,0.11482395407772829,1.9165546832530769,0.1167625742218018,1.937272424670015,0.007451808155622516,0.785593502746948,0.05787619526925013,115,0.001509813789632612,3,0.021910501810740585,0.0314622735417356,1.03975985444853,0.02365163744095928,0.05,0.3910417715148465,1.0168834121733972,0.06489767936904638
MHEALTH,1,M1,late_mean,2,0.05,1987,0,0.0,0.1210343019617012,0.33295742133717,0.12103430198607401,0.33295742133717,7.686809372769929e-11,2.9802322387695312e-08,0.0961248112732763,191,0.0,0,0.007883877031362365,0.007883888718397226,0.01666674017906189,0.02365163744095928,0.05,0.3910417715148465,1.0000000002013711,6.350934609597088e-10
MHEALTH,1,M1,cpsa,2,0.05,1987,0,0.0,0.2086850555730644,1.0355010443218564,0.2081149716450617,1.0357056987671276,0.0009446666087120821,0.01219561522566881,0.14242576748867639,283,0.0005032712632108706,1,0.009095273701181617,0.009325745848924892,0.05061853815232098,0.02365163744095928,0.05,0.3910417715148465,0.9972682091372704,0.0045267573478990075
MHEALTH,1,M1,late_product,3,0.01,1987,0,0.0,0.1572801076139152,1.9935041439336598,0.15706580472016887,1.9935041440731989,0.0025987837569042393,0.7851641405427968,0.0770005032712632,153,0.0010065425264217413,2,0.012396823350481912,0.016766603099204826,0.9935310751170509,0.006360717642917762,0.01,0.5495722194262708,0.9986374443850687,0.01652328318139016
MHEALTH,1,M1,late_mean,3,0.01,1987,0,0.0,0.19365488290926125,0.5327318605330618,0.19365488283826077,0.5327318605330618,9.092446457996847e-10,5.960464477539063e-08,0.116758933064922,232,0.0,0,0.0021202382289383175,0.0021202456845223015,0.0033333897590637207,0.006360717642917762,0.01,0.5495722194262708,0.9999999996333659,4.695180581765757e-09
MHEALTH,1,M1,cpsa,3,0.01,1987,0,0.0,0.3111885192760461,1.4535064999296623,0.31115876908119167,1.4535089129480587,4.262644405661207e-05,0.0005273677493109474,0.1766482133870156,351,0.0,0,0.0025670132970930988,0.002581765189669701,0.010215846413004215,0.006360717642917762,0.01,0.5495722194262708,0.999904398160563,0.00013697948804724193
MHEALTH,1,M1,late_product,3,0.05,1987,0,0.0,0.1572801076139152,1.9935041439336598,0.15971165347087887,1.9935041440731989,0.006987308011154099,0.7856793302378835,0.0790135883241067,157,0.003019627579265224,6,0.021910501810740585,0.0314622735417356,1.03975985444853,0.02365163744095928,0.05,0.3910417715148465,1.0154599707099168,0.044425885238496006
MHEALTH,1,M1,late_mean,3,0.05,1987,0,0.0,0.19365488290926125,0.5327318605330618,0.1936548828116616,0.5327318605330618,1.300498555794788e-09,8.940696716308594e-08,0.116758933064922,232,0.0,0,0.007883877031362365,0.007883888718397226,0.01666674017906189,0.02365163744095928,0.05,0.3910417715148465,0.9999999994960125,6.715547453580855e-09
MHEALTH,1,M1,cpsa,3,0.05,1987,0,0.0,0.3111885192760461,1.4535064999296623,0.3106524964549872,1.453563153074014,0.0007579227523401047,0.007347966248381965,0.1766482133870156,351,0.0005032712632108706,1,0.009095273701181617,0.009325745848924892,0.05061853815232098,0.02365163744095928,0.05,0.3910417715148465,0.9982774980828151,0.002435574275372845
MHEALTH,1,M1,late_product,5,0.01,1987,0,0.0,0.19295106027256384,1.9999923786698122,0.19298002892006427,1.9999923786540097,0.0012076602993936444,0.9015557605480778,0.0961248112732763,191,0.0005032712632108706,1,0.012396823350481912,0.016766603099204826,0.9935310751170509,0.006360717642917762,0.01,0.5495722194262708,1.0001501346893844,0.006258894341848633
MHEALTH,1,M1,late_mean,5,0.01,1987,0,0.0,0.2766498338584541,0.7610455469899904,0.27664983460681514,0.7610455469899904,9.763855214022949e-09,1.1920928955078125e-07,0.12934071464519376,257,0.0,0,0.0021202382289383175,0.0021202456845223015,0.0033333897590637207,0.006360717642917762,0.01,0.5495722194262708,1.000000002705084,3.529319023201928e-08
MHEALTH,1,M1,cpsa,5,0.01,1987,0,0.0,0.39896593718995715,1.6451377212009026,0.39892681969607524,1.6451379326148903,4.818424619443557e-05,0.0004527048738696138,0.19476597886260694,387,0.0,0,0.0025670132970930988,0.002581765189669701,0.010215846413004215,0.006360717642917762,0.01,0.5495722194262708,0.9999019527978819,0.00012077283222174906
MHEALTH,1,M1,late_product,5,0.05,1987,0,0.0,0.19295106027256384,1.9999923786698122,0.19373981223751072,1.9999923786540097,0.002107763334538019,0.9899876976323868,0.09662808253648716,192,0.0010065425264217413,2,0.021910501810740585,0.0314622735417356,1.03975985444853,0.02365163744095928,0.05,0.3910417715148465,1.0040878343131812,0.010923823541371475
MHEALTH,1,M1,late_mean,5,0.05,1987,0,0.0,0.2766498338584541,0.7610455469899904,0.276649833714864,0.7610455469899904,8.637550157756721e-09,1.1920928955078125e-07,0.12934071464519376,257,0.0,0,0.007883877031362365,0.007883888718397226,0.01666674017906189,0.02365163744095928,0.05,0.3910417715148465,0.9999999994809681,3.122196040130666e-08
MHEALTH,1,M1,cpsa,5,0.05,1987,0,0.0,0.39896593718995715,1.6451377212009026,0.3982416647846826,1.645142062162975,0.0008819141598758421,0.006420731774728239,0.19426270759939607,386,0.0005032712632108706,1,0.009095273701181617,0.009325745848924892,0.05061853815232098,0.02365163744095928,0.05,0.3910417715148465,0.9981846259598606,0.0022104998890066694
MHEALTH,1,M1,late_product,8,0.01,1987,0,0.0,0.22917276350136448,2.0000000923257124,0.22977533985481102,2.000000102804911,0.000667051935348934,0.5117918541654949,0.11927528938097634,237,0.0,0,0.012396823350481912,0.016766603099204826,0.9935310751170509,0.006360717642917762,0.01,0.5495722194262708,1.0026293541354576,0.002910694644326539
MHEALTH,1,M1,late_mean,8,0.01,1987,0,0.0,0.3388960441620011,0.9322807512412368,0.3388960450792227,0.9322807512412368,3.698288172600922e-08,1.4901161193847656e-07,0.13940613990941117,277,0.0,0,0.0021202382289383175,0.0021202456845223015,0.0033333897590637207,0.006360717642917762,0.01,0.5495722194262708,1.0000000027064986,1.0912751081960237e-07
MHEALTH,1,M1,cpsa,8,0.01,1987,0,0.0,0.44247939907603406,1.8340694659058219,0.4424279777516764,1.8340694232940873,6.060194191146098e-05,0.00048202365041011275,0.20181177654755914,401,0.0,0,0.0025670132970930988,0.002581765189669701,0.010215846413004215,0.006360717642917762,0.01,0.5495722194262708,0.9998837882069425,0.00013695991731594123
MHEALTH,1,M1,late_product,8,0.05,1987,0,0.0,0.22917276350136448,2.0000000923257124,0.23102193367415344,2.000000102804911,0.003298788160019683,1.416123815199461,0.11927528938097634,237,0.0010065425264217413,2,0.021910501810740585,0.0314622735417356,1.03975985444853,0.02365163744095928,0.05,0.3910417715148465,1.008068891540761,0.014394329018945752
MHEALTH,1,M1,late_mean,8,0.05,1987,0,0.0,0.3388960441620011,0.9322807512412368,0.33889604370754906,0.9322807512412368,3.029793546508659e-08,1.4901161193847656e-07,0.13940613990941117,277,0.0,0,0.007883877031362365,0.007883888718397226,0.01666674017906189,0.02365163744095928,0.05,0.3910417715148465,0.9999999986590223,8.940185637163528e-08
MHEALTH,1,M1,cpsa,8,0.05,1987,0,0.0,0.44247939907603406,1.8340694659058219,0.44152319363353604,1.834071052901976,0.0011235918593687172,0.006299457068938974,0.20181177654755914,401,0.0,0,0.009095273701181617,0.009325745848924892,0.05061853815232098,0.02365163744095928,0.05,0.3910417715148465,0.997838983137984,0.002539308862096071
MHEALTH,1,M1,late_product,16,0.01,1987,0,0.0,0.2796367854124981,2.0000001611878258,0.27964153840320993,2.0000001611878258,9.751425772611126e-06,0.0038018524646759033,0.1444388525415199,287,0.0,0,0.012396823350481912,0.016766603099204826,0.9935310751170509,0.006360717642917762,0.01,0.5495722194262708,1.0000169970152706,3.4871756082543266e-05
MHEALTH,1,M1,late_mean,16,0.01,1987,0,0.0,0.4034476720272708,1.1098580391096746,0.4034476706794779,1.1098580391096746,8.171020357649417e-08,2.980232238769531e-07,0.14645193759436337,291,0.0,0,0.0021202382289383175,0.0021202456845223015,0.0033333897590637207,0.006360717642917762,0.01,0.5495722194262708,0.9999999966593118,2.0252986754369234e-07
MHEALTH,1,M1,cpsa,16,0.01,1987,0,0.0,0.47019878444819657,1.9023185325947733,0.4701456960499416,1.902318504942507,6.147985424964173e-05,0.0003497097140003902,0.20684448917966783,411,0.0,0,0.0025670132970930988,0.002581765189669701,0.010215846413004215,0.006360717642917762,0.01,0.5495722194262708,0.9998870937143802,0.00013075289916325843
MHEALTH,1,M1,late_product,16,0.05,1987,0,0.0,0.2796367854124981,2.0000001611878258,0.2797493183910385,2.0000001611878258,0.00023650932593625263,0.09320175647735596,0.1444388525415199,287,0.0,0,0.021910501810740585,0.0314622735417356,1.03975985444853,0.02365163744095928,0.05,0.3910417715148465,1.0004024255191406,0.0008457732969121811
MHEALTH,1,M1,late_mean,16,0.05,1987,0,0.0,0.4034476720272708,1.1098580391096746,0.4034476706328415,1.1098580391096746,9.101428951882158e-08,2.980232238769531e-07,0.14645193759436337,291,0.0,0,0.007883877031362365,0.007883888718397226,0.01666674017906189,0.02365163744095928,0.05,0.3910417715148465,0.9999999965437171,2.2559131166003982e-07
MHEALTH,1,M1,cpsa,16,0.05,1987,0,0.0,0.47019878444819657,1.9023185325947733,0.46924438455068546,1.9023189078014524,0.001105567156716344,0.005959163839540538,0.20533467539003522,408,0.001509813789632612,3,0.009095273701181617,0.009325745848924892,0.05061853815232098,0.02365163744095928,0.05,0.3910417715148465,0.9979702204066071,0.0023512760842497415
MHEALTH,1,M1,late_product,32,0.01,1987,0,0.0,0.3099120246975763,2.0000001611878258,0.3099152707353669,2.0000001611878258,4.2160469081890555e-06,0.0007136969252314884,0.15752390538500252,313,0.0,0,0.012396823350481912,0.016766603099204826,0.9935310751170509,0.006360717642917762,0.01,0.5495722194262708,1.0000104740620948,1.360401201696911e-05
MHEALTH,1,M1,late_mean,32,0.01,1987,0,0.0,0.4414192029330738,1.2143150071280786,0.4414192112228546,1.2143153051513025,1.828495312390141e-07,5.961046554148197e-07,0.14947156517362858,297,0.0,0,0.0021202382289383175,0.0021202456845223015,0.0033333897590637207,0.006360717642917762,0.01,0.5495722194262708,1.0000000187798372,4.1423103033135834e-07
MHEALTH,1,M1,cpsa,32,0.01,1987,0,0.0,0.480456616527615,1.917665831062597,0.4804052926870697,1.917665828876272,5.942293677267402e-05,0.0002984933227817505,0.21238047307498742,422,0.0,0,0.0025670132970930988,0.002581765189669701,0.010215846413004215,0.006360717642917762,0.01,0.5495722194262708,0.9998931769513005,0.0001236801299608257
MHEALTH,1,M1,late_product,32,0.05,1987,0,0.0,0.3099120246975763,2.0000001611878258,0.30999341320533175,2.0000001611878258,0.00010578735852314078,0.018023191587417386,0.15752390538500252,313,0.0,0,0.021910501810740585,0.0314622735417356,1.03975985444853,0.02365163744095928,0.05,0.3910417715148465,1.0002626181021368,0.00034134641476519676
MHEALTH,1,M1,late_mean,32,0.05,1987,0,0.0,0.4414192029330738,1.2143150071280786,0.4414192138907399,1.2143153051513025,2.1488149705270128e-07,5.961046554148197e-07,0.14947156517362858,297,0.0,0,0.007883877031362365,0.007883888718397226,0.01666674017906189,0.02365163744095928,0.05,0.3910417715148465,1.0000000248237186,4.867968942558232e-07
MHEALTH,1,M1,cpsa,32,0.05,1987,0,0.0,0.480456616527615,1.917665831062597,0.4796103002006553,1.9176659615170122,0.000990091220877213,0.006394641737364308,0.21137393054856568,420,0.0010065425264217413,2,0.009095273701181617,0.009325745848924892,0.05061853815232098,0.02365163744095928,0.05,0.3910417715148465,0.9982385166571828,0.0020607297034076874
MHEALTH,1,M1,late_product,64,0.01,1987,0,0.0,0.34399376640113477,2.0000001611878258,0.34399536707991685,2.0000001611878258,1.9365682824389907e-06,0.0010743141174316406,0.1746351283341721,347,0.0,0,0.012396823350481912,0.016766603099204826,0.9935310751170509,0.006360717642917762,0.01,0.5495722194262708,1.000004653220315,5.629660975253656e-06
MHEALTH,1,M1,late_mean,64,0.01,1987,0,0.0,0.4621309550570566,1.2712915856182203,0.462130970051224,1.2712920028507337,4.1014952457346187e-07,1.1923257261514664e-06,0.1524911927528938,303,0.0,0,0.0021202382289383175,0.0021202456845223015,0.0033333897590637207,0.006360717642917762,0.01,0.5495722194262708,1.000000032445711,8.875179645190034e-07
MHEALTH,1,M1,cpsa,64,0.01,1987,0,0.0,0.4846917662861891,1.9223796458847215,0.4846440207639662,1.9223796147689556,5.577876057671618e-05,0.0002698395802383591,0.2128837443381983,423,0.0,0,0.0025670132970930988,0.002581765189669701,0.010215846413004215,0.006360717642917762,0.01,0.5495722194262708,0.9999014930198036,0.00011508089152020231
MHEALTH,1,M1,late_product,64,0.05,1987,0,0.0,0.34399376640113477,2.0000001611878258,0.3440334219257903,2.0000001611878258,4.810346871970084e-05,0.026095837354660034,0.1746351283341721,347,0.0,0,0.021910501810740585,0.0314622735417356,1.03975985444853,0.02365163744095928,0.05,0.3910417715148465,1.0001152797769284,0.00013983819888063574
MHEALTH,1,M1,late_mean,64,0.05,1987,0,0.0,0.4621309550570566,1.2712915856182203,0.46213096853096997,1.2712920028507337,4.1609578720197685e-07,1.1923257261514664e-06,0.1524911927528938,303,0.0,0,0.007883877031362365,0.007883888718397226,0.01666674017906189,0.02365163744095928,0.05,0.3910417715148465,1.0000000291560502,9.003850156512539e-07
MHEALTH,1,M1,cpsa,64,0.05,1987,0,0.0,0.4846917662861891,1.9223796458847215,0.4840307846765102,1.9223635129980936,0.0008168487223970335,0.005690479370173182,0.2128837443381983,423,0.0,0,0.009095273701181617,0.009325745848924892,0.05061853815232098,0.02365163744095928,0.05,0.3910417715148465,0.9986362846335445,0.00168529523135064
MHEALTH,1,M1,late_product,100,0.01,1987,0,0.0,0.3540293228891324,2.0000001611878258,0.35403024428282653,2.0000001611878258,9.231991614910112e-07,0.0004366189241409302,0.17916456970306996,356,0.0,0,0.012396823350481912,0.016766603099204826,0.9935310751170509,0.006360717642917762,0.01,0.5495722194262708,1.000002602591465,2.6076912329098786e-06
MHEALTH,1,M1,late_mean,100,0.01,1987,0,0.0,0.4698978442426474,1.2926577227966067,0.46989783989378436,1.292658199633765,6.384259385083813e-07,1.8477439880371094e-06,0.15500754906894817,308,0.0,0,0.0021202382289383175,0.0021202456845223015,0.0033333897590637207,0.006360717642917762,0.01,0.5495722194262708,0.9999999907450883,1.358648366513273e-06
MHEALTH,1,M1,cpsa,100,0.01,1987,0,0.0,0.48607781123977534,1.9237061103283057,0.4860332580200423,1.923706284984044,5.250094900726759e-05,0.00026490507404303143,0.2128837443381983,423,0.0,0,0.0025670132970930988,0.002581765189669701,0.010215846413004215,0.006360717642917762,0.01,0.5495722194262708,0.9999083413834107,0.0001080093511640868
MHEALTH,1,M1,late_product,100,0.05,1987,0,0.0,0.3540293228891324,2.0000001611878258,0.3540517388276178,2.0000001611878258,2.24170280326028e-05,0.010618716478347778,0.17916456970306996,356,0.0,0,0.021910501810740585,0.0314622735417356,1.03975985444853,0.02365163744095928,0.05,0.3910417715148465,1.0000633166154218,6.331969298380095e-05
MHEALTH,1,M1,late_mean,100,0.05,1987,0,0.0,0.4698978442426474,1.2926577227966067,0.46989784039248955,1.292658199633765,6.309509851012511e-07,1.8477439880371094e-06,0.15500754906894817,308,0.0,0,0.007883877031362365,0.007883888718397226,0.01666674017906189,0.02365163744095928,0.05,0.3910417715148465,0.9999999918063939,1.3427407527654852e-06
MHEALTH,1,M1,cpsa,100,0.05,1987,0,0.0,0.48607781123977534,1.9237061103283057,0.4855428242409505,1.9236808464670139,0.0007158467277646973,0.00469439043495299,0.2128837443381983,423,0.0,0,0.009095273701181617,0.009325745848924892,0.05061853815232098,0.02365163744095928,0.05,0.3910417715148465,0.9988993799213746,0.0014726998665890144
MHEALTH,1,M2,late_product,2,0.01,1987,0,0.0,0.21098528388778812,1.9997829687029254,0.21030601228855417,1.999782909227507,0.003362817448040067,0.777977700419139,0.11122294916960242,221,0.0005032712632108706,1,0.00903573325141076,0.012773653159968187,1.0389943371787247,0.005112491248406762,0.01,0.45697030699547053,0.9967804787769217,0.015938635084277116
MHEALTH,1,M2,late_mean,2,0.01,1987,0,0.0,0.144534291246279,0.33333233837163334,0.14453429126198072,0.33333233837163334,1.570171426754833e-11,1.4901161193847656e-08,0.21187720181177655,421,0.0,0,0.0017041629843623236,0.0017041707894724471,0.0033333897590637207,0.005112491248406762,0.01,0.45697030699547053,1.0000000001086367,1.0863660195900096e-10
MHEALTH,1,M2,cpsa,2,0.01,1987,0,0.0,0.24975450811949315,0.9053569533804051,0.24974121450842843,0.9053568995383685,3.326508409829526e-05,0.001095514759825278,0.1766482133870156,351,0.0,0,0.002090823857893892,0.002101518098092726,0.01463353161170744,0.005112491248406762,0.01,0.45697030699547053,0.9999467732888394,0.00013319112575289264
MHEALTH,1,M2,late_product,2,0.05,1987,0,0.0,0.21098528388778812,1.9997829687029254,0.21281886164149388,1.9997829772615565,0.005952032015412895,0.7856684181479171,0.1132360342224459,225,0.0025163563160543532,5,0.014233375973388992,0.02025249669710971,1.0389943371787247,0.01970882694803574,0.05,0.3236034222445898,1.0086905480795567,0.028210650078222828
MHEALTH,1,M2,late_mean,2,0.05,1987,0,0.0,0.144534291246279,0.33333233837163334,0.1445342911919089,0.33333233837163334,5.811977818435799e-11,1.4901161193847656e-08,0.21187720181177655,421,0.0,0,0.006569607465845186,0.006569618600722062,0.0166667178273201,0.01970882694803574,0.05,0.3236034222445898,0.9999999996238255,4.021175714303319e-10
MHEALTH,1,M2,cpsa,2,0.05,1987,0,0.0,0.24975450811949315,0.9053569533804051,0.24943597744924723,0.9053568995383685,0.0006440263008572603,0.011546707598455441,0.1766482133870156,351,0.0,0,0.007659595812179042,0.007852544291232376,0.07253727779593078,0.01970882694803574,0.05,0.3236034222445898,0.9987246249421311,0.00257863734154953
MHEALTH,1,M2,late_product,3,0.01,1987,0,0.0,0.29427344154544594,1.9999988170858563,0.29430618096830724,1.9999988150586858,0.002580012725842776,0.7765673099894466,0.15198792148968293,302,0.0010065425264217413,2,0.00903573325141076,0.012773653159968187,1.0389943371787247,0.005112491248406762,0.01,0.45697030699547053,1.0001112551057594,0.008767399165528614
MHEALTH,1,M2,late_mean,3,0.01,1987,0,0.0,0.23125486665686282,0.5333317832020157,0.23125486586564317,0.5333317832020157,9.98921329034872e-10,5.960464477539063e-08,0.27679919476597886,550,0.0,0,0.0017041629843623236,0.0017041707894724471,0.0033333897590637207,0.005112491248406762,0.01,0.45697030699547053,0.9999999965785816,4.3195688958930175e-09
MHEALTH,1,M2,cpsa,3,0.01,1987,0,0.0,0.3857267454188797,1.3270871951071967,0.3857110939159297,1.3270871426975646,2.7599256927585938e-05,0.0006720321150481823,0.28334172118772016,563,0.0005032712632108706,1,0.002090823857893892,0.002101518098092726,0.01463353161170744,0.005112491248406762,0.01,0.45697030699547053,0.9999594233401343,7.15513177537496e-05
MHEALTH,1,M2,late_product,3,0.05,1987,0,0.0,0.29427344154544594,1.9999988170858563,0.2951695671687253,1.9999988096429184,0.0035057468372844663,0.7765673099894466,0.15198792148968293,302,0.0010065425264217413,2,0.014233375973388992,0.02025249669710971,1.0389943371787247,0.01970882694803574,0.05,0.3236034222445898,1.0030452140654391,0.011913228794529385
MHEALTH,1,M2,late_mean,3,0.05,1987,0,0.0,0.23125486665686282,0.5333317832020157,0.23125486633786635,0.5333317832020157,6.813717345195289e-10,8.940696716308594e-08,0.27679919476597886,550,0.0,0,0.006569607465845186,0.006569618600722062,0.0166667178273201,0.01970882694803574,0.05,0.3236034222445898,0.9999999986205849,2.9464103582760567e-09
MHEALTH,1,M2,cpsa,3,0.05,1987,0,0.0,0.3857267454188797,1.3270871951071967,0.3853900731481202,1.3270871426975646,0.0005193823310996106,0.0066840793282665345,0.28334172118772016,563,0.0005032712632108706,1,0.007659595812179042,0.007852544291232376,0.07253727779593078,0.01970882694803574,0.05,0.3236034222445898,0.9991271741595364,0.001346503288320305
MHEALTH,1,M2,late_product,5,0.01,1987,0,0.0,0.4107861174035642,2.0000000581787933,0.41123407356674146,2.000000058405716,0.0004513702680123285,0.11638799982350334,0.20684448917966783,411,0.0,0,0.00903573325141076,0.012773653159968187,1.0389943371787247,0.005112491248406762,0.01,0.45697030699547053,1.001090485155654,0.001098796305155789
MHEALTH,1,M2,late_mean,5,0.01,1987,0,0.0,0.3303640965729282,0.7619024963005359,0.3303640979122705,0.7619024963023548,1.0127524399601182e-08,1.1920928955078125e-07,0.2858580775037745,568,0.0,0,0.0017041629843623236,0.0017041707894724471,0.0033333897590637207,0.005112491248406762,0.01,0.45697030699547053,1.00000000405414,3.065564480117627e-08
MHEALTH,1,M2,cpsa,5,0.01,1987,0,0.0,0.4977539955807174,1.5755969416020206,0.49773117293070346,1.575596949412534,3.228303157164513e-05,0.0006008164877400191,0.30749874182184195,611,0.0,0,0.002090823857893892,0.002101518098092726,0.01463353161170744,0.005112491248406762,0.01,0.45697030699547053,0.9999541487356876,6.485740317158339e-05
MHEALTH,1,M2,late_product,5,0.05,1987,0,0.0,0.4107861174035642,2.0000000581787933,0.4277320109278725,2.000000058405716,0.017031710916506678,1.0262946933507922,0.22043281328636136,438,0.013588324106693507,27,0.014233375973388992,0.02025249669710971,1.0389943371787247,0.01970882694803574,0.05,0.3236034222445898,1.0412523520303398,0.04146126218714056
MHEALTH,1,M2,late_mean,5,0.05,1987,0,0.0,0.3303640965729282,0.7619024963005359,0.33036409626382485,0.7619024963023548,9.27541345815632e-09,1.1920928955078125e-07,0.2858580775037745,568,0.0,0,0.006569607465845186,0.006569618600722062,0.0166667178273201,0.01970882694803574,0.05,0.3236034222445898,0.9999999990643554,2.8076336243483903e-08
MHEALTH,1,M2,cpsa,5,0.05,1987,0,0.0,0.4977539955807174,1.5755969416020206,0.4972981939113866,1.575596949412534,0.0006054536102854301,0.005301867299749574,0.30749874182184195,611,0.0,0,0.007659595812179042,0.007852544291232376,0.07253727779593078,0.01970882694803574,0.05,0.3236034222445898,0.99908428325362,0.0012163711706202622
MHEALTH,1,M2,late_product,8,0.01,1987,0,0.0,0.4675139851199202,2.000000093905467,0.46752189213041423,2.0000000832874694,1.0035839743667316e-05,0.0053130388259887695,0.23855057876195268,474,0.0,0,0.00903573325141076,0.012773653159968187,1.0389943371787247,0.005112491248406762,0.01,0.45697030699547053,1.0000169128854872,2.1466394724198596e-05
MHEALTH,1,M2,late_mean,8,0.01,1987,0,0.0,0.4046960185266888,0.9333306429219306,0.40469601791478593,0.9333305833172858,3.720198421198182e-08,1.341104507446289e-07,0.28938097634625065,575,0.0,0,0.0017041629843623236,0.0017041707894724471,0.0033333897590637207,0.005112491248406762,0.01,0.45697030699547053,0.9999999984879938,9.192574799084274e-08
MHEALTH,1,M2,cpsa,8,0.01,1987,0,0.0,0.5499589752541751,1.698279279259718,0.5499284360247925,1.6982793318239642,3.981674705855418e-05,0.0005030198388844553,0.3120281831907398,620,0.0,0,0.002090823857893892,0.002101518098092726,0.01463353161170744,0.005112491248406762,0.01,0.45697030699547053,0.9999444699863866,7.239948587101798e-05
MHEALTH,1,M2,late_product,8,0.05,1987,0,0.0,0.4675139851199202,2.000000093905467,0.467686868239237,2.0000001237719887,0.00022634091970226612,0.13311618566513062,0.23855057876195268,474,0.0,0,0.014233375973388992,0.02025249669710971,1.0389943371787247,0.01970882694803574,0.05,0.3236034222445898,1.0003697924015522,0.00048413721708070036
MHEALTH,1,M2,late_mean,8,0.05,1987,0,0.0,0.4046960185266888,0.9333306429219306,0.4046960183792755,0.9333305833172858,3.073756501263775e-08,1.4901161193847656e-07,0.28938097634625065,575,0.0,0,0.006569607465845186,0.006569618600722062,0.0166667178273201,0.01970882694803574,0.05,0.3236034222445898,0.9999999996357432,7.595222983546767e-08
MHEALTH,1,M2,cpsa,8,0.05,1987,0,0.0,0.5499589752541751,1.698279279259718,0.549361875523751,1.6982793318239642,0.0007475105991847106,0.005426786898275462,0.3120281831907398,620,0.0,0,0.007659595812179042,0.007852544291232376,0.07253727779593078,0.01970882694803574,0.05,0.3236034222445898,0.9989142831423959,0.0013592115645339414
MHEALTH,1,M2,late_product,16,0.01,1987,0,0.0,0.5819009299875445,2.0000001191611463,0.581908054722551,2.000000119022253,7.779219675402404e-06,0.0016387701628470808,0.29743331655762456,591,0.0,0,0.00903573325141076,0.012773653159968187,1.0389943371787247,0.005112491248406762,0.01,0.45697030699547053,1.0000122438969237,1.3368632484517454e-05
MHEALTH,1,M2,late_mean,16,0.01,1987,0,0.0,0.4817809681202862,1.111107908937555,0.48178097312796725,1.1111078493329103,8.368578494138042e-08,2.998858690261841e-07,0.29089079013588326,578,0.0,0,0.0017041629843623236,0.0017041707894724471,0.0033333897590637207,0.005112491248406762,0.01,0.45697030699547053,1.0000000103941031,1.7370089413844718e-07
MHEALTH,1,M2,cpsa,16,0.01,1987,0,0.0,0.581941649156701,1.8373275695537927,0.5819096200782239,1.837327689069756,4.0112313769762795e-05,0.0002864188088143038,0.31303472571716157,622,0.0,0,0.002090823857893892,0.002101518098092726,0.01463353161170744,0.005112491248406762,0.01,0.45697030699547053,0.9999449617010168,6.892841202874903e-05
MHEALTH,1,M2,late_product,16,0.05,1987,0,0.0,0.5819009299875445,2.0000001191611463,0.5820763098983511,2.0000001157696583,0.00019177694984543592,0.04421557646682572,0.29743331655762456,591,0.0,0,0.014233375973388992,0.02025249669710971,1.0389943371787247,0.01970882694803574,0.05,0.3236034222445898,1.0003013913567906,0.00032956976000973374
MHEALTH,1,M2,late_mean,16,0.05,1987,0,0.0,0.4817809681202862,1.111107908937555,0.48178097182331886,1.1111078493329103,9.259100047052324e-08,3.0547380447387695e-07,0.29089079013588326,578,0.0,0,0.006569607465845186,0.006569618600722062,0.0166667178273201,0.01970882694803574,0.05,0.3236034222445898,1.000000007686133,1.9218484456074665e-07
MHEALTH,1,M2,cpsa,16,0.05,1987,0,0.0,0.581941649156701,1.8373275695537927,0.5813259293751948,1.837327689069756,0.0007411005692421327,0.005551180030355506,0.31303472571716157,622,0.0,0,0.007659595812179042,0.007852544291232376,0.07253727779593078,0.01970882694803574,0.05,0.3236034222445898,0.9989419561524795,0.0012734963553752698
MHEALTH,1,M2,late_product,32,0.01,1987,0,0.0,0.6123093297823758,2.000000111333243,0.6123113233365609,2.000000111333243,3.0634407507542934e-06,0.002193838357997146,0.3125314544539507,621,0.0,0,0.00903573325141076,0.012773653159968187,1.0389943371787247,0.005112491248406762,0.01,0.45697030699547053,1.0000032557958667,5.003093374133442e-06
MHEALTH,1,M2,late_mean,32,0.01,1987,0,0.0,0.5271250613256864,1.2156829413482058,0.5271250535730322,1.2156826433286199,1.8313693499769346e-07,5.364709068089724e-07,0.29089079013588326,578,0.0,0,0.0017041629843623236,0.0017041707894724471,0.0033333897590637207,0.005112491248406762,0.01,0.45697030699547053,0.9999999852925714,3.474259685872563e-07
MHEALTH,1,M2,cpsa,32,0.01,1987,0,0.0,0.5934288369133334,1.905816082242136,0.593397122743814,1.905816084134569,3.919749856490279e-05,0.0002381888508958263,0.3145445395067942,625,0.0,0,0.002090823857893892,0.002101518098092726,0.01463353161170744,0.005112491248406762,0.01,0.45697030699547053,0.9999465577546174,6.605256793516313e-05
MHEALTH,1,M2,late_product,32,0.05,1987,0,0.0,0.6123093297823758,2.000000111333243,0.6123587774542159,2.000000111333243,7.636340184314275e-05,0.05409464240253613,0.3125314544539507,621,0.0,0,0.014233375973388992,0.02025249669710971,1.0389943371787247,0.01970882694803574,0.05,0.3236034222445898,1.0000807560320166,0.00012471376496955136
MHEALTH,1,M2,late_mean,32,0.05,1987,0,0.0,0.5271250613256864,1.2156829413482058,0.5271250519077131,1.2156826433286199,2.1038433068471993e-07,5.364709068089724e-07,0.29089079013588326,578,0.0,0,0.006569607465845186,0.006569618600722062,0.0166667178273201,0.01970882694803574,0.05,0.3236034222445898,0.9999999821333229,3.9911654011595763e-07
MHEALTH,1,M2,cpsa,32,0.05,1987,0,0.0,0.5934288369133334,1.905816082242136,0.5928481046876161,1.905816084134569,0.0006978586226979057,0.005345552271397341,0.3140412682435833,624,0.0005032712632108706,1,0.007659595812179042,0.007852544291232376,0.07253727779593078,0.01970882694803574,0.05,0.3236034222445898,0.9990213953390975,0.001175976931501601
MHEALTH,1,M2,late_product,64,0.01,1987,0,0.0,0.6186505216134813,2.0000001113332435,0.6186506001786377,2.0000001113332435,4.242412145226883e-07,0.00032776594161987305,0.31504781077000504,626,0.0,0,0.00903573325141076,0.012773653159968187,1.0389943371787247,0.005112491248406762,0.01,0.45697030699547053,1.0000001269944074,6.857526175137447e-07
MHEALTH,1,M2,late_mean,64,0.01,1987,0,0.0,0.5518581814172446,1.2727238022481373,0.5518581759253874,1.2727233850410897,3.9953504330569753e-07,1.192094714497216e-06,0.29240060392551587,581,0.0,0,0.0017041629843623236,0.0017041707894724471,0.0033333897590637207,0.005112491248406762,0.01,0.45697030699547053,0.9999999900484267,7.239813719525528e-07
MHEALTH,1,M2,cpsa,64,0.01,1987,0,0.0,0.598070149989286,1.928696179722839,0.5980395046875201,1.9286960643504374,3.7705146228984514e-05,0.00023930697476145027,0.3145445395067942,625,0.0,0,0.002090823857893892,0.002101518098092726,0.01463353161170744,0.005112491248406762,0.01,0.45697030699547053,0.9999487596868587,6.304468836918206e-05
MHEALTH,1,M2,late_product,64,0.05,1987,0,0.0,0.6186505216134813,2.0000001113332435,0.6186524751738602,2.0000001113332435,1.0637716991321197e-05,0.008262336254119873,0.31504781077000504,626,0.0,0,0.014233375973388992,0.02025249669710971,1.0389943371787247,0.01970882694803574,0.05,0.3236034222445898,1.000003157776985,1.7195034384804737e-05
MHEALTH,1,M2,late_mean,64,0.05,1987,0,0.0,0.5518581814172446,1.2727238022481373,0.5518581755396409,1.2727233850410897,4.0617804021059196e-07,1.192094714497216e-06,0.29240060392551587,581,0.0,0,0.006569607465845186,0.006569618600722062,0.0166667178273201,0.01970882694803574,0.05,0.3236034222445898,0.9999999893494308,7.360188792842994e-07
MHEALTH,1,M2,cpsa,64,0.05,1987,0,0.0,0.598070149989286,1.928696179722839,0.5975865164501857,1.9286960643504374,0.0006109844723825254,0.004498760749168884,0.3145445395067942,625,0.0,0,0.007659595812179042,0.007852544291232376,0.07253727779593078,0.01970882694803574,0.05,0.3236034222445898,0.9991913431240316,0.0010215933237822867
MHEALTH,1,M2,late_product,100,0.01,1987,0,0.0,0.6204746448696754,2.0000001113332435,0.620474556161262,2.0000001113332435,1.6473305238007083e-07,0.0002216120688558476,0.3160543532964268,628,0.0,0,0.00903573325141076,0.012773653159968187,1.0389943371787247,0.005112491248406762,0.01,0.45697030699547053,0.9999998570313644,2.65495220057979e-07
MHEALTH,1,M2,late_mean,100,0.01,1987,0,0.0,0.5611330803888065,1.2941144093816845,0.5611330832698049,1.2941138133388748,6.549901113508777e-07,1.789303496479988e-06,0.29290387518872674,582,0.0,0,0.0017041629843623236,0.0017041707894724471,0.0033333897590637207,0.005112491248406762,0.01,0.45697030699547053,1.0000000051342517,1.1672634072777141e-06
MHEALTH,1,M2,cpsa,100,0.01,1987,0,0.0,0.5995712573556992,1.9354476659592488,0.5995415890436588,1.9354476674112107,3.6520700512766523e-05,0.00023225736509250965,0.3145445395067942,625,0.0,0,0.002090823857893892,0.002101518098092726,0.01463353161170744,0.005112491248406762,0.01,0.45697030699547053,0.9999505174544704,6.091135968364208e-05
MHEALTH,1,M2,late_product,100,0.05,1987,0,0.0,0.6204746448696754,2.0000001113332435,0.6204722343835172,2.0000001113332435,4.307014273404393e-06,0.005880504750940929,0.3160543532964268,628,0.0,0,0.014233375973388992,0.02025249669710971,1.0389943371787247,0.01970882694803574,0.05,0.3236034222445898,0.9999961150932143,6.941483119441632e-06
MHEALTH,1,M2,late_mean,100,0.05,1987,0,0.0,0.5611330803888065,1.2941144093816845,0.5611330845542989,1.2941138133388748,6.481729894653746e-07,1.8533319234848022e-06,0.29290387518872674,582,0.0,0,0.006569607465845186,0.006569618600722062,0.0166667178273201,0.01970882694803574,0.05,0.3236034222445898,1.0000000074233593,1.1551145568111196e-06
MHEALTH,1,M2,cpsa,100,0.05,1987,0,0.0,0.5995712573556992,1.9354476659592488,0.5991785233447149,1.9354476674112107,0.0005332268424213482,0.003862591572778573,0.3145445395067942,625,0.0,0,0.007659595812179042,0.007852544291232376,0.07253727779593078,0.01970882694803574,0.05,0.3236034222445898,0.9993449752532896,0.000889346905608933
MHEALTH,1,M3,late_product,2,0.01,1987,0,0.0,0.09313689745624389,1.9646772834030979,0.11616822482044321,1.9646580962722289,0.023282789564380645,0.7854361534118652,0.06139909411172622,122,0.02868646200301963,57,0.0028963695532831873,0.003811532519799041,0.9468513323390585,0.006400903657957799,0.01,0.5480624056366381,1.2472846744226105,0.24998459472325668
MHEALTH,1,M3,late_mean,2,0.01,1987,0,0.0,0.1452734939714373,0.3332101092129407,0.14527349398479547,0.3332101092129407,1.3358174824630669e-11,1.4901161193847656e-08,0.1831907398087569,364,0.0,0,0.002133633473518341,0.0021336398710857197,0.0033333897590637207,0.006400903657957799,0.01,0.5480624056366381,1.000000000091952,9.195190711980167e-11
MHEALTH,1,M3,cpsa,2,0.01,1987,0,0.0,0.25283023225095264,0.9524372736784186,0.252810410860415,0.9524230562247744,4.119877060276603e-05,0.0016835600731823774,0.17916456970306996,356,0.0005032712632108706,1,0.002632760710648447,0.0026427036765709106,0.009491145060998463,0.006400903657957799,0.01,0.5480624056366381,0.9999216019763097,0.00016295033325711307
MHEALTH,1,M3,late_product,2,0.05,1987,0,0.0,0.09313689745624389,1.9646772834030979,0.11583988675710863,1.964188273266542,0.025294258313615117,0.7854361534118652,0.06240563663814796,124,0.029693004529441368,59,0.006767663163508664,0.009465483695006376,0.9468513323390585,0.02323864525356121,0.05,0.3497735279315551,1.2437593469498027,0.27158149996888686
MHEALTH,1,M3,late_mean,2,0.05,1987,0,0.0,0.1452734939714373,0.3332101092129407,0.14527349401830808,0.3332101092129407,1.1436472481438186e-10,5.960464477539063e-08,0.1831907398087569,364,0.0,0,0.007746212987781185,0.007746223205896417,0.016666725277900696,0.02323864525356121,0.05,0.3497735279315551,1.0000000003226381,7.872373802537405e-10
MHEALTH,1,M3,cpsa,2,0.05,1987,0,0.0,0.25283023225095264,0.9524372736784186,0.2524531094947183,0.9520821110337812,0.0007333441608172361,0.014068772621342873,0.17815802717664822,354,0.001509813789632612,3,0.009670409434344131,0.00984122333662566,0.04669649609843873,0.02323864525356121,0.05,0.3497735279315551,0.9985083953256823,0.0029005398376936897
MHEALTH,1,M3,late_product,3,0.01,1987,0,0.0,0.16537746820224888,1.9985294270755354,0.16637396845771363,1.9985294230155528,0.0012210929368899482,0.5781621038913727,0.07750377453447409,154,0.0,0,0.0028963695532831873,0.003811532519799041,0.9468513323390585,0.006400903657957799,0.01,0.5480624056366381,1.0060256107817909,0.007383671730883006
MHEALTH,1,M3,late_mean,3,0.01,1987,0,0.0,0.23243759074281325,0.5331361771911083,0.2324375901780761,0.5331361781224309,9.97393451171501e-10,8.940696716308594e-08,0.22194262707599396,441,0.0,0,0.002133633473518341,0.0021336398710857197,0.0033333897590637207,0.006400903657957799,0.01,0.5480624056366381,0.9999999975703708,4.291016130325897e-09
MHEALTH,1,M3,cpsa,3,0.01,1987,0,0.0,0.3730421433573782,1.2876935973124404,0.3730247611829501,1.2877025856007904,3.2167320033178613e-05,0.0008271775694588257,0.23100150981378964,459,0.0,0,0.002632760710648447,0.0026427036765709106,0.009491145060998463,0.006400903657957799,0.01,0.5480624056366381,0.9999534042607849,8.622972124187586e-05
MHEALTH,1,M3,late_product,3,0.05,1987,0,0.0,0.16537746820224888,1.9985294270755354,0.1655902884674188,1.9985294230155528,0.0027442746488427977,0.7328334134390498,0.0770005032712632,153,0.0005032712632108706,1,0.006767663163508664,0.009465483695006376,0.9468513323390585,0.02323864525356121,0.05,0.3497735279315551,1.0012868758210136,0.016594005693004555
MHEALTH,1,M3,late_mean,3,0.05,1987,0,0.0,0.23243759074281325,0.5331361771911083,0.23243759075025125,0.5331361771911083,5.54581673432209e-10,7.450580596923828e-08,0.22194262707599396,441,0.0,0,0.007746212987781185,0.007746223205896417,0.016666725277900696,0.02323864525356121,0.05,0.3497735279315551,1.000000000032,2.385937970101577e-09
MHEALTH,1,M3,cpsa,3,0.05,1987,0,0.0,0.3730421433573782,1.2876935973124404,0.37270375931689925,1.2877025856007904,0.0005721295512517185,0.008301842875624743,0.23100150981378964,459,0.0,0,0.009670409434344131,0.00984122333662566,0.04669649609843873,0.02323864525356121,0.05,0.3497735279315551,0.9990929066688459,0.001533686103405246
MHEALTH,1,M3,late_product,5,0.01,1987,0,0.0,0.21047561318260025,1.9999935352592864,0.21142365187790998,1.9999944906445186,0.0010334192821381569,0.9428266701340635,0.10015098137896326,199,0.001509813789632612,3,0.0028963695532831873,0.003811532519799041,0.9468513323390585,0.006400903657957799,0.01,0.5480624056366381,1.0045042685989813,0.004909924083421501
MHEALTH,1,M3,late_mean,5,0.01,1987,0,0.0,0.33205369966754217,0.761623123607237,0.33205370146702673,0.761623123607237,9.939429129659497e-09,1.1944212019443512e-07,0.2747861097131354,546,0.0,0,0.002133633473518341,0.0021336398710857197,0.0033333897590637207,0.006400903657957799,0.01,0.5480624056366381,1.0000000054192577,2.993319797252981e-08
MHEALTH,1,M3,cpsa,5,0.01,1987,0,0.0,0.4630923737388793,1.6872274902236926,0.46307143846604737,1.6871186871108128,3.3829840070091714e-05,0.0007740116035108713,0.24911927528938096,495,0.0,0,0.002632760710648447,0.0026427036765709106,0.009491145060998463,0.006400903657957799,0.01,0.5480624056366381,0.999954792447427,7.305203451518532e-05
MHEALTH,1,M3,late_product,5,0.05,1987,0,0.0,0.21047561318260025,1.9999935352592864,0.21238011279125305,1.9999944906445186,0.0037847829769958713,0.9428266701340635,0.0996477101157524,198,0.0020130850528434826,4,0.006767663163508664,0.009465483695006376,0.9468513323390585,0.02323864525356121,0.05,0.3497735279315551,1.0090485523707706,0.01798204989056069
MHEALTH,1,M3,late_mean,5,0.05,1987,0,0.0,0.33205369966754217,0.761623123607237,0.3320537005321888,0.7616230640025923,8.985842930336301e-09,1.1944212019443512e-07,0.2747861097131354,546,0.0,0,0.007746212987781185,0.007746223205896417,0.016666725277900696,0.02323864525356121,0.05,0.3497735279315551,1.0000000026039362,2.706141488359588e-08
MHEALTH,1,M3,cpsa,5,0.05,1987,0,0.0,0.4630923737388793,1.6872274902236926,0.4626756607988599,1.686130208038999,0.0006143204274316132,0.006202166642253815,0.2486160040261701,494,0.0005032712632108706,1,0.009670409434344131,0.00984122333662566,0.04669649609843873,0.02323864525356121,0.05,0.3497735279315551,0.9991001515817353,0.0013265613131819914
MHEALTH,1,M3,late_product,8,0.01,1987,0,0.0,0.2703580990726179,2.0000000523184136,0.2706778495721716,2.000000052318398,0.0003379182649863327,0.2073451578988076,0.12883744338198289,256,0.0,0,0.0028963695532831873,0.003811532519799041,0.9468513323390585,0.006400903657957799,0.01,0.5480624056366381,1.001182692512821,0.0012498914075274965
MHEALTH,1,M3,late_mean,8,0.01,1987,0,0.0,0.40676578558105553,0.9329882917147407,0.4067657865247117,0.9329883513193855,3.489964024935183e-08,1.341104507446289e-07,0.2828384499245093,562,0.0,0,0.002133633473518341,0.0021336398710857197,0.0033333897590637207,0.006400903657957799,0.01,0.5480624056366381,1.0000000023199005,8.579787555017317e-08
MHEALTH,1,M3,cpsa,8,0.01,1987,0,0.0,0.5014242330819443,1.8240443028526883,0.5013985866535686,1.8239413485663447,3.9005760480095614e-05,0.0006226865698408801,0.2571716155007549,511,0.0,0,0.002632760710648447,0.0026427036765709106,0.009491145060998463,0.006400903657957799,0.01,0.5480624056366381,0.9999488528342197,7.778993895119778e-05
MHEALTH,1,M3,late_product,8,0.05,1987,0,0.0,0.2703580990726179,2.0000000523184136,0.2741287677620935,2.000000052318398,0.0041820712386300895,1.3261138330315312,0.13085052843482636,260,0.0020130850528434826,4,0.006767663163508664,0.009465483695006376,0.9468513323390585,0.02323864525356121,0.05,0.3497735279315551,1.0139469418612195,0.015468636793110422
MHEALTH,1,M3,late_mean,8,0.05,1987,0,0.0,0.40676578558105553,0.9329882917147407,0.4067657863494149,0.9329882926460633,2.6395404318892217e-08,1.341104507446289e-07,0.2828384499245093,562,0.0,0,0.007746212987781185,0.007746223205896417,0.016666725277900696,0.02323864525356121,0.05,0.3497735279315551,1.0000000018889479,6.489091574205778e-08
MHEALTH,1,M3,cpsa,8,0.05,1987,0,0.0,0.5014242330819443,1.8240443028526883,0.5009091621520371,1.8228287757660104,0.0007200874709661003,0.0065615774765461765,0.25666834423754403,510,0.0005032712632108706,1,0.009670409434344131,0.00984122333662566,0.04669649609843873,0.02323864525356121,0.05,0.3497735279315551,0.9989727841298347,0.0014360843043826751
MHEALTH,1,M3,late_product,16,0.01,1987,0,0.0,0.366668596062714,2.0000000866568373,0.3666896505814736,2.0000000842696326,2.3906235718296144e-05,0.006327673812873691,0.1786612984398591,355,0.0,0,0.0028963695532831873,0.003811532519799041,0.9468513323390585,0.006400903657957799,0.01,0.5480624056366381,1.0000574211126496,6.51984816125548e-05
MHEALTH,1,M3,late_mean,16,0.01,1987,0,0.0,0.48424498971732255,1.1107004116705501,0.48424498680648953,1.1107004088765824,7.8269243977374e-08,3.5762786865234375e-07,0.29139406139909413,579,0.0,0,0.002133633473518341,0.0021336398710857197,0.0033333897590637207,0.006400903657957799,0.01,0.5480624056366381,0.9999999939889248,1.6163149983867377e-07
MHEALTH,1,M3,cpsa,16,0.01,1987,0,0.0,0.5241617291436644,1.8653353093039813,0.5241361608514056,1.8652436424401069,3.7437789417642814e-05,0.0003971472173299184,0.2637141419224962,524,0.0,0,0.002632760710648447,0.0026427036765709106,0.009491145060998463,0.006400903657957799,0.01,0.5480624056366381,0.999951220604563,7.142411842773379e-05
MHEALTH,1,M3,late_product,16,0.05,1987,0,0.0,0.366668596062714,2.0000000866568373,0.3671806331194174,2.0000000716666233,0.0005841426005245311,0.1457918887022811,0.1786612984398591,355,0.0,0,0.006767663163508664,0.009465483695006376,0.9468513323390585,0.02323864525356121,0.05,0.3497735279315551,1.0013964573519567,0.0015931078003326494
MHEALTH,1,M3,late_mean,16,0.05,1987,0,0.0,0.48424498971732255,1.1107004116705501,0.48424498566799806,1.110700348340615,8.9870232927705e-08,3.5762786865234375e-07,0.29139406139909413,579,0.0,0,0.007746212987781185,0.007746223205896417,0.016666725277900696,0.02323864525356121,0.05,0.3497735279315551,0.9999999916378598,1.8558835885977188e-07
MHEALTH,1,M3,cpsa,16,0.05,1987,0,0.0,0.5241617291436644,1.8653353093039813,0.5236674631979109,1.8642007050683864,0.000675293912347521,0.006015658518906952,0.26270759939607446,522,0.0010065425264217413,2,0.009670409434344131,0.00984122333662566,0.04669649609843873,0.02323864525356121,0.05,0.3497735279315551,0.9990570354181313,0.001288331205429219
MHEALTH,1,M3,late_product,32,0.01,1987,0,0.0,0.4967610143273683,2.000000084266575,0.4967674209956572,2.000000084266575,7.654386238621115e-06,0.001428753137588501,0.2435832913940614,484,0.0,0,0.0028963695532831873,0.003811532519799041,0.9468513323390585,0.006400903657957799,0.01,0.5480624056366381,1.000012896882211,1.540858887444181e-05
MHEALTH,1,M3,late_mean,32,0.01,1987,0,0.0,0.5298209899706868,1.215236787976567,0.5298209916363391,1.2152368419932764,1.681292523309978e-07,5.979090929031372e-07,0.29592350276799195,588,0.0,0,0.002133633473518341,0.0021336398710857197,0.0033333897590637207,0.006400903657957799,0.01,0.5480624056366381,1.0000000031438019,3.1733218485794573e-07
MHEALTH,1,M3,cpsa,32,0.01,1987,0,0.0,0.5324268519020552,1.8752814833650835,0.5324023233760355,1.8751926984683012,3.5963249543427285e-05,0.0002786060495666154,0.26472068444891794,526,0.0,0,0.002632760710648447,0.0026427036765709106,0.009491145060998463,0.006400903657957799,0.01,0.5480624056366381,0.9999539307119241,6.754589745981304e-05
MHEALTH,1,M3,late_product,32,0.05,1987,0,0.0,0.4967610143273683,2.000000084266575,0.496921907876551,2.000000084266575,0.0001919929311693106,0.036603063344955444,0.2435832913940614,484,0.0,0,0.006767663163508664,0.009465483695006376,0.9468513323390585,0.02323864525356121,0.05,0.3497735279315551,1.0003238852175236,0.00038648953044206923
MHEALTH,1,M3,late_mean,32,0.05,1987,0,0.0,0.5298209899706868,1.215236787976567,0.529820992344088,1.215236961202566,1.9930723237168578e-07,5.979090929031372e-07,0.29592350276799195,588,0.0,0,0.007746212987781185,0.007746223205896417,0.016666725277900696,0.02323864525356121,0.05,0.3497735279315551,1.0000000044796284,3.76178437896001e-07
MHEALTH,1,M3,cpsa,32,0.05,1987,0,0.0,0.5324268519020552,1.8752814833650835,0.5319896221422545,1.874179873649131,0.0006017414897564524,0.005553637776440801,0.26472068444891794,526,0.0,0,0.009670409434344131,0.00984122333662566,0.04669649609843873,0.02323864525356121,0.05,0.3497735279315551,0.9991787984429435,0.0011301862173306546
MHEALTH,1,M3,late_product,64,0.01,1987,0,0.0,0.5252255784803102,2.000000084266575,0.5252259284279674,2.000000084266575,5.960783190907144e-07,0.0003496110439311983,0.25817815802717664,513,0.0,0,0.0028963695532831873,0.003811532519799041,0.9468513323390585,0.006400903657957799,0.01,0.5480624056366381,1.0000006662806833,1.1348996383904414e-06
MHEALTH,1,M3,late_mean,64,0.01,1987,0,0.0,0.5546805982252268,1.2722563162468403,0.554680588376242,1.2722567912213534,4.0536873814989536e-07,1.132575562223792e-06,0.29743331655762456,591,0.0,0,0.002133633473518341,0.0021336398710857197,0.0033333897590637207,0.006400903657957799,0.01,0.5480624056366381,0.9999999822438629,7.308147057007686e-07
MHEALTH,1,M3,cpsa,64,0.01,1987,0,0.0,0.5358375855526165,1.8784241553080325,0.5358146651928499,1.8783369830181265,3.4225914834026626e-05,0.00025827283141893753,0.2657272269753397,528,0.0,0,0.002632760710648447,0.0026427036765709106,0.009491145060998463,0.006400903657957799,0.01,0.5480624056366381,0.9999572251734768,6.38736732114993e-05
MHEALTH,1,M3,late_product,64,0.05,1987,0,0.0,0.5252255784803102,2.000000084266575,0.5252343366075042,2.000000084266575,1.49757239204657e-05,0.009021341800720045,0.25817815802717664,513,0.0,0,0.006767663163508664,0.009465483695006376,0.9468513323390585,0.02323864525356121,0.05,0.3497735279315551,1.0000166749822417,2.851293717224611e-05
MHEALTH,1,M3,late_mean,64,0.05,1987,0,0.0,0.5546805982252268,1.2722563162468403,0.5546805864341509,1.2722568545512885,4.109639385698613e-07,1.1348165571689606e-06,0.29743331655762456,591,0.0,0,0.007746212987781185,0.007746223205896417,0.016666725277900696,0.02323864525356121,0.05,0.3497735279315551,0.9999999787425846,7.409019530966006e-07
MHEALTH,1,M3,cpsa,64,0.05,1987,0,0.0,0.5358375855526165,1.8784241553080325,0.5355023605487409,1.8773432403933055,0.0004993136596854882,0.004663325979760664,0.2657272269753397,528,0.0,0,0.009670409434344131,0.00984122333662566,0.04669649609843873,0.02323864525356121,0.05,0.3497735279315551,0.9993743906494915,0.0009318376932639753
MHEALTH,1,M3,late_product,100,0.01,1987,0,0.0,0.5311129299217495,2.000000084266575,0.5311138745605162,2.000000084266575,1.1396315407272914e-06,0.0006278455257415771,0.26119778560644186,519,0.0,0,0.0028963695532831873,0.003811532519799041,0.9468513323390585,0.006400903657957799,0.01,0.5480624056366381,1.0000017786024655,2.1457424146973728e-06
MHEALTH,1,M3,late_mean,100,0.01,1987,0,0.0,0.5640029824126458,1.293638355815316,0.5640030245027876,1.2936393746822126,6.681040249536237e-07,1.7925631254911423e-06,0.29793658782083543,592,0.0,0,0.002133633473518341,0.0021336398710857197,0.0033333897590637207,0.006400903657957799,0.01,0.5480624056366381,1.0000000746275164,1.1845753405339507e-06
MHEALTH,1,M3,cpsa,100,0.01,1987,0,0.0,0.5369532699382696,1.8793066183375717,0.5369318384674994,1.8792202232668467,3.254632635905453e-05,0.00024188894975233494,0.2657272269753397,528,0.0,0,0.002632760710648447,0.0026427036765709106,0.009491145060998463,0.006400903657957799,0.01,0.5480624056366381,0.999960086897743,6.0612958671051934e-05
MHEALTH,1,M3,late_product,100,0.05,1987,0,0.0,0.5311129299217495,2.000000084266575,0.5311357699489423,2.000000084266575,2.7339552435230208e-05,0.01544305682182312,0.26119778560644186,519,0.0,0,0.006767663163508664,0.009465483695006376,0.9468513323390585,0.02323864525356121,0.05,0.3497735279315551,1.000043004088031,5.1475968471071165e-05
MHEALTH,1,M3,late_mean,100,0.05,1987,0,0.0,0.5640029824126458,1.293638355815316,0.5640030246293387,1.2936393150775678,6.575707525734859e-07,1.7925631254911423e-06,0.29793658782083543,592,0.0,0,0.007746212987781185,0.007746223205896417,0.016666725277900696,0.02323864525356121,0.05,0.3497735279315551,1.0000000748518967,1.165899424433154e-06
MHEALTH,1,M3,cpsa,100,0.05,1987,0,0.0,0.5369532699382696,1.8793066183375717,0.5367132510987948,1.878384546799651,0.0004302697208049406,0.004157110518022929,0.2657272269753397,528,0.0,0,0.009670409434344131,0.00984122333662566,0.04669649609843873,0.02323864525356121,0.05,0.3497735279315551,0.9995529986445515,0.0008013168834122309
MHEALTH,2,M1,late_product,2,0.01,1987,0,0.0,0.13130950459488483,1.9308802631456898,0.13351200668701338,1.9481360495920854,0.0023185691134945505,0.7841984927675062,0.07196779063915451,143,0.001509813789632612,3,0.004854869094665153,0.007488049889775455,1.0351967530326978,0.00639499051084846,0.01,0.5651736285858078,1.01677336380884,0.017657283230545905
MHEALTH,2,M1,late_mean,2,0.01,1987,0,0.0,0.11723146261466887,0.3332096697298681,0.11723146254342527,0.3332096697298681,1.1248989326004774e-10,5.960464477539063e-08,0.08807247106190237,175,0.0,0,0.0021316622509569144,0.0021316693683161906,0.0033333897590637207,0.00639499051084846,0.01,0.5651736285858078,0.9999999993922827,9.595537814775346e-10
MHEALTH,2,M1,cpsa,2,0.01,1987,0,0.0,0.18532157291558468,0.8841472272186833,0.18529289739281615,0.8841502610584572,4.387907861441111e-05,0.0009003176577905558,0.10770005032712632,214,0.0,0,0.002548516769326667,0.0025607484943796052,0.010550453633186407,0.00639499051084846,0.01,0.5651736285858078,0.9998452661375716,0.00023677264294750156
MHEALTH,2,M1,late_product,2,0.05,1987,0,0.0,0.13130950459488483,1.9308802631456898,0.13471901221350757,1.9481360495920854,0.006241297062373629,0.7841984927675062,0.07297433316557625,145,0.0035228988424760945,7,0.009076762244434588,0.014039583597366767,1.0371402539889267,0.024134410660841252,0.05,0.39758429793658784,1.0259654290002977,0.047531190385869136
MHEALTH,2,M1,late_mean,2,0.05,1987,0,0.0,0.11723146261466887,0.3332096697298681,0.11723146260248246,0.3332096697298681,4.030887841818377e-11,1.4901161193847656e-08,0.08807247106190237,175,0.0,0,0.008044801078354102,0.008044812453741458,0.016666725277900696,0.024134410660841252,0.05,0.39758429793658784,0.9999999998960484,3.438401050294499e-10
MHEALTH,2,M1,cpsa,2,0.05,1987,0,0.0,0.18532157291558468,0.8841472272186833,0.18476646967992774,0.8841676779634291,0.0007383763067566769,0.006419224128876522,0.10770005032712632,214,0.0,0,0.00984133687126351,0.01002755113050009,0.05308468350705198,0.024134410660841252,0.05,0.39758429793658784,0.9970046485850312,0.0039842976461947725
MHEALTH,2,M1,late_product,3,0.01,1987,0,0.0,0.17233334416342586,1.9986909943811855,0.17235299934461482,1.998690992177139,9.446092872511098e-05,0.03928343575368988,0.09008555611474585,179,0.0,0,0.004854869094665153,0.007488049889775455,1.0351967530326978,0.00639499051084846,0.01,0.5651736285858078,1.0001140532685904,0.0005481291457765277
MHEALTH,2,M1,late_mean,3,0.01,1987,0,0.0,0.18757034139794795,0.5331354626890317,0.18757034124430566,0.5331354626890317,8.083595889626634e-10,7.450580596923828e-08,0.10266733769501761,204,0.0,0,0.0021316622509569144,0.0021316693683161906,0.0033333897590637207,0.00639499051084846,0.01,0.5651736285858078,0.9999999991808818,4.309634364036547e-09
MHEALTH,2,M1,cpsa,3,0.01,1987,0,0.0,0.2839742076850333,1.3300876227376566,0.2839486780866555,1.330088682603341,3.5877174245989696e-05,0.000497996397192807,0.15349773527931554,305,0.0,0,0.002548516769326667,0.0025607484943796052,0.010550453633186407,0.00639499051084846,0.01,0.5651736285858078,0.999910098883325,0.00012633955223772451
MHEALTH,2,M1,late_product,3,0.05,1987,0,0.0,0.17233334416342586,1.9986909943811855,0.17200494475467384,1.9986909918425477,0.0017420084868705113,0.5382043538433208,0.08958228485153498,178,0.0005032712632108706,1,0.009076762244434588,0.014039583597366767,1.0371402539889267,0.024134410660841252,0.05,0.39758429793658784,0.9980943942662623,0.010108365826282249
MHEALTH,2,M1,late_mean,3,0.05,1987,0,0.0,0.18757034139794795,0.5331354626890317,0.18757034139558112,0.5331354626890317,7.871505570042586e-10,5.960464477539063e-08,0.10266733769501761,204,0.0,0,0.008044801078354102,0.008044812453741458,0.016666725277900696,0.024134410660841252,0.05,0.39758429793658784,0.9999999999873816,4.196561946508619e-09
MHEALTH,2,M1,cpsa,3,0.05,1987,0,0.0,0.2839742076850333,1.3300876227376566,0.28348807146534066,1.330111646864665,0.0006033383997977723,0.004522130218902021,0.15349773527931554,305,0.0,0,0.00984133687126351,0.01002755113050009,0.05308468350705198,0.024134410660841252,0.05,0.39758429793658784,0.9982880972759617,0.002124623939322539
MHEALTH,2,M1,late_product,5,0.01,1987,0,0.0,0.19226655332872875,1.999726040502565,0.19208202838318927,1.999726038796353,0.000545761094063465,1.0224962717399135,0.0996477101157524,198,0.0005032712632108706,1,0.004854869094665153,0.007488049889775455,1.0351967530326978,0.00639499051084846,0.01,0.5651736285858078,0.9990402649740957,0.002838564922575728
MHEALTH,2,M1,late_mean,5,0.01,1987,0,0.0,0.26795762949552715,0.7616220722816678,0.2679576312001172,0.7616220722816678,1.0411655613712258e-08,1.1920928955078125e-07,0.1132360342224459,225,0.0,0,0.0021316622509569144,0.0021316693683161906,0.0033333897590637207,0.00639499051084846,0.01,0.5651736285858078,1.0000000063614163,3.8855604273384026e-08
MHEALTH,2,M1,cpsa,5,0.01,1987,0,0.0,0.3614272551459411,1.5960093874478338,0.3613961793589906,1.596012050107897,3.979972620580364e-05,0.0003609216094427603,0.16406643180674382,326,0.0,0,0.002548516769326667,0.0025607484943796052,0.010550453633186407,0.00639499051084846,0.01,0.5651736285858078,0.9999140192486647,0.00011011822058005245
MHEALTH,2,M1,late_product,5,0.05,1987,0,0.0,0.19226655332872875,1.999726040502565,0.19312265179906324,1.9997260303416902,0.0016225051801854653,1.0224962717399135,0.10015098137896326,199,0.0010065425264217413,2,0.009076762244434588,0.014039583597366767,1.0371402539889267,0.024134410660841252,0.05,0.39758429793658784,1.0044526645717249,0.00843883219465311
MHEALTH,2,M1,late_mean,5,0.05,1987,0,0.0,0.26795762949552715,0.7616220722816678,0.26795763021864283,0.7616220722816678,9.295193423106285e-09,1.1920928955078125e-07,0.1132360342224459,225,0.0,0,0.008044801078354102,0.008044812453741458,0.016666725277900696,0.024134410660841252,0.05,0.39758429793658784,1.0000000026986196,3.468904184816818e-08
MHEALTH,2,M1,cpsa,5,0.05,1987,0,0.0,0.3614272551459411,1.5960093874478338,0.3608416120775224,1.5960356506035387,0.0006896305185777772,0.004207913003483554,0.16406643180674382,326,0.0,0,0.00984133687126351,0.01002755113050009,0.05308468350705198,0.024134410660841252,0.05,0.39758429793658784,0.9983796377830382,0.0019080755774749487
MHEALTH,2,M1,late_product,8,0.01,1987,0,0.0,0.2160992463387799,2.0000000957796478,0.21623665177883478,2.000000095779642,0.0003021735425615242,0.23709040880216836,0.11222949169602416,223,0.0,0,0.004854869094665153,0.007488049889775455,1.0351967530326978,0.00639499051084846,0.01,0.5651736285858078,1.0006358441428318,0.0013983090995505147
MHEALTH,2,M1,late_mean,8,0.01,1987,0,0.0,0.32824809458483534,0.9329870409159895,0.32824809549388195,0.9329870409159895,3.6108928579284535e-08,1.4901161193847656e-07,0.1217916456970307,242,0.0,0,0.0021316622509569144,0.0021316693683161906,0.0033333897590637207,0.00639499051084846,0.01,0.5651736285858078,1.000000002769389,1.1000499066096551e-07
MHEALTH,2,M1,cpsa,8,0.01,1987,0,0.0,0.39607742443698324,1.7002728532929012,0.3960395000814319,1.7002740822940323,4.704338383667355e-05,0.000307407806775295,0.16859587317564168,335,0.0,0,0.002548516769326667,0.0025607484943796052,0.010550453633186407,0.00639499051084846,0.01,0.5651736285858078,0.9999042501460282,0.00011877320173838448
MHEALTH,2,M1,late_product,8,0.05,1987,0,0.0,0.2160992463387799,2.0000000957796478,0.21686305827508065,2.000000095779642,0.004526356703390327,1.4076822181037643,0.11222949169602416,223,0.0025163563160543532,5,0.009076762244434588,0.014039583597366767,1.0371402539889267,0.024134410660841252,0.05,0.39758429793658784,1.0035345423421946,0.020945731093824988
MHEALTH,2,M1,late_mean,8,0.05,1987,0,0.0,0.32824809458483534,0.9329870409159895,0.32824809526538684,0.9329870409159895,2.771554206447493e-08,1.4901161193847656e-07,0.1217916456970307,242,0.0,0,0.008044801078354102,0.008044812453741458,0.016666725277900696,0.024134410660841252,0.05,0.39758429793658784,1.000000002073284,8.443473860687371e-08
MHEALTH,2,M1,cpsa,8,0.05,1987,0,0.0,0.39607742443698324,1.7002728532929012,0.39536731872085956,1.7002841764105554,0.000817430463075612,0.0045729423445664,0.16859587317564168,335,0.0,0,0.00984133687126351,0.01002755113050009,0.05308468350705198,0.024134410660841252,0.05,0.39758429793658784,0.9982071542776438,0.0020638148317530954
MHEALTH,2,M1,late_product,16,0.01,1987,0,0.0,0.2549205356846024,2.0000000961591664,0.2549313589226222,2.0000000961591664,1.4968206262168239e-05,0.013896256685256958,0.12984398590840462,258,0.0005032712632108706,1,0.004854869094665153,0.007488049889775455,1.0351967530326978,0.00639499051084846,0.01,0.5651736285858078,1.0000424573014126,5.871714580377113e-05
MHEALTH,2,M1,late_mean,16,0.01,1987,0,0.0,0.3907715435619357,1.1106988555498596,0.39077154351749316,1.1106988558991056,8.357929017646426e-08,2.980232238769531e-07,0.12732762959235028,253,0.0,0,0.0021316622509569144,0.0021316693683161906,0.0033333897590637207,0.00639499051084846,0.01,0.5651736285858078,0.9999999998862698,2.1388274441538825e-07
MHEALTH,2,M1,cpsa,16,0.01,1987,0,0.0,0.4175043752693193,1.7442600512223727,0.41746762480735505,1.744260270433096,4.474362320672754e-05,0.00020265878755210132,0.17413185707096124,346,0.0,0,0.002548516769326667,0.0025607484943796052,0.010550453633186407,0.00639499051084846,0.01,0.5651736285858078,0.9999119758638684,0.00010716923188616837
MHEALTH,2,M1,late_product,16,0.05,1987,0,0.0,0.2549205356846024,2.0000000961591664,0.2551883682363549,2.0000000961591664,0.000375420622116028,0.3512822985649109,0.12984398590840462,258,0.0005032712632108706,1,0.009076762244434588,0.014039583597366767,1.0371402539889267,0.024134410660841252,0.05,0.39758429793658784,1.0010506511412791,0.0014726966625415892
MHEALTH,2,M1,late_mean,16,0.05,1987,0,0.0,0.3907715435619357,1.1106988555498596,0.3907715436302174,1.1106988558991056,9.091761523407233e-08,2.980232238769531e-07,0.12732762959235028,253,0.0,0,0.008044801078354102,0.008044812453741458,0.016666725277900696,0.024134410660841252,0.05,0.39758429793658784,1.0000000001747356,2.3266181156730582e-07
MHEALTH,2,M1,cpsa,16,0.05,1987,0,0.0,0.4175043752693193,1.7442600512223727,0.416841576852941,1.7442616324683184,0.0007477132905559654,0.004299403443165151,0.17413185707096124,346,0.0,0,0.00984133687126351,0.01002755113050009,0.05308468350705198,0.024134410660841252,0.05,0.39758429793658784,0.9984124755196858,0.0017909112690702661
MHEALTH,2,M1,late_product,32,0.01,1987,0,0.0,0.28694253665446423,2.0000001951642274,0.28694631186793274,2.0000001951642274,5.014042885480392e-06,0.001500636339187622,0.14645193759436337,291,0.0,0,0.004854869094665153,0.007488049889775455,1.0351967530326978,0.00639499051084846,0.01,0.5651736285858078,1.0000131566881387,1.7474031365096263e-05
MHEALTH,2,M1,late_mean,32,0.01,1987,0,0.0,0.4275500312328239,1.2152349623834695,0.4275500350411834,1.215235200569218,1.8244094762438465e-07,5.960469025012571e-07,0.13135379969803723,261,0.0,0,0.0021316622509569144,0.0021316693683161906,0.0033333897590637207,0.00639499051084846,0.01,0.5651736285858078,1.0000000089074008,4.26712511511982e-07
MHEALTH,2,M1,cpsa,32,0.01,1987,0,0.0,0.42552666436269443,1.755553840243306,0.42549218782344506,1.7555539877566853,4.146822124875096e-05,0.00018101635291145612,0.17513839959738298,348,0.0,0,0.002548516769326667,0.0025607484943796052,0.010550453633186407,0.00639499051084846,0.01,0.5651736285858078,0.9999189791330679,9.745152236430907e-05
MHEALTH,2,M1,late_product,32,0.05,1987,0,0.0,0.28694253665446423,2.0000001951642274,0.2870363390866498,2.0000001951642274,0.0001248333301507633,0.03624792397022247,0.14645193759436337,291,0.0,0,0.009076762244434588,0.014039583597366767,1.0371402539889267,0.024134410660841252,0.05,0.39758429793658784,1.0003269031955988,0.000435046443814942
MHEALTH,2,M1,late_mean,32,0.05,1987,0,0.0,0.4275500312328239,1.2152349623834695,0.4275500359446178,1.215235200569218,2.1199977626396082e-07,5.960469025012571e-07,0.13135379969803723,261,0.0,0,0.008044801078354102,0.008044812453741458,0.016666725277900696,0.024134410660841252,0.05,0.39758429793658784,1.0000000110204503,4.958478792591073e-07
MHEALTH,2,M1,cpsa,32,0.05,1987,0,0.0,0.42552666436269443,1.755553840243306,0.42497607054812386,1.7555421103688267,0.0006248987871624154,0.004437146758429322,0.17513839959738298,348,0.0,0,0.00984133687126351,0.01002755113050009,0.05308468350705198,0.024134410660841252,0.05,0.39758429793658784,0.9987060885705126,0.0014685302696561162
MHEALTH,2,M1,late_product,64,0.01,1987,0,0.0,0.3117744993361511,2.0000001951642274,0.3117757953900173,2.0000001951642274,2.1796495880728408e-06,0.0008807070553302765,0.15903371917463513,316,0.0,0,0.004854869094665153,0.007488049889775455,1.0351967530326978,0.00639499051084846,0.01,0.5651736285858078,1.000004157023326,6.991109255932993e-06
MHEALTH,2,M1,late_mean,64,0.01,1987,0,0.0,0.44761102033700884,1.2722550492065139,0.4476110340521555,1.2722550501378365,4.1420033852960925e-07,1.1920928955078125e-06,0.13688978359335682,272,0.0,0,0.0021316622509569144,0.0021316693683161906,0.0033333897590637207,0.00639499051084846,0.01,0.5651736285858078,1.0000000306407708,9.253577765305142e-07
MHEALTH,2,M1,cpsa,64,0.01,1987,0,0.0,0.428894252382955,1.7592256526881234,0.4288625287657367,1.7592256342216506,3.798822362830403e-05,0.00018015856934966434,0.17715148465022648,352,0.0,0,0.002548516769326667,0.0025607484943796052,0.010550453633186407,0.00639499051084846,0.01,0.5651736285858078,0.9999260339418353,8.857247075995964e-05
MHEALTH,2,M1,late_product,64,0.05,1987,0,0.0,0.3117744993361511,2.0000001951642274,0.3118074953262518,2.0000001951642274,5.604338667028883e-05,0.022949169389903545,0.15903371917463513,316,0.0,0,0.009076762244434588,0.014039583597366767,1.0371402539889267,0.024134410660841252,0.05,0.39758429793658784,1.0001058328701384,0.00017975615962697322
MHEALTH,2,M1,late_mean,64,0.05,1987,0,0.0,0.44761102033700884,1.2722550492065139,0.44761103425791826,1.2722550501378365,4.182171651347701e-07,1.1920928955078125e-06,0.13688978359335682,272,0.0,0,0.008044801078354102,0.008044812453741458,0.016666725277900696,0.024134410660841252,0.05,0.39758429793658784,1.0000000311004618,9.343316990271868e-07
MHEALTH,2,M1,cpsa,64,0.05,1987,0,0.0,0.428894252382955,1.7592256526881234,0.4285202368734798,1.7592163317745677,0.0004446044197022722,0.003863784169269746,0.17715148465022648,352,0.0,0,0.00984133687126351,0.01002755113050009,0.05308468350705198,0.024134410660841252,0.05,0.39758429793658784,0.9991279540180426,0.0010366294657296778
MHEALTH,2,M1,late_product,100,0.01,1987,0,0.0,0.3186227137730091,2.0000001951642274,0.31862317553549196,2.0000001951642274,7.655580502663788e-07,0.0005092443898320198,0.16155007549068948,321,0.0,0,0.004854869094665153,0.007488049889775455,1.0351967530326978,0.00639499051084846,0.01,0.5651736285858078,1.000001449245339,2.402710218618539e-06
MHEALTH,2,M1,late_mean,100,0.01,1987,0,0.0,0.45513385122180416,1.2936369059201391,0.45513388568446794,1.2936375035964014,6.576822640615571e-07,1.7886050045490265e-06,0.13789632611977856,274,0.0,0,0.0021316622509569144,0.0021316693683161906,0.0033333897590637207,0.00639499051084846,0.01,0.5651736285858078,1.000000075719843,1.4450304285124318e-06
MHEALTH,2,M1,cpsa,100,0.01,1987,0,0.0,0.4300087231868944,1.7602794518103138,0.42997955840680724,1.7602787419655455,3.499639355430315e-05,0.00018061724303042315,0.17715148465022648,352,0.0,0,0.002548516769326667,0.0025607484943796052,0.010550453633186407,0.00639499051084846,0.01,0.5651736285858078,0.9999321763059339,8.138531073262132e-05
MHEALTH,2,M1,late_product,100,0.05,1987,0,0.0,0.3186227137730091,2.0000001951642274,0.31863447015517554,2.0000001951642274,1.9145423220880105e-05,0.012209398671984673,0.16155007549068948,321,0.0,0,0.009076762244434588,0.014039583597366767,1.0371402539889267,0.024134410660841252,0.05,0.39758429793658784,1.000036897501836,6.008806777824242e-05
MHEALTH,2,M1,late_mean,100,0.05,1987,0,0.0,0.45513385122180416,1.2936369059201391,0.4551338862501984,1.2936375035964014,6.458511395379316e-07,1.8533319234848022e-06,0.13789632611977856,274,0.0,0,0.008044801078354102,0.008044812453741458,0.016666725277900696,0.024134410660841252,0.05,0.39758429793658784,1.000000076962841,1.4190356041506207e-06
MHEALTH,2,M1,cpsa,100,0.05,1987,0,0.0,0.4300087231868944,1.7602794518103138,0.4297455488606934,1.7602723861979745,0.0003364995400936189,0.003126797382725255,0.17715148465022648,352,0.0,0,0.00984133687126351,0.01002755113050009,0.05308468350705198,0.024134410660841252,0.05,0.39758429793658784,0.9993879790990039,0.0007825411949779593
MHEALTH,2,M2,late_product,2,0.01,1987,0,0.0,0.19838223571189562,1.995741525370694,0.20226543575680048,1.99574151326293,0.0038891830665005282,0.7183181783702122,0.1132360342224459,225,0.0005032712632108706,1,0.0053652480283843985,0.007534825892185758,1.0317512083306728,0.005002560109743022,0.01,0.4494212380473075,1.0195743335131293,0.019604492572352437
MHEALTH,2,M2,late_mean,2,0.01,1987,0,0.0,0.139390185662112,0.33332571673647493,0.1393901856850787,0.33332571673647493,2.296668654059308e-11,1.4901161193847656e-08,0.1972823351786613,392,0.0,0,0.0016675188916812304,0.0016675269891358443,0.0033333897590637207,0.005002560109743022,0.01,0.4494212380473075,1.0000000001647655,1.6476544909887235e-10
MHEALTH,2,M2,cpsa,2,0.01,1987,0,0.0,0.21527166911234857,0.83081637697388,0.21523372101050078,0.8308162526350829,5.13846540860443e-05,0.0016918508922299513,0.15198792148968293,302,0.0,0,0.0020782094731801514,0.002087022544841896,0.009036551578191165,0.005002560109743022,0.01,0.4494212380473075,0.9998237199441791,0.00023869677927394644
MHEALTH,2,M2,late_product,2,0.05,1987,0,0.0,0.19838223571189562,1.995741525370694,0.2039425719120933,1.995740782201754,0.005686036428797548,0.7803031206186083,0.11424257674886763,227,0.001509813789632612,3,0.008415730134330902,0.011816850382901957,1.0429427673711076,0.019707749941089807,0.05,0.3286361348766985,1.0280283977052904,0.028662024139375075
MHEALTH,2,M2,late_mean,2,0.05,1987,0,0.0,0.139390185662112,0.33332571673647493,0.1393901856311773,0.33332571673647493,3.6559215309515514e-11,2.9802322387695312e-08,0.1972823351786613,392,0.0,0,0.00656924782567697,0.006569258948846065,0.016666725277900696,0.019707749941089807,0.05,0.3286361348766985,0.9999999997780712,2.622796944839192e-10
MHEALTH,2,M2,cpsa,2,0.05,1987,0,0.0,0.21527166911234857,0.83081637697388,0.214618516853601,0.8308162526350829,0.0008583622689650009,0.00960730054691794,0.1509813789632612,300,0.0010065425264217413,2,0.008329148500993516,0.00846821037613193,0.04531186768890905,0.019707749941089807,0.05,0.3286361348766985,0.9969659163166209,0.0039873443287004404
MHEALTH,2,M2,late_product,3,0.01,1987,0,0.0,0.31873750859192784,1.9999999788767502,0.32605371387508575,1.9999999901708307,0.0073204812540824836,0.7226036787081698,0.17111222949169602,340,0.0025163563160543532,5,0.0053652480283843985,0.007534825892185758,1.0317512083306728,0.005002560109743022,0.01,0.4494212380473075,1.0229537004147342,0.02296711575120807
MHEALTH,2,M2,late_mean,3,0.01,1987,0,0.0,0.22302429577978733,0.5333211706242231,0.2230242948561622,0.5333211706242231,1.1298133744338837e-09,6.705522537231445e-08,0.2883744338198289,573,0.0,0,0.0016675188916812304,0.0016675269891358443,0.0033333897590637207,0.005002560109743022,0.01,0.4494212380473075,0.9999999958586345,5.065875762475016e-09
MHEALTH,2,M2,cpsa,3,0.01,1987,0,0.0,0.3476953692325823,1.2252775247380554,0.34765811845707295,1.2252775002887806,4.646397076845607e-05,0.0012284842880223579,0.23603422244589833,469,0.0,0,0.0020782094731801514,0.002087022544841896,0.009036551578191165,0.005002560109743022,0.01,0.4494212380473075,0.9998928637571689,0.00013363413746639557
MHEALTH,2,M2,late_product,3,0.05,1987,0,0.0,0.31873750859192784,1.9999999788767502,0.3271024750078018,1.9999999891796358,0.008415920003246717,0.7260957062244416,0.17211877201811776,342,0.0035228988424760945,7,0.008415730134330902,0.011816850382901957,1.0429427673711076,0.019707749941089807,0.05,0.3286361348766985,1.0262440603643654,0.026403921020859276
MHEALTH,2,M2,late_mean,3,0.05,1987,0,0.0,0.22302429577978733,0.5333211706242231,0.22302429558453427,0.5333211706242231,5.251801981611271e-10,5.960464477539063e-08,0.2883744338198289,573,0.0,0,0.00656924782567697,0.006569258948846065,0.016666725277900696,0.019707749941089807,0.05,0.3286361348766985,0.9999999991245211,2.3548115972068197e-09
MHEALTH,2,M2,cpsa,3,0.05,1987,0,0.0,0.3476953692325823,1.2252775247380554,0.3471720008991835,1.2252775002887806,0.0006640244515036924,0.006322096104668162,0.23603422244589833,469,0.0,0,0.008329148500993516,0.00846821037613193,0.04531186768890905,0.019707749941089807,0.05,0.3286361348766985,0.9984947503484042,0.0019097880221105549
MHEALTH,2,M2,late_product,5,0.01,1987,0,0.0,0.4859948759598484,2.000000101047437,0.48600405423006204,2.000000101047631,1.0491293983314636e-05,0.002510249614715576,0.25163563160543534,500,0.0,0,0.0053652480283843985,0.007534825892185758,1.0317512083306728,0.005002560109743022,0.01,0.4494212380473075,1.0000188855287733,2.1587252257740672e-05
MHEALTH,2,M2,late_mean,5,0.01,1987,0,0.0,0.31860613916921754,0.7618873780717728,0.3186061407637923,0.761887318467128,1.1286955598304921e-08,1.1920928955078125e-07,0.2954202315047811,587,0.0,0,0.0016675188916812304,0.0016675269891358443,0.0033333897590637207,0.005002560109743022,0.01,0.4494212380473075,1.0000000050048463,3.542604554870242e-08
MHEALTH,2,M2,cpsa,5,0.01,1987,0,0.0,0.46144129191089045,1.6111798741022945,0.4614041244187645,1.6111797472084035,4.522354183904385e-05,0.0008748815973262936,0.26270759939607446,522,0.0,0,0.0020782094731801514,0.002087022544841896,0.009036551578191165,0.005002560109743022,0.01,0.4494212380473075,0.9999194534759297,9.800497404939007e-05
MHEALTH,2,M2,late_product,5,0.05,1987,0,0.0,0.4859948759598484,2.000000101047437,0.4862428364154868,2.000000101047631,0.0002784946623651131,0.06360942125320435,0.25163563160543534,500,0.0,0,0.008415730134330902,0.011816850382901957,1.0429427673711076,0.019707749941089807,0.05,0.3286361348766985,1.0005102120781597,0.0005730403264336508
MHEALTH,2,M2,late_mean,5,0.05,1987,0,0.0,0.31860613916921754,0.7618873780717728,0.31860613966631274,0.761887318467128,1.0202131190178335e-08,1.1920928955078125e-07,0.2954202315047811,587,0.0,0,0.00656924782567697,0.006569258948846065,0.016666725277900696,0.019707749941089807,0.05,0.3286361348766985,1.0000000015602186,3.202113812615455e-08
MHEALTH,2,M2,cpsa,5,0.05,1987,0,0.0,0.46144129191089045,1.6111798741022945,0.4609564532591692,1.6111797472084035,0.0006186675881598864,0.005016833866761772,0.26270759939607446,522,0.0,0,0.008329148500993516,0.00846821037613193,0.04531186768890905,0.019707749941089807,0.05,0.3286361348766985,0.9989492950452841,0.0013407287102502265
MHEALTH,2,M2,late_product,8,0.01,1987,0,0.0,0.5609691491077577,2.0000001289774394,0.5610161042138381,2.0000001266163343,5.2836728975976405e-05,0.0036795735359217967,0.2903875188726724,577,0.0,0,0.0053652480283843985,0.007534825892185758,1.0317512083306728,0.005002560109743022,0.01,0.4494212380473075,1.0000837035444017,9.418829727091977e-05
MHEALTH,2,M2,late_mean,8,0.01,1987,0,0.0,0.39029251924228653,0.9333120337058425,0.39029252258914376,0.9333120336912906,3.83530834301626e-08,1.341104507446289e-07,0.29743331655762456,591,0.0,0,0.0016675188916812304,0.0016675269891358443,0.0033333897590637207,0.005002560109743022,0.01,0.4494212380473075,1.0000000085752534,9.82675340655292e-08
MHEALTH,2,M2,cpsa,8,0.01,1987,0,0.0,0.5110176867358429,1.8027229806736926,0.5109831498082716,1.802723114551938,4.3382483696221984e-05,0.0005429336866820123,0.2642174131857071,525,0.0,0,0.0020782094731801514,0.002087022544841896,0.009036551578191165,0.005002560109743022,0.01,0.4494212380473075,0.9999324153968293,8.489429000653634e-05
MHEALTH,2,M2,late_product,8,0.05,1987,0,0.0,0.5609691491077577,2.0000001289774394,0.562065056009359,2.0000001039192887,0.001247003327288428,0.08999595046049796,0.2903875188726724,577,0.0,0,0.008415730134330902,0.011816850382901957,1.0429427673711076,0.019707749941089807,0.05,0.3286361348766985,1.0019535956716057,0.0022229445759572217
MHEALTH,2,M2,late_mean,8,0.05,1987,0,0.0,0.39029251924228653,0.9333120337058425,0.3902925219664653,0.9333120336912906,3.0731190099961495e-08,1.341104507446289e-07,0.29743331655762456,591,0.0,0,0.00656924782567697,0.006569258948846065,0.016666725277900696,0.019707749941089807,0.05,0.3286361348766985,1.0000000069798385,7.873886529934777e-08
MHEALTH,2,M2,cpsa,8,0.05,1987,0,0.0,0.5110176867358429,1.8027229806736926,0.5105648068948265,1.802723114551938,0.000611101372750923,0.004545108575598533,0.2642174131857071,525,0.0,0,0.008329148500993516,0.00846821037613193,0.04531186768890905,0.019707749941089807,0.05,0.3286361348766985,0.9991137687544454,0.0011958517065316678
MHEALTH,2,M2,late_product,16,0.01,1987,0,0.0,0.6120802957989088,2.0000001019949005,0.612081398136216,2.0000001019949005,3.1715716787560987e-06,0.0015273392200522721,0.3095118268746855,615,0.0,0,0.0053652480283843985,0.007534825892185758,1.0317512083306728,0.005002560109743022,0.01,0.4494212380473075,1.0000018009684593,5.181626823350769e-06
MHEALTH,2,M2,late_mean,16,0.01,1987,0,0.0,0.46463395917528155,1.1110857646794017,0.4646339516887543,1.1110858242840465,8.596161020154972e-08,2.9872171580791473e-07,0.2999496728736789,596,0.0,0,0.0016675188916812304,0.0016675269891358443,0.0033333897590637207,0.005002560109743022,0.01,0.4494212380473075,0.9999999838872577,1.850093143302102e-07
MHEALTH,2,M2,cpsa,16,0.01,1987,0,0.0,0.5393342325960983,1.8858877700014638,0.5393096456322355,1.8858878807156714,3.302619722623012e-05,0.0002306979307214463,0.2652239557121288,527,0.0,0,0.0020782094731801514,0.002087022544841896,0.009036551578191165,0.005002560109743022,0.01,0.4494212380473075,0.9999544123803445,6.12351214334342e-05
MHEALTH,2,M2,late_product,16,0.05,1987,0,0.0,0.6120802957989088,2.0000001019949005,0.6121078153230116,2.0000001019949005,7.922683419050567e-05,0.03794372081769795,0.3095118268746855,615,0.0,0,0.008415730134330902,0.011816850382901957,1.0429427673711076,0.019707749941089807,0.05,0.3286361348766985,1.0000449606437125,0.00012943862877842852
MHEALTH,2,M2,late_mean,16,0.05,1987,0,0.0,0.46463395917528155,1.1110857646794017,0.4646339509092931,1.1110858242840465,9.427648814502158e-08,2.9872171580791473e-07,0.2999496728736789,596,0.0,0,0.00656924782567697,0.006569258948846065,0.016666725277900696,0.019707749941089807,0.05,0.3286361348766985,0.9999999822096765,2.029048593700748e-07
MHEALTH,2,M2,cpsa,16,0.05,1987,0,0.0,0.5393342325960983,1.8858877700014638,0.5389925673166893,1.8858878807156714,0.0005075073129350811,0.00388954666775021,0.2652239557121288,527,0.0,0,0.008329148500993516,0.00846821037613193,0.04531186768890905,0.019707749941089807,0.05,0.3286361348766985,0.9993665054825756,0.0009409885044607358
MHEALTH,2,M2,late_product,32,0.01,1987,0,0.0,0.6307714488259403,2.0000001019949005,0.6307706163475163,2.0000001019949005,2.1429339709638045e-06,0.0014716265880027196,0.31857070961248113,633,0.0,0,0.0053652480283843985,0.007534825892185758,1.0317512083306728,0.005002560109743022,0.01,0.4494212380473075,0.9999986802217736,3.3973223977598604e-06
MHEALTH,2,M2,late_mean,32,0.01,1987,0,0.0,0.5083642033142803,1.2156587835750834,0.5083641898902019,1.2156585451274005,1.7990572063557703e-07,5.979090929031372e-07,0.30095621540010065,598,0.0,0,0.0016675188916812304,0.0016675269891358443,0.0033333897590637207,0.005002560109743022,0.01,0.4494212380473075,0.9999999735935805,3.5389140199621006e-07
MHEALTH,2,M2,cpsa,32,0.01,1987,0,0.0,0.5492277741356095,1.9136134889455008,0.5492086920902536,1.9136134236662068,2.7192160625739834e-05,0.00017479977506695832,0.2657272269753397,528,0.0,0,0.0020782094731801514,0.002087022544841896,0.009036551578191165,0.005002560109743022,0.01,0.4494212380473075,0.9999652565906996,4.950980614288059e-05
MHEALTH,2,M2,late_product,32,0.05,1987,0,0.0,0.6307714488259403,2.0000001019949005,0.630749827186436,2.0000001019949005,5.432789307022568e-05,0.03781792006039732,0.31857070961248113,633,0.0,0,0.008415730134330902,0.011816850382901957,1.0429427673711076,0.019707749941089807,0.05,0.3286361348766985,0.9999657219115664,8.612928370703303e-05
MHEALTH,2,M2,late_mean,32,0.05,1987,0,0.0,0.5083642033142803,1.2156587835750834,0.508364189700844,1.2156585451274005,2.0892014506256343e-07,5.979090929031372e-07,0.30095621540010065,598,0.0,0,0.00656924782567697,0.006569258948846065,0.016666725277900696,0.019707749941089807,0.05,0.3286361348766985,0.9999999732210957,4.1096549226029014e-07
MHEALTH,2,M2,cpsa,32,0.05,1987,0,0.0,0.5492277741356095,1.9136134889455008,0.548964786892739,1.9136134236662068,0.00042549602729617577,0.0031915923978047545,0.2657272269753397,528,0.0,0,0.008329148500993516,0.00846821037613193,0.04531186768890905,0.019707749941089807,0.05,0.3286361348766985,0.9995211690754634,0.0007747168794692397
MHEALTH,2,M2,late_product,64,0.01,1987,0,0.0,0.6383800179723604,2.0000001019949005,0.6383782611583069,2.0000001257857707,3.1078594686519205e-06,0.0029920339611830826,0.3220936084549572,640,0.0,0,0.0053652480283843985,0.007534825892185758,1.0317512083306728,0.005002560109743022,0.01,0.4494212380473075,0.9999972480121493,4.868353302353019e-06
MHEALTH,2,M2,late_mean,64,0.01,1987,0,0.0,0.5322170669664852,1.272697699448937,0.5322170244739827,1.27269823589074,3.994176971770215e-07,1.1920944871235406e-06,0.3014594866633115,599,0.0,0,0.0016675188916812304,0.0016675269891358443,0.0033333897590637207,0.005002560109743022,0.01,0.4494212380473075,0.9999999201594516,7.504789341942949e-07
MHEALTH,2,M2,cpsa,64,0.01,1987,0,0.0,0.5532218797729824,1.921920083148264,0.5532061625264193,1.921920137868197,2.3363726022645408e-05,0.00015032211131682516,0.2657272269753397,528,0.0,0,0.0020782094731801514,0.002087022544841896,0.009036551578191165,0.005002560109743022,0.01,0.4494212380473075,0.9999715896150572,4.223210772544433e-05
MHEALTH,2,M2,late_product,64,0.05,1987,0,0.0,0.6383800179723604,2.0000001019949005,0.6383365916996169,2.0000001019949005,7.645771982142393e-05,0.07336771495237282,0.3220936084549572,640,0.0,0,0.008415730134330902,0.011816850382901957,1.0429427673711076,0.019707749941089807,0.05,0.3286361348766985,0.9999319742605955,0.00011976834748723961
MHEALTH,2,M2,late_mean,64,0.05,1987,0,0.0,0.5322170669664852,1.272697699448937,0.5322170249752658,1.27269823589074,3.9784776010421095e-07,1.1920944871235406e-06,0.3014594866633115,599,0.0,0,0.00656924782567697,0.006569258948846065,0.016666725277900696,0.019707749941089807,0.05,0.3286361348766985,0.9999999211013287,7.475291282405723e-07
MHEALTH,2,M2,cpsa,64,0.05,1987,0,0.0,0.5532218797729824,1.921920083148264,0.5530698559919137,1.921920137868197,0.0002941342429702113,0.002711947933623726,0.2657272269753397,528,0.0,0,0.008329148500993516,0.00846821037613193,0.04531186768890905,0.019707749941089807,0.05,0.3286361348766985,0.9997252028767715,0.0005316750000757579
MHEALTH,2,M2,late_product,100,0.01,1987,0,0.0,0.6411253114700115,2.0000001019949005,0.6411252984049115,2.0000001019949005,1.3003656966856733e-07,9.753555059432983e-05,0.3236034222445898,643,0.0,0,0.0053652480283843985,0.007534825892185758,1.0317512083306728,0.005002560109743022,0.01,0.4494212380473075,0.9999999796216126,2.028255121770368e-07
MHEALTH,2,M2,late_mean,100,0.01,1987,0,0.0,0.5411617896935256,1.294088550684755,0.541161787353288,1.2940881332485148,6.057345098348219e-07,1.7881393432617188e-06,0.3014594866633115,599,0.0,0,0.0016675188916812304,0.0016675269891358443,0.0033333897590637207,0.005002560109743022,0.01,0.4494212380473075,0.9999999956755307,1.1193223937297304e-06
MHEALTH,2,M2,cpsa,100,0.01,1987,0,0.0,0.5545209479238185,1.92428184630465,0.5545071627412532,1.9242816630011803,2.1040562519605767e-05,0.00013838807339539017,0.2657272269753397,528,0.0,0,0.0020782094731801514,0.002087022544841896,0.009036551578191165,0.005002560109743022,0.01,0.4494212380473075,0.9999751403754595,3.794367480324003e-05
MHEALTH,2,M2,late_product,100,0.05,1987,0,0.0,0.6411253114700115,2.0000001019949005,0.6411249126964091,2.0000001019949005,3.058355820673399e-06,0.002561710774898529,0.3236034222445898,643,0.0,0,0.008415730134330902,0.011816850382901957,1.0429427673711076,0.019707749941089807,0.05,0.3286361348766985,0.999999378009891,4.770293366925434e-06
MHEALTH,2,M2,late_mean,100,0.05,1987,0,0.0,0.5411617896935256,1.294088550684755,0.5411617893659196,1.2940881332485148,5.9100348960453e-07,1.7900019884109497e-06,0.3014594866633115,599,0.0,0,0.00656924782567697,0.006569258948846065,0.016666725277900696,0.019707749941089807,0.05,0.3286361348766985,0.9999999993946248,1.0921012918137312e-06
MHEALTH,2,M2,cpsa,100,0.05,1987,0,0.0,0.5545209479238185,1.92428184630465,0.5544397596147199,1.9242816630011803,0.00024080740584128706,0.0022917380031982626,0.2657272269753397,528,0.0,0,0.008329148500993516,0.00846821037613193,0.04531186768890905,0.019707749941089807,0.05,0.3286361348766985,0.9998535883821837,0.00043426205401778583
MHEALTH,2,M3,late_product,2,0.01,1987,0,0.0,0.043296902984484575,1.9370491707744073,0.04356451475000409,1.937049211659611,0.0014601852745468424,0.6897301941177613,0.010568696527428284,21,0.001509813789632612,3,0.0039911927560346405,0.005137465210954836,1.0349251242392417,0.0063751117812968616,0.01,0.5450427780573729,1.0061808523721758,0.033724935824396014
MHEALTH,2,M3,late_mean,2,0.01,1987,0,0.0,0.13417931154566762,0.33327453798167017,0.13417931154648788,0.33327453798167017,8.202388050211814e-13,4.656612873077393e-10,0.1716155007549069,341,0.0,0,0.0021250363213879686,0.002125042031285363,0.0033333897590637207,0.0063751117812968616,0.01,0.5450427780573729,1.000000000006113,6.113005019719564e-12
MHEALTH,2,M3,cpsa,2,0.01,1987,0,0.0,0.20732987790281449,0.8563956811258034,0.2073124860491321,0.8563955619165139,4.054461678890961e-05,0.0013154771778545182,0.1992954202315048,396,0.0,0,0.002304009310723496,0.002314262712201038,0.009970799404564357,0.0063751117812968616,0.01,0.5450427780573729,0.9999161150633074,0.00019555607324437256
MHEALTH,2,M3,late_product,2,0.05,1987,0,0.0,0.043296902984484575,1.9370491707744073,0.044499194562342304,1.937049605634035,0.004445928755959673,0.7855363488197407,0.011071967790639155,22,0.003019627579265224,6,0.007293694397673198,0.010020686931923909,1.0349251242392417,0.02376425456976916,0.05,0.36940110719677904,1.0277685352758041,0.10268468295648929
MHEALTH,2,M3,late_mean,2,0.05,1987,0,0.0,0.13417931154566762,0.33327453798167017,0.13417931162347313,0.33327453798167017,1.0780281437421241e-10,5.960464477539063e-08,0.1716155007549069,341,0.0,0,0.007921416066632693,0.007921425093121753,0.016666725277900696,0.02376425456976916,0.05,0.36940110719677904,1.0000000005798622,8.034235168774284e-10
MHEALTH,2,M3,cpsa,2,0.05,1987,0,0.0,0.20732987790281449,0.8563956811258034,0.20703239779251323,0.8563955619165139,0.0007016839973191416,0.01052348540492029,0.1992954202315048,396,0.0,0,0.008558311298547193,0.008705816257096455,0.05108739349616975,0.02376425456976916,0.05,0.36940110719677904,0.9985651845584904,0.0033843843657114132
MHEALTH,2,M3,late_product,3,0.01,1987,0,0.0,0.06922987300193781,1.9982915664986212,0.0701104667917314,1.998291557189942,0.0014687468753616453,0.7856234911305136,0.02415702063412179,48,0.0010065425264217413,2,0.0039911927560346405,0.005137465210954836,1.0349251242392417,0.0063751117812968616,0.01,0.5450427780573729,1.0127198527400005,0.02121550729004708
MHEALTH,2,M3,late_mean,3,0.01,1987,0,0.0,0.21468689776141042,0.5332392161195418,0.2146868975682284,0.5332392161195418,7.372200685851439e-10,6.705522537231445e-08,0.19879214896829392,395,0.0,0,0.0021250363213879686,0.002125042031285363,0.0033333897590637207,0.0063751117812968616,0.01,0.5450427780573729,0.9999999991001686,3.43393134966459e-09
MHEALTH,2,M3,cpsa,3,0.01,1987,0,0.0,0.32561428061679737,1.2046738412559355,0.3255957103554857,1.2046161675779452,3.302500560520407e-05,0.000847820095032148,0.22546552591847005,448,0.0,0,0.002304009310723496,0.002314262712201038,0.009970799404564357,0.0063751117812968616,0.01,0.5450427780573729,0.9999429685292779,0.00010142370151163578
MHEALTH,2,M3,late_product,3,0.05,1987,0,0.0,0.06922987300193781,1.9982915664986212,0.07140350676933525,1.9982998153864768,0.0044162697763603515,0.7856234911305136,0.02415702063412179,48,0.001509813789632612,3,0.007293694397673198,0.010020686931923909,1.0349251242392417,0.02376425456976916,0.05,0.36940110719677904,1.031397338650854,0.06379138924950413
MHEALTH,2,M3,late_mean,3,0.05,1987,0,0.0,0.21468689776141042,0.5332392161195418,0.21468689756834558,0.5332392161195418,5.632122649485076e-10,7.450580596923828e-08,0.19879214896829392,395,0.0,0,0.007921416066632693,0.007921425093121753,0.016666725277900696,0.02376425456976916,0.05,0.36940110719677904,0.9999999991007144,2.6234123778453703e-09
MHEALTH,2,M3,cpsa,3,0.05,1987,0,0.0,0.32561428061679737,1.2046738412559355,0.32529078669979244,1.203219327599129,0.0005916227460131807,0.005751564776998147,0.22546552591847005,448,0.0,0,0.008558311298547193,0.008705816257096455,0.05108739349616975,0.02376425456976916,0.05,0.36940110719677904,0.9990065118876478,0.0018169434856864838
MHEALTH,2,M3,late_product,5,0.01,1987,0,0.0,0.1679970050504958,2.000000026369604,0.16978105705737473,2.000000026369542,0.0018710807612258918,0.5271534249188343,0.0825364871665828,164,0.0005032712632108706,1,0.0039911927560346405,0.005137465210954836,1.0349251242392417,0.0063751117812968616,0.01,0.5450427780573729,1.0106195464993122,0.01113758403409329
MHEALTH,2,M3,late_mean,5,0.01,1987,0,0.0,0.3066955682825606,0.7617703343587561,0.30669556956291216,0.7617703343587561,9.15794927226383e-09,1.1920928955078125e-07,0.21540010065425264,428,0.0,0,0.0021250363213879686,0.002125042031285363,0.0033333897590637207,0.0063751117812968616,0.01,0.5450427780573729,1.000000004174666,2.98600639179323e-08
MHEALTH,2,M3,cpsa,5,0.01,1987,0,0.0,0.42213876434783165,1.5349562990852519,0.42211499773294037,1.5349563210061348,3.624564116323106e-05,0.0005666609497438913,0.23905385002516355,475,0.0,0,0.002304009310723496,0.002314262712201038,0.009970799404564357,0.0063751117812968616,0.01,0.5450427780573729,0.9999436995203982,8.586191135331407e-05
MHEALTH,2,M3,late_product,5,0.05,1987,0,0.0,0.1679970050504958,2.000000026369604,0.18773387592392032,2.000000026369542,0.02133835124550933,1.020010052481667,0.08505284348263714,169,0.004026170105686965,8,0.007293694397673198,0.010020686931923909,1.0349251242392417,0.02376425456976916,0.05,0.36940110719677904,1.1174834686338133,0.1270162598380581
MHEALTH,2,M3,late_mean,5,0.05,1987,0,0.0,0.3066955682825606,0.7617703343587561,0.30669556795290054,0.7617703343587561,7.968368651038826e-09,1.1920928955078125e-07,0.21540010065425264,428,0.0,0,0.007921416066632693,0.007921425093121753,0.016666725277900696,0.02376425456976916,0.05,0.36940110719677904,0.9999999989251228,2.598136222072018e-08
MHEALTH,2,M3,cpsa,5,0.05,1987,0,0.0,0.42213876434783165,1.5349562990852519,0.4217067770294505,1.5348961788580837,0.0006701570502698665,0.004789490963446497,0.23905385002516355,475,0.0,0,0.008558311298547193,0.008705816257096455,0.05108739349616975,0.02376425456976916,0.05,0.36940110719677904,0.9989766698657762,0.001587527862562449
MHEALTH,2,M3,late_product,8,0.01,1987,0,0.0,0.23448673816022136,2.00000004883718,0.23475783806064798,2.0000000488371796,0.000272998015108367,0.11067461968318974,0.10669350780070458,212,0.0005032712632108706,1,0.0039911927560346405,0.005137465210954836,1.0349251242392417,0.0063751117812968616,0.01,0.5450427780573729,1.0011561417185195,0.0011642364819874438
MHEALTH,2,M3,late_mean,8,0.01,1987,0,0.0,0.3757020744874084,0.9331686618363078,0.3757020745945351,0.9331686618363078,3.57310237495604e-08,1.341104507446289e-07,0.22345244086562657,444,0.0,0,0.0021250363213879686,0.002125042031285363,0.0033333897590637207,0.0063751117812968616,0.01,0.5450427780573729,1.0000000002851372,9.51046751560003e-08
MHEALTH,2,M3,cpsa,8,0.01,1987,0,0.0,0.4651599666526566,1.7331691092760968,0.4651308522559929,1.7330893659993412,4.200665044033305e-05,0.0003659825663362426,0.2435832913940614,484,0.0,0,0.002304009310723496,0.002314262712201038,0.009970799404564357,0.0063751117812968616,0.01,0.5450427780573729,0.9999374099261524,9.030581617463262e-05
MHEALTH,2,M3,late_product,8,0.05,1987,0,0.0,0.23448673816022136,2.00000004883718,0.2394020881341899,2.000000048837179,0.004961364849357169,1.3637018725286525,0.10920986411675894,217,0.003019627579265224,6,0.007293694397673198,0.010020686931923909,1.0349251242392417,0.02376425456976916,0.05,0.36940110719677904,1.0209621661870274,0.021158402766331037
MHEALTH,2,M3,late_mean,8,0.05,1987,0,0.0,0.3757020744874084,0.9331686618363078,0.37570207498215646,0.9331686618363078,2.6335305415014915e-08,1.341104507446289e-07,0.22345244086562657,444,0.0,0,0.007921416066632693,0.007921425093121753,0.016666725277900696,0.02376425456976916,0.05,0.36940110719677904,1.0000000013168628,7.009624700887176e-08
MHEALTH,2,M3,cpsa,8,0.05,1987,0,0.0,0.4651599666526566,1.7331691092760968,0.46462180980051637,1.7330893659993412,0.0007848245850394799,0.00532306545017569,0.2435832913940614,484,0.0,0,0.008558311298547193,0.008705816257096455,0.05108739349616975,0.02376425456976916,0.05,0.36940110719677904,0.9988430714362355,0.001687214380650953
MHEALTH,2,M3,late_product,16,0.01,1987,0,0.0,0.30963725852885204,2.000000117701539,0.30965544572332515,2.0000001177015734,2.0463515212928415e-05,0.006994992494583152,0.14494212380473076,288,0.0,0,0.0039911927560346405,0.005137465210954836,1.0349251242392417,0.0063751117812968616,0.01,0.5450427780573729,1.0000587370995322,6.608867198396804e-05
MHEALTH,2,M3,late_mean,16,0.01,1987,0,0.0,0.44726437260836877,1.1109152983547936,0.4472643767487608,1.110915119424444,7.929912731373358e-08,2.9848888516426086e-07,0.22949169602415703,456,0.0,0,0.0021250363213879686,0.002125042031285363,0.0033333897590637207,0.0063751117812968616,0.01,0.5450427780573729,1.000000009257147,1.7729810861364773e-07
MHEALTH,2,M3,cpsa,16,0.01,1987,0,0.0,0.490735517715606,1.82530883259576,0.49070688510415206,1.8252242799229528,3.992309145194068e-05,0.00023152267942982974,0.24609964771011575,489,0.0,0,0.002304009310723496,0.002314262712201038,0.009970799404564357,0.0063751117812968616,0.01,0.5450427780573729,0.9999416536801998,8.135358051478385e-05
MHEALTH,2,M3,late_product,16,0.05,1987,0,0.0,0.30963725852885204,2.000000117701539,0.31010635553686566,2.0000001177018376,0.0005266388954791745,0.20695205032825534,0.14494212380473076,288,0.0,0,0.007293694397673198,0.010020686931923909,1.0349251242392417,0.02376425456976916,0.05,0.36940110719677904,1.0015149888945614,0.0017008253398875194
MHEALTH,2,M3,late_mean,16,0.05,1987,0,0.0,0.44726437260836877,1.1109152983547936,0.4472643760419493,1.110915119424444,8.797069196041751e-08,2.9848888516426086e-07,0.22949169602415703,456,0.0,0,0.007921416066632693,0.007921425093121753,0.016666725277900696,0.02376425456976916,0.05,0.36940110719677904,1.0000000076768478,1.966861152999681e-07
MHEALTH,2,M3,cpsa,16,0.05,1987,0,0.0,0.490735517715606,1.82530883259576,0.4902183368948302,1.8252242799229528,0.0007316455424688647,0.00482753861012597,0.24559637644690488,488,0.0005032712632108706,1,0.008558311298547193,0.008705816257096455,0.05108739349616975,0.02376425456976916,0.05,0.36940110719677904,0.9989461108843654,0.0014909162187296016
MHEALTH,2,M3,late_product,32,0.01,1987,0,0.0,0.35498691526417026,2.000000117701844,0.35499220957151606,2.000000117701844,5.895538397211853e-06,0.0024363398551944864,0.1680926019124308,334,0.0,0,0.0039911927560346405,0.005137465210954836,1.0349251242392417,0.0063751117812968616,0.01,0.5450427780573729,1.0000149140915289,1.660776255041563e-05
MHEALTH,2,M3,late_mean,32,0.01,1987,0,0.0,0.4893598512110079,1.2154721522566891,0.4893598525300063,1.2154717946288205,1.7025147856045184e-07,5.371402949094772e-07,0.23603422244589833,469,0.0,0,0.0021250363213879686,0.002125042031285363,0.0033333897590637207,0.0063751117812968616,0.01,0.5450427780573729,1.0000000026953548,3.4790651120874406e-07
MHEALTH,2,M3,cpsa,32,0.01,1987,0,0.0,0.4999674209263966,1.8493415245385423,0.49994032012965717,1.8492573810904334,3.7716132971183106e-05,0.0002099756859053059,0.2486160040261701,494,0.0,0,0.002304009310723496,0.002314262712201038,0.009970799404564357,0.0063751117812968616,0.01,0.5450427780573729,0.9999457948746155,7.543718128932953e-05
MHEALTH,2,M3,late_product,32,0.05,1987,0,0.0,0.35498691526417026,2.000000117701844,0.3551198905934219,2.000000117701844,0.0001479260381696549,0.0595946311950782,0.1680926019124308,334,0.0,0,0.007293694397673198,0.010020686931923909,1.0349251242392417,0.02376425456976916,0.05,0.36940110719677904,1.0003745921991314,0.0004167084244769217
MHEALTH,2,M3,late_mean,32,0.05,1987,0,0.0,0.4893598512110079,1.2154721522566891,0.4893598545738071,1.2154717946288205,2.0059351808185107e-07,5.371402949094772e-07,0.23603422244589833,469,0.0,0,0.007921416066632693,0.007921425093121753,0.016666725277900696,0.02376425456976916,0.05,0.36940110719677904,1.000000006871833,4.0991004387762253e-07
MHEALTH,2,M3,cpsa,32,0.05,1987,0,0.0,0.4999674209263966,1.8493415245385423,0.49952031562600036,1.8492573810904334,0.0006305957794155439,0.004207377202615992,0.2486160040261701,494,0.0,0,0.008558311298547193,0.008705816257096455,0.05108739349616975,0.02376425456976916,0.05,0.36940110719677904,0.9991057311303048,0.0012612737410911778
MHEALTH,2,M3,late_product,64,0.01,1987,0,0.0,0.38003004508842525,2.000000117701844,0.3800330242296435,2.000000117701844,3.2795150619563184e-06,0.0010274052619934082,0.1801711122294917,358,0.0,0,0.0039911927560346405,0.005137465210954836,1.0349251242392417,0.0063751117812968616,0.01,0.5450427780573729,1.000007839225495,8.629620484857301e-06
MHEALTH,2,M3,late_mean,64,0.01,1987,0,0.0,0.5123209888273645,1.2725034548888194,0.5123209810196392,1.2725027990048963,4.139261696658523e-07,1.1920938050025143e-06,0.24106693507800706,479,0.0,0,0.0021250363213879686,0.002125042031285363,0.0033333897590637207,0.0063751117812968616,0.01,0.5450427780573729,0.9999999847600908,8.079430253546218e-07
MHEALTH,2,M3,cpsa,64,0.01,1987,0,0.0,0.5037683450145327,1.857084877477699,0.5037434329822353,1.8570011800746071,3.506848074673144e-05,0.00019472875978365778,0.24911927528938096,495,0.0,0,0.002304009310723496,0.002314262712201038,0.009970799404564357,0.0063751117812968616,0.01,0.5450427780573729,0.9999505486350146,6.9612315052705e-05
MHEALTH,2,M3,late_product,64,0.05,1987,0,0.0,0.38003004508842525,2.000000117701844,0.3801035684428156,2.000000117701844,8.083103065696133e-05,0.024558067321777344,0.1801711122294917,358,0.0,0,0.007293694397673198,0.010020686931923909,1.0349251242392417,0.02376425456976916,0.05,0.36940110719677904,1.0001934672148705,0.00021269642151097184
MHEALTH,2,M3,late_mean,64,0.05,1987,0,0.0,0.5123209888273645,1.2725034548888194,0.5123209801581541,1.2725027990048963,4.168359082381789e-07,1.1920938050025143e-06,0.24106693507800706,479,0.0,0,0.007921416066632693,0.007921425093121753,0.016666725277900696,0.02376425456976916,0.05,0.36940110719677904,0.9999999830785569,8.136225478332666e-07
MHEALTH,2,M3,cpsa,64,0.05,1987,0,0.0,0.5037683450145327,1.857084877477699,0.5034391367073464,1.8570011800746071,0.0004815375411556464,0.0033813253647351216,0.24911927528938096,495,0.0,0,0.008558311298547193,0.008705816257096455,0.05108739349616975,0.02376425456976916,0.05,0.36940110719677904,0.9993465085481368,0.0009558709790345303
MHEALTH,2,M3,late_product,100,0.01,1987,0,0.0,0.3872268844752012,2.000000117701844,0.3872280092179201,2.000000117701844,1.1442910679749465e-06,0.0012621879577636719,0.18369401107196778,365,0.0,0,0.0039911927560346405,0.005137465210954836,1.0349251242392417,0.0063751117812968616,0.01,0.5450427780573729,1.000002904609065,2.955091998650288e-06
MHEALTH,2,M3,late_mean,100,0.01,1987,0,0.0,0.520931474746379,1.293888988870175,0.5209314798035045,1.293889345566721,6.621589361169782e-07,1.4919787645339966e-06,0.24106693507800706,479,0.0,0,0.0021250363213879686,0.002125042031285363,0.0033333897590637207,0.0063751117812968616,0.01,0.5450427780573729,1.0000000097078516,1.2711056409854239e-06
MHEALTH,2,M3,cpsa,100,0.01,1987,0,0.0,0.5050123753437075,1.8593191863198713,0.5049891147606638,1.8592360753734987,3.290144537316878e-05,0.0001835079574901144,0.24911927528938096,495,0.0,0,0.002304009310723496,0.002314262712201038,0.009970799404564357,0.0063751117812968616,0.01,0.5450427780573729,0.9999539405682328,6.514978044008588e-05
MHEALTH,2,M3,late_product,100,0.05,1987,0,0.0,0.3872268844752012,2.000000117701844,0.3872540395660938,2.000000117701844,2.7591877640416542e-05,0.030479729175567627,0.18369401107196778,365,0.0,0,0.007293694397673198,0.010020686931923909,1.0349251242392417,0.02376425456976916,0.05,0.36940110719677904,1.0000701270804824,7.125506711087768e-05
MHEALTH,2,M3,late_mean,100,0.05,1987,0,0.0,0.520931474746379,1.293888988870175,0.5209314823891316,1.293889345566721,6.462301328774111e-07,1.4961697161197662e-06,0.24106693507800706,479,0.0,0,0.007921416066632693,0.007921425093121753,0.016666725277900696,0.02376425456976916,0.05,0.36940110719677904,1.0000000146713204,1.2405281005376668e-06
MHEALTH,2,M3,cpsa,100,0.05,1987,0,0.0,0.5050123753437075,1.8593191863198713,0.5047681866047498,1.8592360753734987,0.0003758957085427398,0.002753460827549903,0.24911927528938096,495,0.0,0,0.008558311298547193,0.008705816257096455,0.05108739349616975,0.02376425456976916,0.05,0.36940110719677904,0.9995164697918709,0.0007443296974394105
HAPT,0,M1,late_product,2,0.01,3162,0,0.0,0.06961147816583342,1.8412709317329594,0.06982863420923918,1.848942008871659,0.00039711363883994377,0.34119209124357996,0.03257432005060089,103,0.00031625553447185326,1,0.005112399981320222,0.006140708953556791,1.0376926317757653,0.005289273670252949,0.01,0.4576217583807717,1.0031195436317044,0.005704714930688749
HAPT,0,M1,late_mean,2,0.01,3162,0,0.0,0.10731208684248915,0.33333147514407757,0.107312085679966,0.3333314155394328,6.998742199458469e-09,1.1920928955078125e-07,0.04554079696394687,144,0.0,0,0.002644635115894064,0.002644652456775737,0.005000084638595581,0.005289273670252949,0.01,0.4576217583807717,0.9999999891668946,6.521858259760714e-08
HAPT,0,M1,cpsa,2,0.01,3162,0,0.0,0.08379672965505505,0.4324917142621416,0.08381675940802004,0.43250056873137055,3.8184828188538e-05,0.0017219026110479874,0.03257432005060089,103,0.0,0,0.0037694588021782,0.003779174327005184,0.015194732104536403,0.005289273670252949,0.01,0.4576217583807717,1.0002390278600064,0.00045568399083978443
HAPT,0,M1,late_product,2,0.05,3162,0,0.0,0.06961147816583342,1.8412709317329594,0.07314292384369325,1.848942008871659,0.0037855620164143787,0.784915395792656,0.033839342188488296,107,0.0015812776723592662,5,0.015878059710536914,0.019463054442899114,1.0396580954427168,0.020169640310985084,0.05,0.32922201138519924,1.0507307957093939,0.05438129050206553
HAPT,0,M1,late_mean,2,0.05,3162,0,0.0,0.10731208684248915,0.33333147514407757,0.10731208571089228,0.3333314155394328,9.955293750372503e-09,1.210719347000122e-07,0.04554079696394687,144,0.0,0,0.010084816664406233,0.010084833817645515,0.025000065565109253,0.020169640310985084,0.05,0.32922201138519924,0.9999999894550846,9.276954761847762e-08
HAPT,0,M1,cpsa,2,0.05,3162,0,0.0,0.08379672965505505,0.4324917142621416,0.0841408271099315,0.4355489028610089,0.0006876238237156168,0.0099021806921602,0.03257432005060089,103,0.0,0,0.014183816254709028,0.014372730822601926,0.07647649354936448,0.020169640310985084,0.05,0.32922201138519924,1.0041063351313697,0.008205855127594896
HAPT,0,M1,late_product,3,0.01,3162,0,0.0,0.10696823147011975,1.9834466412855047,0.1070143143520657,1.9834463646827,5.005731756921596e-05,0.024251598362501455,0.051233396584440226,162,0.0,0,0.005112399981320222,0.006140708953556791,1.0376926317757653,0.005289273670252949,0.01,0.4576217583807717,1.0004308090478136,0.0004679643374603127
HAPT,0,M1,late_mean,3,0.01,3162,0,0.0,0.16096812805074334,0.49999719851697133,0.16096812804102364,0.49999719851697133,2.974812777867278e-11,2.9802322387695312e-08,0.05439595192915876,172,0.0,0,0.002644635115894064,0.002644652456775737,0.005000084638595581,0.005289273670252949,0.01,0.4576217583807717,0.9999999999396173,1.8480756494413e-10
HAPT,0,M1,cpsa,3,0.01,3162,0,0.0,0.12232621505154757,0.6432772768141035,0.12233937528240134,0.6432820401345793,2.6759502749118062e-05,0.0010066947812799043,0.0480708412397217,152,0.0,0,0.0037694588021782,0.003779174327005184,0.015194732104536403,0.005289273670252949,0.01,0.4576217583807717,1.000107583078968,0.00021875525812551104
HAPT,0,M1,late_product,3,0.05,3162,0,0.0,0.10696823147011975,1.9834466412855047,0.10783657430538862,1.9834391214377913,0.0009746547413650813,0.39445291266290994,0.05154965211891208,163,0.00031625553447185326,1,0.015878059710536914,0.019463054442899114,1.0396580954427168,0.020169640310985084,0.05,0.32922201138519924,1.008117763782151,0.009111628078448125
HAPT,0,M1,late_mean,3,0.05,3162,0,0.0,0.16096812805074334,0.49999719851697133,0.1609681280307149,0.49999719851697133,3.652245390648935e-11,1.4901161193847656e-08,0.05439595192915876,172,0.0,0,0.010084816664406233,0.010084833817645515,0.025000065565109253,0.020169640310985084,0.05,0.32922201138519924,0.9999999998755751,2.2689245597101104e-10
HAPT,0,M1,cpsa,3,0.05,3162,0,0.0,0.12232621505154757,0.6432772768141035,0.12254703486551435,0.6474388395650141,0.00048260184485096125,0.005771259721717215,0.0480708412397217,152,0.0,0,0.014183816254709028,0.014372730822601926,0.07647649354936448,0.020169640310985084,0.05,0.32922201138519924,1.0018051716377698,0.003945203770488571
HAPT,0,M1,late_product,5,0.01,3162,0,0.0,0.13785136241869728,1.9999498505052167,0.13785599539020998,1.999950287365914,6.749440847284988e-06,0.003016431350274704,0.06293485135989879,199,0.0,0,0.005112399981320222,0.006140708953556791,1.0376926317757653,0.005289273670252949,0.01,0.4576217583807717,1.0000336084564665,4.8961727536539295e-05
HAPT,0,M1,late_mean,5,0.01,3162,0,0.0,0.21462417295095138,0.6666629660042235,0.2146241769705401,0.6666629660042235,1.4160378399685864e-08,1.341104507446289e-07,0.06008855154965212,190,0.0,0,0.002644635115894064,0.002644652456775737,0.005000084638595581,0.005289273670252949,0.01,0.4576217583807717,1.0000000187284994,6.597755604594443e-08
HAPT,0,M1,cpsa,5,0.01,3162,0,0.0,0.15961805410119517,0.8465609952862305,0.15963006934177792,0.8473285423015433,2.629020728836252e-05,0.0007675470153127861,0.06040480708412397,191,0.0,0,0.0037694588021782,0.003779174327005184,0.015194732104536403,0.005289273670252949,0.01,0.4576217583807717,1.0000752749471256,0.00016470697776891185
HAPT,0,M1,late_product,5,0.05,3162,0,0.0,0.13785136241869728,1.9999498505052167,0.13796684456177855,1.999950287365914,0.00016718281925368224,0.07157719228449354,0.06325110689437065,200,0.00031625553447185326,1,0.015878059710536914,0.019463054442899114,1.0396580954427168,0.020169640310985084,0.05,0.32922201138519924,1.0008377294286763,0.0012127759662316302
HAPT,0,M1,late_mean,5,0.05,3162,0,0.0,0.21462417295095138,0.6666629660042235,0.21462417481821888,0.6666629660042235,1.4262140559562413e-08,1.341104507446289e-07,0.06008855154965212,190,0.0,0,0.010084816664406233,0.010084833817645515,0.025000065565109253,0.020169640310985084,0.05,0.32922201138519924,1.0000000087001732,6.645169723180146e-08
HAPT,0,M1,cpsa,5,0.05,3162,0,0.0,0.15961805410119517,0.8465609952862305,0.15981563664966028,0.8508657592596922,0.0004737211000109447,0.004578647316204609,0.06040480708412397,191,0.0,0,0.014183816254709028,0.014372730822601926,0.07647649354936448,0.020169640310985084,0.05,0.32922201138519924,1.001237845866357,0.002967841593348917
HAPT,0,M1,late_product,8,0.01,3162,0,0.0,0.15612026052619615,1.9999595388245461,0.15612254063367967,1.9999605176022104,2.7619280205426662e-06,0.0004316271092363877,0.07084123972169513,224,0.0,0,0.005112399981320222,0.006140708953556791,1.0376926317757653,0.005289273670252949,0.01,0.4576217583807717,1.0000146048147487,1.769102876996051e-05
HAPT,0,M1,late_mean,8,0.01,3162,0,0.0,0.25039486597852445,0.7777734924259705,0.2503948661880706,0.7777734924259705,5.175875681638874e-08,1.4901161193847656e-07,0.0635673624288425,201,0.0,0,0.002644635115894064,0.002644652456775737,0.005000084638595581,0.005289273670252949,0.01,0.4576217583807717,1.0000000008368628,2.0670853858811914e-07
HAPT,0,M1,cpsa,8,0.01,3162,0,0.0,0.18415397086032806,1.0053481123294201,0.1841665996521568,1.005348008021035,2.9231817783862734e-05,0.0006026755888477453,0.06736242884250475,213,0.0,0,0.0037694588021782,0.003779174327005184,0.015194732104536403,0.005289273670252949,0.01,0.4576217583807717,1.0000685773527973,0.00015873574513380255
HAPT,0,M1,late_product,8,0.05,3162,0,0.0,0.15612026052619615,1.9999595388245461,0.1561772237760186,1.9999793231067844,6.904058906402495e-05,0.010818244885285822,0.07084123972169513,224,0.0,0,0.015878059710536914,0.019463054442899114,1.0396580954427168,0.020169640310985084,0.05,0.32922201138519924,1.0003648677604715,0.00044222696549010886
HAPT,0,M1,late_mean,8,0.05,3162,0,0.0,0.25039486597852445,0.7777734924259705,0.2503948658742426,0.7777734924259705,4.482258320130107e-08,1.2665987014770508e-07,0.0635673624288425,201,0.0,0,0.010084816664406233,0.010084833817645515,0.025000065565109253,0.020169640310985084,0.05,0.32922201138519924,0.9999999995835304,1.790075967657634e-07
HAPT,0,M1,cpsa,8,0.05,3162,0,0.0,0.18415397086032806,1.0053481123294201,0.18435943318121076,1.005348008021035,0.0005302677691049504,0.004301418511601263,0.06736242884250475,213,0.0,0,0.014183816254709028,0.014372730822601926,0.07647649354936448,0.020169640310985084,0.05,0.32922201138519924,1.0011157094246885,0.0028794805055120587
HAPT,0,M1,late_product,16,0.01,3162,0,0.0,0.1749062880638898,1.999996978822921,0.17490763015393443,1.9999969788229213,1.5660124320642092e-06,0.00042068958282470714,0.08159392789373814,258,0.0,0,0.005112399981320222,0.006140708953556791,1.0376926317757653,0.005289273670252949,0.01,0.4576217583807717,1.0000076731949405,8.95343700560483e-06
HAPT,0,M1,late_mean,16,0.01,3162,0,0.0,0.2840614016161919,0.8823478816452701,0.28406140470461705,0.8823479412499149,1.0996253506800651e-07,2.989545464515686e-07,0.06767868437697659,214,0.0,0,0.002644635115894064,0.002644652456775737,0.005000084638595581,0.005289273670252949,0.01,0.4576217583807717,1.0000000108723857,3.8710833095367816e-07
HAPT,0,M1,cpsa,16,0.01,3162,0,0.0,0.20728142304711952,1.2548966925964726,0.20729270764749305,1.2549009843949035,2.762961791271313e-05,0.0003098511120160907,0.06989247311827956,221,0.0,0,0.0037694588021782,0.003779174327005184,0.015194732104536403,0.005289273670252949,0.01,0.4576217583807717,1.0000544409634382,0.0001332951960023563
HAPT,0,M1,late_product,16,0.05,3162,0,0.0,0.1749062880638898,1.999996978822921,0.17493980444583762,1.9999969788229222,3.917866429638745e-05,0.010591223835945133,0.08159392789373814,258,0.0,0,0.015878059710536914,0.019463054442899114,1.0396580954427168,0.020169640310985084,0.05,0.32922201138519924,1.0001916247970204,0.00022399803191796205
HAPT,0,M1,late_mean,16,0.05,3162,0,0.0,0.2840614016161919,0.8823478816452701,0.2840614046330448,0.8823479412499149,1.1762518152632287e-07,3.129243850708008e-07,0.06767868437697659,214,0.0,0,0.010084816664406233,0.010084833817645515,0.025000065565109253,0.020169640310985084,0.05,0.32922201138519924,1.0000000106204252,4.140836483136541e-07
HAPT,0,M1,cpsa,16,0.05,3162,0,0.0,0.20728142304711952,1.2548966925964726,0.20746233290131375,1.2549009843949035,0.0005056629311315672,0.004128932475586655,0.06989247311827956,221,0.0,0,0.014183816254709028,0.014372730822601926,0.07647649354936448,0.020169640310985084,0.05,0.32922201138519924,1.000872774084309,0.0024394995156735255
HAPT,0,M1,late_product,32,0.01,3162,0,0.0,0.18255044393803294,1.9999969788229224,0.1825509026837062,1.9999969788229224,4.6875917225169805e-07,0.00024083256721496582,0.08380771663504111,265,0.0,0,0.005112399981320222,0.006140708953556791,1.0376926317757653,0.005289273670252949,0.01,0.4576217583807717,1.0000025129803212,2.5678336471798403e-06
HAPT,0,M1,late_mean,32,0.01,3162,0,0.0,0.30242494276415094,0.9393886887587356,0.30242493797968717,0.9393889271773147,2.020694834440464e-07,5.961628630757332e-07,0.06799493991144845,215,0.0,0,0.002644635115894064,0.002644652456775737,0.005000084638595581,0.005289273670252949,0.01,0.4576217583807717,0.9999999841796654,6.681640793154824e-07
HAPT,0,M1,cpsa,32,0.01,3162,0,0.0,0.2200113693428344,1.4287992925191584,0.22002196165121593,1.4288036810431306,2.6834527365119392e-05,0.00018373878403465937,0.0730550284629981,231,0.0,0,0.0037694588021782,0.003779174327005184,0.015194732104536403,0.005289273670252949,0.01,0.4576217583807717,1.000048144368235,0.00012196882118080126
HAPT,0,M1,late_product,32,0.05,3162,0,0.0,0.18255044393803294,1.9999969788229224,0.18256197275450592,1.9999969788229224,1.179795999076331e-05,0.0061782002449035645,0.08380771663504111,265,0.0,0,0.015878059710536914,0.019463054442899114,1.0396580954427168,0.020169640310985084,0.05,0.32922201138519924,1.000063154140983,6.462849246626948e-05
HAPT,0,M1,late_mean,32,0.05,3162,0,0.0,0.30242494276415094,0.9393886887587356,0.30242493808086024,0.9393889271773147,2.027703316623568e-07,5.961628630757332e-07,0.06799493991144845,215,0.0,0,0.010084816664406233,0.010084833817645515,0.025000065565109253,0.020169640310985084,0.05,0.32922201138519924,0.9999999845142049,6.704815079372909e-07
HAPT,0,M1,cpsa,32,0.05,3162,0,0.0,0.2200113693428344,1.4287992925191584,0.2201802240548272,1.4288036810431306,0.000493921499000759,0.003829959997436294,0.0730550284629981,231,0.0,0,0.014183816254709028,0.014372730822601926,0.07647649354936448,0.020169640310985084,0.05,0.32922201138519924,1.0007674817555892,0.0022449817047004604
HAPT,0,M1,late_product,64,0.01,3162,0,0.0,0.1866805397566906,1.9999969788229224,0.18668077342086392,1.9999969788229224,2.481376752305469e-07,0.00011500716209411621,0.08538899430740038,270,0.0,0,0.005112399981320222,0.006140708953556791,1.0376926317757653,0.005289273670252949,0.01,0.4576217583807717,1.0000012516793322,1.3292101873819103e-06
HAPT,0,M1,late_mean,64,0.01,3162,0,0.0,0.31203054881826003,0.9692250492637541,0.3120305378883488,0.9692257645201735,4.308429750025781e-07,1.1923257261514664e-06,0.06925996204933586,219,0.0,0,0.002644635115894064,0.002644652456775737,0.005000084638595581,0.005289273670252949,0.01,0.4576217583807717,0.9999999649716629,1.3807717758222434e-06
HAPT,0,M1,cpsa,64,0.01,3162,0,0.0,0.2267274175344399,1.5287409838798185,0.22673764697049367,1.528745212128439,2.647490850064772e-05,0.00016892215596464588,0.07463630613535736,236,0.0,0,0.0037694588021782,0.003779174327005184,0.015194732104536403,0.005289273670252949,0.01,0.4576217583807717,1.0000451177725438,0.00011676977045189596
HAPT,0,M1,late_product,64,0.05,3162,0,0.0,0.1866805397566906,1.9999969788229224,0.186686231857201,1.9999969788229224,5.921360856149813e-06,0.002895057201385498,0.08570524984187224,271,0.00031625553447185326,1,0.015878059710536914,0.019463054442899114,1.0396580954427168,0.020169640310985084,0.05,0.32922201138519924,1.0000304911294868,3.171921863879008e-05
HAPT,0,M1,late_mean,64,0.05,3162,0,0.0,0.31203054881826003,0.9692250492637541,0.31203053984995804,0.9692257645201735,4.103267810565263e-07,1.1923257261514664e-06,0.06925996204933586,219,0.0,0,0.010084816664406233,0.010084833817645515,0.025000065565109253,0.020169640310985084,0.05,0.32922201138519924,0.9999999712582566,1.3150211817738338e-06
HAPT,0,M1,cpsa,64,0.05,3162,0,0.0,0.2267274175344399,1.5287409838798185,0.2268903600539599,1.528745212128439,0.0004876481777482614,0.0035229452480420864,0.07463630613535736,236,0.0,0,0.014183816254709028,0.014372730822601926,0.07647649354936448,0.020169640310985084,0.05,0.32922201138519924,1.00071867143944,0.0021508125618472573
HAPT,0,M1,late_product,100,0.01,3162,0,0.0,0.18803132885872484,1.9999969788229224,0.1880314831110435,1.9999969788229224,1.6461762679345273e-07,0.00013750791549682617,0.08633776091081594,273,0.0,0,0.005112399981320222,0.006140708953556791,1.0376926317757653,0.005289273670252949,0.01,0.4576217583807717,1.0000008203543505,8.754797819736533e-07
HAPT,0,M1,late_mean,100,0.01,3162,0,0.0,0.31556128359034824,0.9801936419448348,0.3155612932706374,0.9801922114335876,6.675655254466803e-07,1.847745807026513e-06,0.06989247311827956,221,0.0,0,0.002644635115894064,0.002644652456775737,0.005000084638595581,0.005289273670252949,0.01,0.4576217583807717,1.0000000306764159,2.1154861516956336e-06
HAPT,0,M1,cpsa,100,0.01,3162,0,0.0,0.22920861349914504,1.5671795681504503,0.22921871480564662,1.5671839863887138,2.633325931932839e-05,0.0001636839841709925,0.07526881720430108,238,0.0,0,0.0037694588021782,0.003779174327005184,0.015194732104536403,0.005289273670252949,0.01,0.4576217583807717,1.0000440703616997,0.00011488773880405073
HAPT,0,M1,late_product,100,0.05,3162,0,0.0,0.18803132885872484,1.9999969788229224,0.18803508120477222,1.9999969788229224,4.0040729401804206e-06,0.0029872655868530273,0.08633776091081594,273,0.0,0,0.015878059710536914,0.019463054442899114,1.0396580954427168,0.020169640310985084,0.05,0.32922201138519924,1.0000199559619674,2.129471170832832e-05
HAPT,0,M1,late_mean,100,0.05,3162,0,0.0,0.31556128359034824,0.9801936419448348,0.3155612922625882,0.9801922114335876,6.633758992725444e-07,1.847745807026513e-06,0.06989247311827956,221,0.0,0,0.010084816664406233,0.010084833817645515,0.025000065565109253,0.020169640310985084,0.05,0.32922201138519924,1.0000000274819518,2.1022094083433827e-06
HAPT,0,M1,cpsa,100,0.05,3162,0,0.0,0.22920861349914504,1.5671795681504503,0.2293693835087119,1.5671839863887138,0.0004850979509735971,0.003383498591571499,0.07526881720430108,238,0.0,0,0.014183816254709028,0.014372730822601926,0.07647649354936448,0.020169640310985084,0.05,0.32922201138519924,1.0007014134726986,0.0021164036707346802
HAPT,0,M2,late_product,2,0.01,3162,0,0.0,0.06686986622889649,1.976214685543457,0.06877972224028396,1.9762145541836011,0.0019572021523972865,0.7849627435259623,0.0290955091714105,92,0.0009487666034155598,3,0.002013516152558173,0.0023138328943701682,0.5655747887597277,0.00904170203310793,0.01,0.8545224541429475,1.0285607870793403,0.029268821111406985
HAPT,0,M2,late_mean,2,0.01,3162,0,0.0,0.1073120863016288,0.3333315068074393,0.10731208642014241,0.33333150494479413,2.819519002417781e-09,6.705522537231445e-08,0.11543327008222644,365,0.0,0,0.004520848063114821,0.004520868291889857,0.005000084638595581,0.00904170203310793,0.01,0.8545224541429475,1.0000000011043826,2.6274011619649088e-08
HAPT,0,M2,cpsa,2,0.01,3162,0,0.0,0.09871095545963464,0.41818806007996656,0.09870921379579504,0.41834132617744935,7.597782626208093e-05,0.0010780579094487148,0.04079696394686907,129,0.0,0,0.004288244905885126,0.004318635974799114,0.01880145509860876,0.00904170203310793,0.01,0.8545224541429475,0.9999823559215745,0.0007697000389500854
HAPT,0,M2,late_product,2,0.05,3162,0,0.0,0.06686986622889649,1.976214685543457,0.07057377270954288,1.9762111369187643,0.004221265594067172,0.7849627435259623,0.029411764705882353,93,0.001265022137887413,4,0.007636170370726582,0.008934623935047258,1.0331671648147167,0.039520202585632866,0.05,0.7166350411132195,1.0553897695558097,0.06312657452637517
HAPT,0,M2,late_mean,2,0.05,3162,0,0.0,0.1073120863016288,0.3333315068074393,0.1073120863473184,0.33333150494479413,7.363398252650748e-09,8.940696716308594e-08,0.11543327008222644,365,0.0,0,0.01976009504880286,0.01976011504916529,0.025000065565109253,0.039520202585632866,0.05,0.7166350411132195,1.0000000004257636,6.861667223535272e-08
HAPT,0,M2,cpsa,2,0.05,3162,0,0.0,0.09871095545963464,0.41818806007996656,0.0987839921554788,0.4191448332668992,0.0015982031951616194,0.01812249035294755,0.041113219481340925,130,0.00031625553447185326,1,0.018315485212753696,0.018974237433903064,0.09432935444098095,0.039520202585632866,0.05,0.7166350411132195,1.000739904659053,0.016190737772922927
HAPT,0,M2,late_product,3,0.01,3162,0,0.0,0.1167345334568236,1.99902441035444,0.11779517911820972,1.9994058749017247,0.0010718027426771983,0.5922096371650738,0.05154965211891208,163,0.00031625553447185326,1,0.002013516152558173,0.0023138328943701682,0.5655747887597277,0.00904170203310793,0.01,0.8545224541429475,1.009085963082025,0.00918153960904486
HAPT,0,M2,late_mean,3,0.01,3162,0,0.0,0.16096812825235313,0.4999972178139478,0.16096812829550264,0.4999972178139478,6.199981086545169e-11,2.9802322387695312e-08,0.15306767868437698,484,0.0,0,0.004520848063114821,0.004520868291889857,0.005000084638595581,0.00904170203310793,0.01,0.8545224541429475,1.0000000002680625,3.851682413070821e-10
HAPT,0,M2,cpsa,3,0.01,3162,0,0.0,0.15683512865458246,0.6438561264301401,0.15683049942162164,0.6439661424321201,5.682394993910252e-05,0.0006478844786137472,0.06451612903225806,204,0.0,0,0.004288244905885126,0.004318635974799114,0.01880145509860876,0.00904170203310793,0.01,0.8545224541429475,0.9999704834433425,0.0003623164684249597
HAPT,0,M2,late_product,3,0.05,3162,0,0.0,0.1167345334568236,1.99902441035444,0.12023689981201657,1.9994058749017247,0.0037129553879789545,0.7855240771314129,0.05313092979127135,168,0.0018975332068311196,6,0.007636170370726582,0.008934623935047258,1.0331671648147167,0.039520202585632866,0.05,0.7166350411132195,1.0300028299379669,0.03180682937626387
HAPT,0,M2,late_mean,3,0.05,3162,0,0.0,0.16096812825235313,0.4999972178139478,0.1609681281840208,0.4999972178139478,1.672964017652093e-10,2.9802322387695312e-08,0.15306767868437698,484,0.0,0,0.01976009504880286,0.01976011504916529,0.025000065565109253,0.039520202585632866,0.05,0.7166350411132195,0.9999999995754915,1.0393138292751668e-09
HAPT,0,M2,cpsa,3,0.05,3162,0,0.0,0.15683512865458246,0.6438561264301401,0.1568154902632619,0.6445510810269521,0.0012018946837096302,0.01199902311476464,0.06546489563567362,207,0.0009487666034155598,3,0.018315485212753696,0.018974237433903064,0.09432935444098095,0.039520202585632866,0.05,0.7166350411132195,0.9998747832103111,0.00766342779210334
HAPT,0,M2,late_product,5,0.01,3162,0,0.0,0.186735513715414,1.9999419001559675,0.18684954490890654,1.999969527564386,0.00012114226774655724,0.1120298803053354,0.0866540164452878,274,0.0,0,0.002013516152558173,0.0023138328943701682,0.5655747887597277,0.00904170203310793,0.01,0.8545224541429475,1.0006106561693793,0.0006487371648607707
HAPT,0,M2,late_mean,5,0.01,3162,0,0.0,0.21462416979560636,0.6666629833305382,0.21462416643207838,0.6666629796052479,1.162289732082006e-08,1.2665987014770508e-07,0.1834282099936749,580,0.0,0,0.004520848063114821,0.004520868291889857,0.005000084638595581,0.00904170203310793,0.01,0.8545224541429475,0.9999999843282888,5.4154652441469786e-08
HAPT,0,M2,cpsa,5,0.01,3162,0,0.0,0.22392044356199264,0.8659269335430371,0.22391181226715842,0.8659834945898588,5.953367868803024e-05,0.0006237737240086805,0.10721062618595825,339,0.0,0,0.004288244905885126,0.004318635974799114,0.01880145509860876,0.00904170203310793,0.01,0.8545224541429475,0.9999614537435845,0.00026586977830609856
HAPT,0,M2,late_product,5,0.05,3162,0,0.0,0.186735513715414,1.9999419001559675,0.188468232891196,1.999969527564386,0.00189524010203517,0.9263016581535339,0.0872865275142315,276,0.0006325110689437065,2,0.007636170370726582,0.008934623935047258,1.0331671648147167,0.039520202585632866,0.05,0.7166350411132195,1.009279001842267,0.01014932866451706
HAPT,0,M2,late_mean,5,0.05,3162,0,0.0,0.21462416979560636,0.6666629833305382,0.2146241675069872,0.6666629833305382,1.4452945694695082e-08,1.19674950838089e-07,0.1834282099936749,580,0.0,0,0.01976009504880286,0.01976011504916529,0.025000065565109253,0.039520202585632866,0.05,0.7166350411132195,0.9999999893366196,6.734071800235311e-08
HAPT,0,M2,cpsa,5,0.05,3162,0,0.0,0.22392044356199264,0.8659269335430371,0.22380183992361427,0.8659834945898588,0.0012552023587515256,0.009894465479710846,0.10815939278937381,342,0.0009487666034155598,3,0.018315485212753696,0.018974237433903064,0.09432935444098095,0.039520202585632866,0.05,0.7166350411132195,0.9994703313529945,0.005605572848930256
HAPT,0,M2,late_product,8,0.01,3162,0,0.0,0.2503141919678819,1.9999997766629625,0.25033216349168036,1.9999997982470827,2.4073664408136515e-05,0.004475653205052943,0.11859582542694497,375,0.0,0,0.002013516152558173,0.0023138328943701682,0.5655747887597277,0.00904170203310793,0.01,0.8545224541429475,1.000071795864458,9.617378950381461e-05
HAPT,0,M2,late_mean,8,0.01,3162,0,0.0,0.25039486671151834,0.7777735191377517,0.2503948652841787,0.7777734632583972,5.183046973156479e-08,1.4901161193847656e-07,0.19671094244149273,622,0.0,0,0.004520848063114821,0.004520868291889857,0.005000084638595581,0.00904170203310793,0.01,0.8545224541429475,0.999999994299645,2.0699493728551166e-07
HAPT,0,M2,cpsa,8,0.01,3162,0,0.0,0.2758340211715871,1.0558785667751804,0.27581895337090295,1.0559086544607785,6.871718308519878e-05,0.0006383222084891393,0.13693864642631245,433,0.0,0,0.004288244905885126,0.004318635974799114,0.01880145509860876,0.00904170203310793,0.01,0.8545224541429475,0.9999453736684831,0.00024912511804500037
HAPT,0,M2,late_product,8,0.05,3162,0,0.0,0.2503141919678819,1.9999997766629625,0.25075340801314083,1.9999998109231858,0.000592489033979079,0.09897912368239137,0.11891208096141682,376,0.0009487666034155598,3,0.007636170370726582,0.008934623935047258,1.0331671648147167,0.039520202585632866,0.05,0.7166350411132195,1.0017546589820017,0.0023669813897531705
HAPT,0,M2,late_mean,8,0.05,3162,0,0.0,0.25039486671151834,0.7777735191377517,0.25039486595100807,0.7777734632583972,4.216350634717054e-08,1.4901161193847656e-07,0.19671094244149273,622,0.0,0,0.01976009504880286,0.01976011504916529,0.025000065565109253,0.039520202585632866,0.05,0.7166350411132195,0.9999999969627562,1.683880620274353e-07
HAPT,0,M2,cpsa,8,0.05,3162,0,0.0,0.2758340211715871,1.0558785667751804,0.2755972550752211,1.0566452509726192,0.001454676468006747,0.008204816514243873,0.13757115749525617,435,0.0006325110689437065,2,0.018315485212753696,0.018974237433903064,0.09432935444098095,0.039520202585632866,0.05,0.7166350411132195,0.9991416356279752,0.005273738394662497
HAPT,0,M2,late_product,16,0.01,3162,0,0.0,0.3238981576603606,1.9999999957376795,0.3239054936028323,1.9999999957379881,1.1469776427928922e-05,0.0025045275688171387,0.15211891208096143,481,0.0,0,0.002013516152558173,0.0023138328943701682,0.5655747887597277,0.00904170203310793,0.01,0.8545224541429475,1.0000226489169455,3.541167541914863e-05
HAPT,0,M2,late_mean,16,0.01,3162,0,0.0,0.28406140106073363,0.8823482206103661,0.28406140185061207,0.8823480417964318,1.0071704957703077e-07,2.98256054520607e-07,0.20999367488931056,664,0.0,0,0.004520848063114821,0.004520868291889857,0.005000084638595581,0.00904170203310793,0.01,0.8545224541429475,1.000000002780661,3.5456084213108915e-07
HAPT,0,M2,cpsa,16,0.01,3162,0,0.0,0.3324529034941331,1.2643634511979744,0.3324331937965878,1.264383694431265,6.764935315579956e-05,0.0006486483955679898,0.1752055660974067,554,0.0,0,0.004288244905885126,0.004318635974799114,0.01880145509860876,0.00904170203310793,0.01,0.8545224541429475,0.9999407143167104,0.0002034855236479936
HAPT,0,M2,late_product,16,0.05,3162,0,0.0,0.3238981576603606,1.9999999957376795,0.3240813126286216,1.9999999957451142,0.0002870098836034715,0.06150612235069275,0.15211891208096143,481,0.00031625553447185326,1,0.007636170370726582,0.008934623935047258,1.0331671648147167,0.039520202585632866,0.05,0.7166350411132195,1.0005654708553577,0.0008861115039265825
HAPT,0,M2,late_mean,16,0.05,3162,0,0.0,0.28406140106073363,0.8823482206103661,0.28406140187918205,0.8823480417964318,1.1589536907028171e-07,3.129243850708008e-07,0.20999367488931056,664,0.0,0,0.01976009504880286,0.01976011504916529,0.025000065565109253,0.039520202585632866,0.05,0.7166350411132195,1.0000000028812377,4.0799407676477224e-07
HAPT,0,M2,cpsa,16,0.05,3162,0,0.0,0.3324529034941331,1.2643634511979744,0.3321021199974718,1.2648949459681975,0.0014346027011348961,0.006088383586479736,0.17552182163187854,555,0.0006325110689437065,2,0.018315485212753696,0.018974237433903064,0.09432935444098095,0.039520202585632866,0.05,0.7166350411132195,0.9989448625866265,0.004315205811280313
HAPT,0,M2,late_product,32,0.01,3162,0,0.0,0.3850426376442613,2.000000049946136,0.38504646638789103,2.0000000499461366,6.182424909232639e-06,0.0012548943050205708,0.18374446552814674,581,0.0,0,0.002013516152558173,0.0023138328943701682,0.5655747887597277,0.00904170203310793,0.01,0.8545224541429475,1.000009943687414,1.605646830973703e-05
HAPT,0,M2,late_mean,32,0.01,3162,0,0.0,0.3024249679641694,0.9393891462321432,0.30242496911930283,0.9393887923295648,1.9112836106811016e-07,5.365582183003426e-07,0.21600253004427578,683,0.0,0,0.004520848063114821,0.004520868291889857,0.005000084638595581,0.00904170203310793,0.01,0.8545224541429475,1.0000000038195702,6.31986050473037e-07
HAPT,0,M2,cpsa,32,0.01,3162,0,0.0,0.36778917595875643,1.4565451059396348,0.36776671418067486,1.456564775482127,6.688619092949546e-05,0.00041396967109508936,0.1900695762175838,601,0.0,0,0.004288244905885126,0.004318635974799114,0.01880145509860876,0.00904170203310793,0.01,0.8545224541429475,0.999938927571691,0.00018186013972579777
HAPT,0,M2,late_product,32,0.05,3162,0,0.0,0.3850426376442613,2.000000049946136,0.38513819020924156,2.000000049946145,0.00015487675187518925,0.03169368114322424,0.1834282099936749,580,0.00031625553447185326,1,0.007636170370726582,0.008934623935047258,1.0331671648147167,0.039520202585632866,0.05,0.7166350411132195,1.0002481609973506,0.00040223273147811493
HAPT,0,M2,late_mean,32,0.05,3162,0,0.0,0.3024249679641694,0.9393891462321432,0.3024249686978219,0.9393887215490492,1.916399699587196e-07,5.365582183003426e-07,0.21600253004427578,683,0.0,0,0.01976009504880286,0.01976011504916529,0.025000065565109253,0.039520202585632866,0.05,0.7166350411132195,1.0000000024258993,6.336777391390008e-07
HAPT,0,M2,cpsa,32,0.05,3162,0,0.0,0.36778917595875643,1.4565451059396348,0.36735472782697465,1.4574592032223892,0.001421959029855396,0.004431401777210683,0.19070208728652752,603,0.0006325110689437065,2,0.018315485212753696,0.018974237433903064,0.09432935444098095,0.039520202585632866,0.05,0.7166350411132195,0.9988187577009322,0.0038662340351605486
HAPT,0,M2,late_product,64,0.01,3162,0,0.0,0.4141796245535348,2.000000049946184,0.41418178908347136,2.000000049946184,2.3236398809197333e-06,0.0006925486342765907,0.19797596457938013,626,0.0,0,0.002013516152558173,0.0023138328943701682,0.5655747887597277,0.00904170203310793,0.01,0.8545224541429475,1.000005226065717,5.610222577763217e-06
HAPT,0,M2,late_mean,64,0.01,3162,0,0.0,0.31203051831740586,0.9692250882166171,0.312030523452804,0.9692254868226791,4.3308188799699433e-07,1.1330703273415565e-06,0.2185325743200506,691,0.0,0,0.004520848063114821,0.004520868291889857,0.005000084638595581,0.00904170203310793,0.01,0.8545224541429475,1.0000000164579996,1.387947212126385e-06
HAPT,0,M2,cpsa,64,0.01,3162,0,0.0,0.38793056811488086,1.599092684335421,0.38790649183263126,1.5990986448013074,6.655555955587324e-05,0.0002609643313387401,0.2030360531309298,642,0.0,0,0.004288244905885126,0.004318635974799114,0.01880145509860876,0.00904170203310793,0.01,0.8545224541429475,0.9999379366200334,0.0001715656486656747
HAPT,0,M2,late_product,64,0.05,3162,0,0.0,0.4141796245535348,2.000000049946184,0.41423389015348244,2.000000049946184,5.8248227090842125e-05,0.01736822737188959,0.19797596457938013,626,0.0,0,0.007636170370726582,0.008934623935047258,1.0331671648147167,0.039520202585632866,0.05,0.7166350411132195,1.000131019482202,0.00014063518250959553
HAPT,0,M2,late_mean,64,0.05,3162,0,0.0,0.31203051831740586,0.9692250882166171,0.31203052585371355,0.969225311734035,4.0249065115132697e-07,1.1427327990531921e-06,0.2185325743200506,691,0.0,0,0.01976009504880286,0.01976011504916529,0.025000065565109253,0.039520202585632866,0.05,0.7166350411132195,1.0000000241524698,1.2899079658032122e-06
HAPT,0,M2,cpsa,64,0.05,3162,0,0.0,0.38793056811488086,1.599092684335421,0.38744058472433496,1.5997761560644252,0.0014127206348878514,0.0037299925229552673,0.2030360531309298,642,0.0006325110689437065,2,0.018315485212753696,0.018974237433903064,0.09432935444098095,0.039520202585632866,0.05,0.7166350411132195,0.9987369301859171,0.00364168423682841
HAPT,0,M2,late_product,100,0.01,3162,0,0.0,0.4261457049125077,2.00000006332137,0.4261475010146376,2.0000000633213695,1.9050850599054535e-06,0.0007265955209732056,0.20398481973434535,645,0.0,0,0.002013516152558173,0.0023138328943701682,0.5655747887597277,0.00904170203310793,0.01,0.8545224541429475,1.000004214760607,4.470501609998834e-06
HAPT,0,M2,late_mean,100,0.01,3162,0,0.0,0.31556127659712835,0.9801932430624057,0.31556128043402426,0.9801926581918289,6.545513757306824e-07,1.5003606677055359e-06,0.21916508538899432,693,0.0,0,0.004520848063114821,0.004520868291889857,0.005000084638595581,0.00904170203310793,0.01,0.8545224541429475,1.0000000121589567,2.0742449225363507e-06
HAPT,0,M2,cpsa,100,0.01,3162,0,0.0,0.3956716943855315,1.6665467708305652,0.39564674993370363,1.6665714993136105,6.630653922389417e-05,0.0002054872304768328,0.2077798861480076,657,0.0,0,0.004288244905885126,0.004318635974799114,0.01880145509860876,0.00904170203310793,0.01,0.8545224541429475,0.9999369566936886,0.00016757968832434831
HAPT,0,M2,late_product,100,0.05,3162,0,0.0,0.4261457049125077,2.00000006332137,0.4261890483849206,2.00000006332136,4.554163869603786e-05,0.018351465463638306,0.20398481973434535,645,0.0,0,0.007636170370726582,0.008934623935047258,1.0331671648147167,0.039520202585632866,0.05,0.7166350411132195,1.0001017104523482,0.00010686870281935154
HAPT,0,M2,late_mean,100,0.05,3162,0,0.0,0.31556127659712835,0.9801932430624057,0.31556127993949845,0.9801927066206028,6.464475144663023e-07,1.7955899238586426e-06,0.21916508538899432,693,0.0,0,0.01976009504880286,0.01976011504916529,0.025000065565109253,0.039520202585632866,0.05,0.7166350411132195,1.0000000105918259,2.048564137644844e-06
HAPT,0,M2,cpsa,100,0.05,3162,0,0.0,0.3956716943855315,1.6665467708305652,0.3951603733341784,1.667037317177995,0.0014104530972078014,0.0037152587505519525,0.2077798861480076,657,0.0,0,0.018315485212753696,0.018974237433903064,0.09432935444098095,0.039520202585632866,0.05,0.7166350411132195,0.9987077138481003,0.003564705580969598
HAPT,1,M1,late_product,2,0.01,3162,0,0.0,0.07237761613936038,1.9619051081199443,0.07307976279989419,1.969684926167104,0.0007376480878127359,0.7738384390954881,0.036369386464263125,115,0.00031625553447185326,1,0.006004571597098086,0.0074017343813228414,1.0349032722071752,0.00538840668349614,0.01,0.4731182795698925,1.0097011575952135,0.010191660449170116
HAPT,1,M1,late_mean,2,0.01,3162,0,0.0,0.10826373383656719,0.33331510519610674,0.10826373440291649,0.33331510519610674,7.9008601314341e-09,1.1921656550839543e-07,0.0480708412397217,152,0.0,0,0.0026942015706943804,0.0026942199439043153,0.005000069737434387,0.00538840668349614,0.01,0.4731182795698925,1.0000000052312006,7.297790175388818e-08
HAPT,1,M1,cpsa,2,0.01,3162,0,0.0,0.084120453097725,0.4159090147870202,0.08414084429195128,0.41591971657052895,5.4207975213708674e-05,0.0009847822924438088,0.036053130929791274,114,0.0,0,0.003788515752735407,0.003805735631527222,0.021705806695666144,0.00538840668349614,0.01,0.4731182795698925,1.0002424047122354,0.0006444089780488201
HAPT,1,M1,late_product,2,0.05,3162,0,0.0,0.07237761613936038,1.9619051081199443,0.07540292358331344,1.969684926167104,0.0032071428056737235,0.7851156375183737,0.03795066413662239,120,0.0018975332068311196,6,0.01619977290339381,0.019551928207062752,1.043586368565381,0.020687771097449115,0.05,0.3415559772296015,1.041798937369365,0.04431125224542476
HAPT,1,M1,late_mean,2,0.05,3162,0,0.0,0.10826373383656719,0.33331510519610674,0.10826373406442108,0.33331510519610674,1.0772217167892874e-08,1.1921656550839543e-07,0.0480708412397217,152,0.0,0,0.010343881730964332,0.010343899642967835,0.025000065565109253,0.020687771097449115,0.05,0.3415559772296015,1.0000000021046187,9.949977509693506e-08
HAPT,1,M1,cpsa,2,0.05,3162,0,0.0,0.084120453097725,0.4159090147870202,0.08444638098141011,0.41591971657052895,0.0009254634593114437,0.014299152732519527,0.036053130929791274,114,0.00031625553447185326,1,0.013923418585287464,0.014249638929647509,0.10861301662779915,0.020687771097449115,0.05,0.3415559772296015,1.0038745378999143,0.011001646154191629
HAPT,1,M1,late_product,3,0.01,3162,0,0.0,0.11133608905710243,1.9976144948179264,0.11141985033242525,1.9982031874455128,8.555041395145642e-05,0.0895731955270532,0.05534471853257432,175,0.0,0,0.006004571597098086,0.0074017343813228414,1.0349032722071752,0.00538840668349614,0.01,0.4731182795698925,1.0007523281627027,0.0007683978723878026
HAPT,1,M1,late_mean,3,0.01,3162,0,0.0,0.16239559984204935,0.499972732461174,0.16239559985677615,0.499972732461174,1.472679593003603e-11,1.4901161193847656e-08,0.055660974067046176,176,0.0,0,0.0026942015706943804,0.0026942199439043153,0.005000069737434387,0.00538840668349614,0.01,0.4731182795698925,1.0000000000906848,9.068469801127454e-11
HAPT,1,M1,cpsa,3,0.01,3162,0,0.0,0.12331587387180577,0.6224253267846507,0.12332851475567698,0.6224340112994469,3.856376313178136e-05,0.0005975084318905477,0.049019607843137254,155,0.0,0,0.003788515752735407,0.003805735631527222,0.021705806695666144,0.00538840668349614,0.01,0.4731182795698925,1.0001025081643937,0.0003127234306580084
HAPT,1,M1,late_product,3,0.05,3162,0,0.0,0.11133608905710243,1.9976144948179264,0.11241378328031362,1.9982031874455128,0.0011294740863980759,0.7762366154848648,0.055977229601518026,177,0.0006325110689437065,2,0.01619977290339381,0.019551928207062752,1.043586368565381,0.020687771097449115,0.05,0.3415559772296015,1.0096796486416768,0.010144725721583299
HAPT,1,M1,late_mean,3,0.05,3162,0,0.0,0.16239559984204935,0.499972732461174,0.16239559990331284,0.499972732461174,6.597604576656142e-11,2.9802322387695312e-08,0.055660974067046176,176,0.0,0,0.010343881730964332,0.010343899642967835,0.025000065565109253,0.020687771097449115,0.05,0.3415559772296015,1.0000000003772485,4.0626744709051e-10
HAPT,1,M1,cpsa,3,0.05,3162,0,0.0,0.12331587387180577,0.6224253267846507,0.12350596101414613,0.624803112446898,0.0006583553013427952,0.009413108938030823,0.04965211891208096,157,0.0006325110689437065,2,0.013923418585287464,0.014249638929647509,0.10861301662779915,0.020687771097449115,0.05,0.3415559772296015,1.001541465314822,0.0053387717304521146
HAPT,1,M1,late_product,5,0.01,3162,0,0.0,0.14350345790523011,1.9992278576839924,0.14350894454445412,1.9992490897912683,5.954980696060408e-06,0.0015201515743686952,0.06799493991144845,215,0.0,0,0.006004571597098086,0.0074017343813228414,1.0349032722071752,0.00538840668349614,0.01,0.4731182795698925,1.0000382334983706,4.149712336543894e-05
HAPT,1,M1,late_mean,5,0.01,3162,0,0.0,0.2165274665601989,0.6666302405735678,0.21652746999876477,0.6666302405735678,1.3005216068304556e-08,1.1944212019443512e-07,0.06451612903225806,204,0.0,0,0.0026942015706943804,0.0026942199439043153,0.005000069737434387,0.00538840668349614,0.01,0.4731182795698925,1.0000000158805067,6.006266214124317e-08
HAPT,1,M1,cpsa,5,0.01,3162,0,0.0,0.16122098827581827,0.8798035666300045,0.16123149539884588,0.8798034474207148,3.8189782650654825e-05,0.0004707406745239062,0.06325110689437065,200,0.0,0,0.003788515752735407,0.003805735631527222,0.021705806695666144,0.00538840668349614,0.01,0.4731182795698925,1.0000651721785108,0.00023687848002345335
HAPT,1,M1,late_product,5,0.05,3162,0,0.0,0.14350345790523011,1.9992278576839924,0.14363834277586487,1.9995249304170244,0.00014664281966882446,0.035176012363088996,0.06799493991144845,215,0.0,0,0.01619977290339381,0.019551928207062752,1.043586368565381,0.020687771097449115,0.05,0.3415559772296015,1.000939941605615,0.0010218765583033377
HAPT,1,M1,late_mean,5,0.05,3162,0,0.0,0.2165274665601989,0.6666302405735678,0.2165274683456819,0.6666302405735678,1.387748419124059e-08,1.2293457984924316e-07,0.06451612903225806,204,0.0,0,0.010343881730964332,0.010343899642967835,0.025000065565109253,0.020687771097449115,0.05,0.3415559772296015,1.0000000082459886,6.409110313671165e-08
HAPT,1,M1,cpsa,5,0.05,3162,0,0.0,0.16122098827581827,0.8798035666300045,0.16136575916694956,0.8798034474207148,0.0006515143745988268,0.008694604993820576,0.06325110689437065,200,0.0,0,0.013923418585287464,0.014249638929647509,0.10861301662779915,0.020687771097449115,0.05,0.3415559772296015,1.0008979655358745,0.004041126292342349
HAPT,1,M1,late_product,8,0.01,3162,0,0.0,0.16285605065404915,1.9999355747002043,0.16285893220307576,1.9999358938550815,3.56888701359437e-06,0.0005576171952270745,0.07558507273877293,239,0.0,0,0.006004571597098086,0.0074017343813228414,1.0349032722071752,0.00538840668349614,0.01,0.4731182795698925,1.0000176938407572,2.1914365473442943e-05
HAPT,1,M1,late_mean,8,0.01,3162,0,0.0,0.252615377968028,0.7777353004816518,0.25261537944500495,0.7777353004816518,5.082329342224258e-08,1.4901161193847656e-07,0.06799493991144845,215,0.0,0,0.0026942015706943804,0.0026942199439043153,0.005000069737434387,0.00538840668349614,0.01,0.4731182795698925,1.000000005846742,2.0118843845157745e-07
HAPT,1,M1,cpsa,8,0.01,3162,0,0.0,0.18599239557371247,1.080422915677515,0.1860025207943319,1.0804228709733432,4.28694506030742e-05,0.00041425451906684785,0.07084123972169513,224,0.0,0,0.003788515752735407,0.003805735631527222,0.021705806695666144,0.00538840668349614,0.01,0.4731182795698925,1.0000544388956774,0.00023049034059074845
HAPT,1,M1,late_product,8,0.05,3162,0,0.0,0.16285605065404915,1.9999355747002043,0.16292807958604538,1.9999432785320668,8.926772253809023e-05,0.014017739840710607,0.07558507273877293,239,0.0,0,0.01619977290339381,0.019551928207062752,1.043586368565381,0.020687771097449115,0.05,0.3415559772296015,1.000442285881961,0.0005481388144903459
HAPT,1,M1,late_mean,8,0.05,3162,0,0.0,0.252615377968028,0.7777353004816518,0.25261537879967677,0.7777353004816518,4.42501353268303e-08,1.2293457984924316e-07,0.06799493991144845,215,0.0,0,0.010343881730964332,0.010343899642967835,0.025000065565109253,0.020687771097449115,0.05,0.3415559772296015,1.000000003292154,1.7516801899697004e-07
HAPT,1,M1,cpsa,8,0.05,3162,0,0.0,0.18599239557371247,1.080422915677515,0.18611962006633248,1.0804228709733432,0.0007301341044066515,0.009098593359237128,0.07084123972169513,224,0.0,0,0.013923418585287464,0.014249638929647509,0.10861301662779915,0.020687771097449115,0.05,0.3415559772296015,1.0006840306144107,0.003925612669025949
HAPT,1,M1,late_product,16,0.01,3162,0,0.0,0.1825419181634394,1.9999496897072488,0.18254307429554223,1.9999496897072488,1.8322981586393897e-06,0.0008942812244185916,0.08412397216951296,266,0.0,0,0.006004571597098086,0.0074017343813228414,1.0349032722071752,0.00538840668349614,0.01,0.4731182795698925,1.0000063335156903,1.0037684369016199e-05
HAPT,1,M1,late_mean,16,0.01,3162,0,0.0,0.2865804761994969,0.8823045624974952,0.2865804723294705,0.8823046817067848,1.108960218415847e-07,2.989545464515686e-07,0.07210626185958255,228,0.0,0,0.0026942015706943804,0.0026942199439043153,0.005000069737434387,0.00538840668349614,0.01,0.4731182795698925,0.9999999864958476,3.869629338056749e-07
HAPT,1,M1,cpsa,16,0.01,3162,0,0.0,0.2091090901872406,1.3185119818504838,0.20911709985731855,1.3185209181344102,4.083598122407011e-05,0.00025945339057908967,0.07621758380771664,241,0.0,0,0.003788515752735407,0.003805735631527222,0.021705806695666144,0.00538840668349614,0.01,0.4731182795698925,1.000038303787132,0.00019528553822076663
HAPT,1,M1,late_product,16,0.05,3162,0,0.0,0.1825419181634394,1.9999496897072488,0.1825708438979671,1.999949689707249,4.5714820747601694e-05,0.022181667353066814,0.08412397216951296,266,0.0,0,0.01619977290339381,0.019551928207062752,1.043586368565381,0.020687771097449115,0.05,0.3415559772296015,1.0001584607788652,0.0002504346465049787
HAPT,1,M1,late_mean,16,0.05,3162,0,0.0,0.2865804761994969,0.8823045624974952,0.286580471200367,0.8823046817067848,1.1816148661366798e-07,3.2782554626464844e-07,0.07210626185958255,228,0.0,0,0.010343881730964332,0.010343899642967835,0.025000065565109253,0.020687771097449115,0.05,0.3415559772296015,0.99999998255593,4.123152008841397e-07
HAPT,1,M1,cpsa,16,0.05,3162,0,0.0,0.2091090901872406,1.3185119818504838,0.20920171593873968,1.3185209181344102,0.0006978038759341917,0.006418530476135942,0.07621758380771664,241,0.0,0,0.013923418585287464,0.014249638929647509,0.10861301662779915,0.020687771097449115,0.05,0.3415559772296015,1.0004429542083328,0.003337032719664954
HAPT,1,M1,late_product,32,0.01,3162,0,0.0,0.1918070403799753,1.9999935896082346,0.19180734434131996,1.9999935896082426,7.211488282544069e-07,0.0005817664581310722,0.08791903858317521,278,0.0,0,0.006004571597098086,0.0074017343813228414,1.0349032722071752,0.00538840668349614,0.01,0.4731182795698925,1.0000015847246486,3.759762033895055e-06
HAPT,1,M1,late_mean,32,0.01,3162,0,0.0,0.3051068662742845,0.9393425954181112,0.30510686213039667,0.9393425954181112,2.009490425848727e-07,5.961628630757332e-07,0.0736875395319418,233,0.0,0,0.0026942015706943804,0.0026942199439043153,0.005000069737434387,0.00538840668349614,0.01,0.4731182795698925,0.9999999864182413,6.586185523737897e-07
HAPT,1,M1,cpsa,32,0.01,3162,0,0.0,0.22170555440399833,1.492341257218623,0.2217126726779185,1.4923504183150504,3.9841883585313274e-05,0.0002336016934775774,0.08032890575585072,254,0.0,0,0.003788515752735407,0.003805735631527222,0.021705806695666144,0.00538840668349614,0.01,0.4731182795698925,1.000032106881306,0.00017970629419916215
HAPT,1,M1,late_product,32,0.05,3162,0,0.0,0.1918070403799753,1.9999935896082346,0.19181455381979928,1.9999935896084229,1.8328744723010105e-05,0.015105376645586754,0.08791903858317521,278,0.0,0,0.01619977290339381,0.019551928207062752,1.043586368565381,0.020687771097449115,0.05,0.3415559772296015,1.0000391718667316,9.555824794908639e-05
HAPT,1,M1,late_mean,32,0.05,3162,0,0.0,0.3051068662742845,0.9393425954181112,0.3051068620594135,0.9393425954181112,2.0152751112900452e-07,5.961628630757332e-07,0.0736875395319418,233,0.0,0,0.010343881730964332,0.010343899642967835,0.025000065565109253,0.020687771097449115,0.05,0.3415559772296015,0.999999986185591,6.605145062446272e-07
HAPT,1,M1,cpsa,32,0.05,3162,0,0.0,0.22170555440399833,1.492341257218623,0.22178989540895053,1.4923504183150504,0.0006863467212615573,0.005528070666312251,0.08001265022137888,253,0.00031625553447185326,1,0.013923418585287464,0.014249638929647509,0.10861301662779915,0.020687771097449115,0.05,0.3415559772296015,1.0003804189984276,0.0030957578988340378
HAPT,1,M1,late_product,64,0.01,3162,0,0.0,0.19686795010009636,1.9999935896099021,0.19686819660696103,1.9999935896099021,2.5572177067912786e-07,0.00020070374011993408,0.09108159392789374,288,0.0,0,0.006004571597098086,0.0074017343813228414,1.0349032722071752,0.00538840668349614,0.01,0.4731182795698925,1.0000012521431982,1.2989507461682189e-06
HAPT,1,M1,late_mean,64,0.01,3162,0,0.0,0.31479763790070053,0.9691784628593041,0.31479764108781516,0.9691779264175011,4.4542336130531243e-07,1.1920928955078125e-06,0.0736875395319418,233,0.0,0,0.0026942015706943804,0.0026942199439043153,0.005000069737434387,0.00538840668349614,0.01,0.4731182795698925,1.0000000101243283,1.4149514090249189e-06
HAPT,1,M1,cpsa,64,0.01,3162,0,0.0,0.22831012934178352,1.5897145598075209,0.22831721433060434,1.5897238727786354,3.949701811457668e-05,0.00022770295860489662,0.08159392789373814,258,0.0,0,0.003788515752735407,0.003805735631527222,0.021705806695666144,0.00538840668349614,0.01,0.4731182795698925,1.0000310323017259,0.00017299722192986488
HAPT,1,M1,late_product,64,0.05,3162,0,0.0,0.19686795010009636,1.9999935896099021,0.19687414515543594,1.9999935896099021,6.400405892681904e-06,0.005093872547149658,0.09108159392789374,288,0.0,0,0.01619977290339381,0.019551928207062752,1.043586368565381,0.020687771097449115,0.05,0.3415559772296015,1.0000314680745974,3.2511162377764664e-05
HAPT,1,M1,late_mean,64,0.05,3162,0,0.0,0.31479763790070053,0.9691784628593041,0.31479764026561813,0.9691779264175011,4.249747633525795e-07,1.1920928955078125e-06,0.0736875395319418,233,0.0,0,0.010343881730964332,0.010343899642967835,0.025000065565109253,0.020687771097449115,0.05,0.3415559772296015,1.000000007512501,1.349993494826137e-06
HAPT,1,M1,cpsa,64,0.05,3162,0,0.0,0.22831012934178352,1.5897145598075209,0.22839934237942894,1.5897238727786354,0.0006826177937809978,0.005496855243506682,0.08159392789373814,258,0.0,0,0.013923418585287464,0.014249638929647509,0.10861301662779915,0.020687771097449115,0.05,0.3415559772296015,1.0003907537431764,0.0029898708206638927
HAPT,1,M1,late_product,100,0.01,3162,0,0.0,0.19765300903405988,1.9999935896099021,0.19765306709542374,1.9999935896099021,8.00795151900176e-08,6.958842277526855e-05,0.09108159392789374,288,0.0,0,0.006004571597098086,0.0074017343813228414,1.0349032722071752,0.00538840668349614,0.01,0.4731182795698925,1.0000002937540093,4.0515201656362425e-07
HAPT,1,M1,late_mean,100,0.01,3162,0,0.0,0.3183597143918279,0.9801451175938496,0.31835970178971007,0.9801444023381123,6.645426319873956e-07,1.8477448975318111e-06,0.0736875395319418,233,0.0,0,0.0026942015706943804,0.0026942199439043153,0.005000069737434387,0.00538840668349614,0.01,0.4731182795698925,0.9999999604154757,2.0873954899001315e-06
HAPT,1,M1,cpsa,100,0.01,3162,0,0.0,0.23074279824192043,1.6416549046523414,0.2307502153284571,1.641628746579272,3.957156293509033e-05,0.0002252550410327056,0.08159392789373814,258,0.0,0,0.003788515752735407,0.003805735631527222,0.021705806695666144,0.00538840668349614,0.01,0.4731182795698925,1.0000321443901747,0.00017149641608143213
HAPT,1,M1,late_product,100,0.05,3162,0,0.0,0.19765300903405988,1.9999935896099021,0.19765423892762904,1.9999935896099021,1.5009146145765537e-06,0.0012377798557281494,0.09108159392789374,288,0.0,0,0.01619977290339381,0.019551928207062752,1.043586368565381,0.020687771097449115,0.05,0.3415559772296015,1.000006222488467,7.593684618876274e-06
HAPT,1,M1,late_mean,100,0.05,3162,0,0.0,0.3183597143918279,0.9801451175938496,0.3183596985515822,0.9801444023381123,6.574549196421879e-07,1.860782504081726e-06,0.0736875395319418,233,0.0,0,0.010343881730964332,0.010343899642967835,0.025000065565109253,0.020687771097449115,0.05,0.3415559772296015,0.9999999502441892,2.0651322699486134e-06
HAPT,1,M1,cpsa,100,0.05,3162,0,0.0,0.23074279824192043,1.6416549046523414,0.23083701701357712,1.6412457803223788,0.0006819393392458839,0.00548535157276428,0.08191018342820999,259,0.00031625553447185326,1,0.013923418585287464,0.014249638929647509,0.10861301662779915,0.020687771097449115,0.05,0.3415559772296015,1.0004083281141365,0.0029554089854232856
HAPT,1,M2,late_product,2,0.01,3162,0,0.0,0.07130249674015916,1.8103046628023007,0.073008403741235,1.935901290735369,0.0017267623888885184,0.7750923103981717,0.028462998102466792,90,0.0015812776723592662,5,0.002699814633007686,0.00321399031507213,1.0387179911937903,0.009005515452111644,0.01,0.8507273877292852,1.0239249266023953,0.02421741829295533
HAPT,1,M2,late_mean,2,0.01,3162,0,0.0,0.10826373467592015,0.3333151052855783,0.10826373476781392,0.33331510575123957,2.597343425725479e-09,5.98374754190445e-08,0.116382036685642,368,0.0,0,0.0045027548426588215,0.004502775920658748,0.005000069737434387,0.009005515452111644,0.01,0.8507273877292852,1.0000000008487955,2.3990890703155985e-08
HAPT,1,M2,cpsa,2,0.01,3162,0,0.0,0.09642889008310436,0.4194044517320208,0.09641649174679948,0.4194381776720775,8.723093021374733e-05,0.0021146942275550584,0.0392156862745098,124,0.0,0,0.004370274429845395,0.00440365172059206,0.021780576945929386,0.009005515452111644,0.01,0.8507273877292852,0.9998714250854261,0.0009046140647120376
HAPT,1,M2,late_product,2,0.05,3162,0,0.0,0.07130249674015916,1.8103046628023007,0.0749291616807147,1.935901290735369,0.00395847437603199,0.7750923103981717,0.028779253636938645,91,0.0018975332068311196,6,0.009782341300565609,0.011573849058648954,1.0387179911937903,0.03916966826252768,0.05,0.7118912080961417,1.050863084833787,0.055516630651202555
HAPT,1,M2,late_mean,2,0.05,3162,0,0.0,0.10826373467592015,0.3333151052855783,0.10826373490536219,0.3333151052855783,7.478687204695221e-09,1.2014061212539673e-07,0.116382036685642,368,0.0,0,0.019584827919369625,0.01958484844821193,0.025000065565109253,0.03916966826252768,0.05,0.7118912080961417,1.000000002119288,6.907841510439431e-08
HAPT,1,M2,cpsa,2,0.05,3162,0,0.0,0.09642889008310436,0.4194044517320208,0.09638039969857759,0.4194611716395684,0.0015868657933476036,0.01630389527182996,0.03953194180898166,125,0.00031625553447185326,1,0.01838328498492663,0.0190144176375009,0.1103574860905685,0.03916966826252768,0.05,0.7118912080961417,0.9994971384147948,0.01645633162406008
HAPT,1,M2,late_product,3,0.01,3162,0,0.0,0.12246145384652928,1.9989829745203473,0.12336340969298287,1.998982978310954,0.0009126895797367743,0.7856835722928898,0.05313092979127135,168,0.0006325110689437065,2,0.002699814633007686,0.00321399031507213,1.0387179911937903,0.009005515452111644,0.01,0.8507273877292852,1.0073652224281442,0.007452872320792238
HAPT,1,M2,late_mean,3,0.01,3162,0,0.0,0.16239560167844558,0.4999726429846305,0.16239560169803222,0.4999726434502918,1.1383813253917851e-10,5.960464477539063e-08,0.1549652118912081,490,0.0,0,0.0045027548426588215,0.004502775920658748,0.005000069737434387,0.009005515452111644,0.01,0.8507273877292852,1.0000000001206106,7.009927077002111e-10
HAPT,1,M2,cpsa,3,0.01,3162,0,0.0,0.15248971646586304,0.636775134888012,0.15247643988311044,0.6368091587577283,6.533973767864872e-05,0.0013334050852187307,0.06293485135989879,199,0.0,0,0.004370274429845395,0.00440365172059206,0.021780576945929386,0.009005515452111644,0.01,0.8507273877292852,0.9999129345698825,0.0004284861903673087
HAPT,1,M2,late_product,3,0.05,3162,0,0.0,0.12246145384652928,1.9989829745203473,0.1254769417301099,1.999068701963989,0.0032481186380118386,0.7856835722928898,0.05439595192915876,172,0.0018975332068311196,6,0.009782341300565609,0.011573849058648954,1.0387179911937903,0.03916966826252768,0.05,0.7118912080961417,1.0246239758623124,0.02652360016958834
HAPT,1,M2,late_mean,3,0.05,3162,0,0.0,0.16239560167844558,0.4999726429846305,0.16239560162896355,0.4999726429846305,1.6258382706759776e-10,2.9802322387695312e-08,0.1549652118912081,490,0.0,0,0.019584827919369625,0.01958484844821193,0.025000065565109253,0.03916966826252768,0.05,0.7118912080961417,0.9999999996952994,1.0011590547231992e-09
HAPT,1,M2,cpsa,3,0.05,3162,0,0.0,0.15248971646586304,0.636775134888012,0.1523657695517014,0.6403522799737402,0.0011905767868701134,0.010022310122892786,0.0641998734977862,203,0.001265022137887413,4,0.01838328498492663,0.0190144176375009,0.1103574860905685,0.03916966826252768,0.05,0.7118912080961417,0.9991871785387614,0.007807587386632991
HAPT,1,M2,late_product,5,0.01,3162,0,0.0,0.203602183970143,1.9999947569157306,0.2037021753177399,1.999994756914651,0.00010559077426585133,0.06333249814494457,0.09013282732447818,285,0.0,0,0.002699814633007686,0.00321399031507213,1.0387179911937903,0.009005515452111644,0.01,0.8507273877292852,1.0004911113704535,0.0005186131710715616
HAPT,1,M2,late_mean,5,0.01,3162,0,0.0,0.21652746896750522,0.6666302557741801,0.21652746592348585,0.6666302557741801,1.2629563420234354e-08,1.2293457984924316e-07,0.18374446552814674,581,0.0,0,0.0045027548426588215,0.004502775920658748,0.005000069737434387,0.009005515452111644,0.01,0.8507273877292852,0.9999999859416481,5.832776543529312e-08
HAPT,1,M2,cpsa,5,0.01,3162,0,0.0,0.21751232717017643,0.8920265055639902,0.2174937156032463,0.8920052858156851,6.857097654948882e-05,0.0010646392833786322,0.09297912713472485,294,0.0,0,0.004370274429845395,0.00440365172059206,0.021780576945929386,0.009005515452111644,0.01,0.8507273877292852,0.9999144344269022,0.0003152509903304953
HAPT,1,M2,late_product,5,0.05,3162,0,0.0,0.203602183970143,1.9999947569157306,0.205343486656488,1.999994756914651,0.0018840250021874923,1.0127604466169795,0.09234661606578115,292,0.002213788741302973,7,0.009782341300565609,0.011573849058648954,1.0387179911937903,0.03916966826252768,0.05,0.7118912080961417,1.008552475481306,0.00925346165473241
HAPT,1,M2,late_mean,5,0.05,3162,0,0.0,0.21652746896750522,0.6666302557741801,0.21652746698602418,0.6666302562398414,1.546020086594658e-08,1.2293457984924316e-07,0.18374446552814674,581,0.0,0,0.019584827919369625,0.01958484844821193,0.025000065565109253,0.03916966826252768,0.05,0.7118912080961417,0.9999999908488237,7.140064463722488e-08
HAPT,1,M2,cpsa,5,0.05,3162,0,0.0,0.21751232717017643,0.8920265055639902,0.21727511375725717,0.8945149650389794,0.0012504550685598804,0.008765548352284491,0.09329538266919671,295,0.00031625553447185326,1,0.01838328498492663,0.0190144176375009,0.1103574860905685,0.03916966826252768,0.05,0.7118912080961417,0.9989094254288693,0.005748892878064581
HAPT,1,M2,late_product,8,0.01,3162,0,0.0,0.266767627054982,1.9999995661868077,0.2667830363687837,1.9999997418757858,2.0961624545834135e-05,0.004066139459609985,0.12144212523719165,384,0.0,0,0.002699814633007686,0.00321399031507213,1.0387179911937903,0.009005515452111644,0.01,0.8507273877292852,1.0000577630575787,7.857634292902357e-05
HAPT,1,M2,late_mean,8,0.01,3162,0,0.0,0.25261538012387014,0.7777352477977502,0.25261538042295784,0.7777352482634114,5.2515577967643146e-08,1.4901161193847656e-07,0.19671094244149273,622,0.0,0,0.0045027548426588215,0.004502775920658748,0.005000069737434387,0.009005515452111644,0.01,0.8507273877292852,1.0000000011839647,2.0788749260592168e-07
HAPT,1,M2,cpsa,8,0.01,3162,0,0.0,0.2688418044296399,1.0833344854704607,0.26881532978410877,1.0833345190166048,8.002411606826869e-05,0.0009693376078394045,0.12586970271979758,398,0.0,0,0.004370274429845395,0.00440365172059206,0.021780576945929386,0.009005515452111644,0.01,0.8507273877292852,0.9999015233304683,0.00029766247194346686
HAPT,1,M2,late_product,8,0.05,3162,0,0.0,0.266767627054982,1.9999995661868077,0.26714900089915516,1.9999997908155804,0.0005204972404781811,0.11181837320327759,0.12144212523719165,384,0.0,0,0.009782341300565609,0.011573849058648954,1.0387179911937903,0.03916966826252768,0.05,0.7118912080961417,1.0014296106629705,0.0019511259526663039
HAPT,1,M2,late_mean,8,0.05,3162,0,0.0,0.25261538012387014,0.7777352477977502,0.2526153808492986,0.7777352482634114,4.179078883159441e-08,1.2293457984924316e-07,0.19671094244149273,622,0.0,0,0.019584827919369625,0.01958484844821193,0.025000065565109253,0.03916966826252768,0.05,0.7118912080961417,1.0000000028716718,1.6543248004576073e-07
HAPT,1,M2,cpsa,8,0.05,3162,0,0.0,0.2688418044296399,1.0833344854704607,0.2684650287736063,1.0833350763119858,0.0014663578493447785,0.008339848824936213,0.12618595825426945,399,0.00031625553447185326,1,0.01838328498492663,0.0190144176375009,0.1103574860905685,0.03916966826252768,0.05,0.7118912080961417,0.9985985228122056,0.0054543520582884175
HAPT,1,M2,late_product,16,0.01,3162,0,0.0,0.3398535946987133,2.000000037252761,0.33985948963479556,2.000000037252761,9.796594479918077e-06,0.0010852814111297349,0.15717900063251106,497,0.0,0,0.002699814633007686,0.00321399031507213,1.0387179911937903,0.009005515452111644,0.01,0.8507273877292852,1.0000173455163466,2.8825925730174916e-05
HAPT,1,M2,late_mean,16,0.01,3162,0,0.0,0.2865804738737675,0.8823048097375477,0.2865804723837307,0.8823046299922908,1.0381876181793496e-07,2.9848888516426086e-07,0.20999367488931056,664,0.0,0,0.0045027548426588215,0.004502775920658748,0.005000069737434387,0.009005515452111644,0.01,0.8507273877292852,0.9999999948006338,3.622673953134186e-07
HAPT,1,M2,cpsa,16,0.01,3162,0,0.0,0.32699987723012286,1.3190935569965099,0.3269681111314759,1.3191445090945533,7.900277547063333e-05,0.0007685894244790908,0.15812776723592664,500,0.0,0,0.004370274429845395,0.00440365172059206,0.021780576945929386,0.009005515452111644,0.01,0.8507273877292852,0.9999028559309684,0.0002415987924516434
HAPT,1,M2,late_product,16,0.05,3162,0,0.0,0.3398535946987133,2.000000037252761,0.34000176558801803,2.000000037252761,0.000245640640094562,0.02863606168856858,0.15717900063251106,497,0.0,0,0.009782341300565609,0.011573849058648954,1.0387179911937903,0.03916966826252768,0.05,0.7118912080961417,1.0004359844698305,0.0007227837042957486
HAPT,1,M2,late_mean,16,0.05,3162,0,0.0,0.2865804738737675,0.8823048097375477,0.2865804741320959,0.8823048088062251,1.2003885485527665e-07,3.2782554626464844e-07,0.20999367488931056,664,0.0,0,0.019584827919369625,0.01958484844821193,0.025000065565109253,0.03916966826252768,0.05,0.7118912080961417,1.0000000009014167,4.188661328969369e-07
HAPT,1,M2,cpsa,16,0.05,3162,0,0.0,0.32699987723012286,1.3190935569965099,0.32650504853140827,1.3191445090945533,0.0014695979813976094,0.006352394214978574,0.15781151170145477,499,0.00031625553447185326,1,0.01838328498492663,0.0190144176375009,0.1103574860905685,0.03916966826252768,0.05,0.7118912080961417,0.9984867618211173,0.004494185116661052
HAPT,1,M2,late_product,32,0.01,3162,0,0.0,0.393506255002739,2.000000037252761,0.39350924762244216,2.000000037252761,5.348917515770838e-06,0.0011835210025310516,0.1846932321315623,584,0.0,0,0.002699814633007686,0.00321399031507213,1.0387179911937903,0.009005515452111644,0.01,0.8507273877292852,1.0000076050117759,1.3592966942122957e-05
HAPT,1,M2,late_mean,32,0.01,3162,0,0.0,0.3051069030072695,0.9393424641583579,0.3051068899296291,0.9393426397126632,1.9198749163787422e-07,5.96512109041214e-07,0.21758380771663505,688,0.0,0,0.0045027548426588215,0.004502775920658748,0.005000069737434387,0.009005515452111644,0.01,0.8507273877292852,0.9999999571375138,6.292466337062846e-07
HAPT,1,M2,cpsa,32,0.01,3162,0,0.0,0.36526617130990846,1.502424734602082,0.36523048956072623,1.502475275614116,7.826078409473674e-05,0.0006024697063689178,0.18089816571790007,572,0.0,0,0.004370274429845395,0.00440365172059206,0.021780576945929386,0.009005515452111644,0.01,0.8507273877292852,0.9999023130199705,0.00021425686319124452
HAPT,1,M2,late_product,32,0.05,3162,0,0.0,0.393506255002739,2.000000037252761,0.39358076522808094,2.000000037252761,0.00013342913899726822,0.029721051454544067,0.1846932321315623,584,0.0,0,0.009782341300565609,0.011573849058648954,1.0387179911937903,0.03916966826252768,0.05,0.7118912080961417,1.0001893495323002,0.0003390775554414999
HAPT,1,M2,late_mean,32,0.05,3162,0,0.0,0.3051069030072695,0.9393424641583579,0.3051068917317471,0.9393427589219527,1.9200354384543794e-07,5.96512109041214e-07,0.21758380771663505,688,0.0,0,0.019584827919369625,0.01958484844821193,0.025000065565109253,0.03916966826252768,0.05,0.7118912080961417,0.9999999630440272,6.292992454545129e-07
HAPT,1,M2,cpsa,32,0.05,3162,0,0.0,0.36526617130990846,1.502424734602082,0.3646923524538201,1.502475275614116,0.0014844060856268684,0.005525720966880976,0.18089816571790007,572,0.001265022137887413,4,0.01838328498492663,0.0190144176375009,0.1103574860905685,0.03916966826252768,0.05,0.7118912080961417,0.9984290391469033,0.004063902442165745
HAPT,1,M2,late_product,64,0.01,3162,0,0.0,0.42189614480418475,2.000000054022558,0.4218973383065563,2.000000054022558,3.0582153766241897e-06,0.0017952211201190948,0.198292220113852,627,0.0,0,0.002699814633007686,0.00321399031507213,1.0387179911937903,0.009005515452111644,0.01,0.8507273877292852,1.000002828900871,7.248739800747891e-06
HAPT,1,M2,late_mean,64,0.01,3162,0,0.0,0.3147976245398668,0.9691779235752165,0.3147976276680198,0.9691778015719592,4.3239722070189566e-07,1.072912709787488e-06,0.22043010752688172,697,0.0,0,0.0045027548426588215,0.004502775920658748,0.005000069737434387,0.009005515452111644,0.01,0.8507273877292852,1.0000000099370285,1.3735720570761032e-06
HAPT,1,M2,cpsa,64,0.01,3162,0,0.0,0.38809068612534664,1.62484336911246,0.38805288887034456,1.6248376796451254,7.772558289030013e-05,0.0003998562502940603,0.19734345351043645,624,0.00031625553447185326,1,0.004370274429845395,0.00440365172059206,0.021780576945929386,0.009005515452111644,0.01,0.8507273877292852,0.9999026071576738,0.00020027685710858855
HAPT,1,M2,late_product,64,0.05,3162,0,0.0,0.42189614480418475,2.000000054022558,0.42192593010701696,2.000000054022558,7.63716098492593e-05,0.044231649953871965,0.198292220113852,627,0.00031625553447185326,1,0.009782341300565609,0.011573849058648954,1.0387179911937903,0.03916966826252768,0.05,0.7118912080961417,1.0000705986608294,0.00018101992822121133
HAPT,1,M2,late_mean,64,0.05,3162,0,0.0,0.3147976245398668,0.9691779235752165,0.3147976287949142,0.9691778015719592,4.013083654217524e-07,1.0738149285316467e-06,0.22043010752688172,697,0.0,0,0.019584827919369625,0.01958484844821193,0.025000065565109253,0.03916966826252768,0.05,0.7118912080961417,1.0000000135167708,1.2748138300228172e-06
HAPT,1,M2,cpsa,64,0.05,3162,0,0.0,0.38809068612534664,1.62484336911246,0.3874891062204609,1.6243452376050431,0.0014897967343967852,0.005504775319493338,0.19734345351043645,624,0.00031625553447185326,1,0.01838328498492663,0.0190144176375009,0.1103574860905685,0.03916966826252768,0.05,0.7118912080961417,0.9984498986283545,0.003838785076938451
HAPT,1,M2,late_product,100,0.01,3162,0,0.0,0.4326680126187033,2.000000054022558,0.4326687358682373,2.000000054022558,2.6829002010408392e-06,0.0025368183851242065,0.20398481973434535,645,0.0,0,0.002699814633007686,0.00321399031507213,1.0387179911937903,0.009005515452111644,0.01,0.8507273877292852,1.0000016716038924,6.200828632564512e-06
HAPT,1,M2,late_mean,100,0.01,3162,0,0.0,0.3183597018877055,0.98014302102888,0.3183596937507935,0.9801444575939513,6.521883936581078e-07,1.851934939622879e-06,0.22137887413029728,700,0.0,0,0.0045027548426588215,0.004502775920658748,0.005000069737434387,0.009005515452111644,0.01,0.8507273877292852,0.9999999744411369,2.048589660660485e-06
HAPT,1,M2,cpsa,100,0.01,3162,0,0.0,0.3971112203800477,1.6842738306155436,0.39707262530539966,1.6842493365442657,7.785527771221343e-05,0.00029277855262221757,0.20524984187223277,649,0.0,0,0.004370274429845395,0.00440365172059206,0.021780576945929386,0.009005515452111644,0.01,0.8507273877292852,0.99990281041515,0.00019605408690719827
HAPT,1,M2,late_product,100,0.05,3162,0,0.0,0.4326680126187033,2.000000054022558,0.43268523742540854,2.000000054022558,6.82139587023146e-05,0.06599758565425873,0.20398481973434535,645,0.0,0,0.009782341300565609,0.011573849058648954,1.0387179911937903,0.03916966826252768,0.05,0.7118912080961417,1.0000398106774777,0.00015765889021805135
HAPT,1,M2,late_mean,100,0.05,3162,0,0.0,0.3183597018877055,0.98014302102888,0.31835969474514675,0.9801443989206291,6.4589003757475e-07,1.851934939622879e-06,0.22137887413029728,700,0.0,0,0.019584827919369625,0.01958484844821193,0.025000065565109253,0.03916966826252768,0.05,0.7118912080961417,0.999999977564501,2.028805887632643e-06
HAPT,1,M2,cpsa,100,0.05,3162,0,0.0,0.3971112203800477,1.6842738306155436,0.39650781538315216,1.6838358669460085,0.0014916064666757075,0.0054915883917275865,0.20556609740670462,650,0.00031625553447185326,1,0.01838328498492663,0.0190144176375009,0.1103574860905685,0.03916966826252768,0.05,0.7118912080961417,0.998480513856249,0.003756142838895849
HAPT,2,M1,late_product,2,0.01,3162,0,0.0,0.07402201095428332,1.93501013417948,0.07444062094958724,1.9559235716123768,0.0004558878832429561,0.17482597472703915,0.03763440860215054,119,0.0,0,0.006316215013669843,0.007563857694408724,0.9843240900592751,0.0058116451988577695,0.01,0.5012650221378874,1.0056552097127227,0.006158815160054442
HAPT,2,M1,late_mean,2,0.01,3162,0,0.0,0.1106867587981812,0.3333295552505344,0.11068675839748741,0.3333295552505344,6.968451746903101e-09,1.1920928955078125e-07,0.0528146742567995,167,0.0,0,0.002905820475426142,0.002905838021755739,0.005000069737434387,0.0058116451988577695,0.01,0.5012650221378874,0.9999999963799303,6.295650737780576e-08
HAPT,2,M1,cpsa,2,0.01,3162,0,0.0,0.0752146794576199,0.3906436616271094,0.07524230615169557,0.39064423388299474,4.5545774159838725e-05,0.0005878459008421544,0.02530044275774826,80,0.0,0,0.003897139940112838,0.00390705587878125,0.01700850868737469,0.0058116451988577695,0.01,0.5012650221378874,1.0003673045511179,0.000605543684933228
HAPT,2,M1,late_product,2,0.05,3162,0,0.0,0.07402201095428332,1.93501013417948,0.07706923059905511,1.9559235716123768,0.0035983406676305865,0.7572205907417646,0.038266919671094246,121,0.001265022137887413,4,0.017613951466978115,0.021104013496521676,1.0437540210002427,0.021572440690364396,0.05,0.34345351043643263,1.0411663990951798,0.04861176589559226
HAPT,2,M1,late_mean,2,0.05,3162,0,0.0,0.1106867587981812,0.3333295552505344,0.11068675869776677,0.3333295552505344,1.0566060724651603e-08,1.1920928955078125e-07,0.0528146742567995,167,0.0,0,0.010786216240674655,0.010786233537523122,0.025000065565109253,0.021572440690364396,0.05,0.34345351043643263,0.9999999990928055,9.545912121175261e-08
HAPT,2,M1,cpsa,2,0.05,3162,0,0.0,0.0752146794576199,0.3906436616271094,0.07564193829759931,0.3906584202295562,0.0007538585147527163,0.009180777443361876,0.025616698292220113,81,0.00031625553447185326,1,0.013968958622565782,0.014147501011411753,0.08583935198856962,0.021572440690364396,0.05,0.34345351043643263,1.0056805246404081,0.010022757793942095
HAPT,2,M1,late_product,3,0.01,3162,0,0.0,0.10937034336809867,1.9971027722906722,0.10942811033419551,1.9971466429138474,6.444590556530583e-05,0.04587560147049613,0.05154965211891208,163,0.0,0,0.006316215013669843,0.007563857694408724,0.9843240900592751,0.0058116451988577695,0.01,0.5012650221378874,1.000528177605719,0.0005892447950758059
HAPT,2,M1,late_mean,3,0.01,3162,0,0.0,0.1660301371014819,0.49999428630603493,0.16603013711458875,0.49999428630603493,1.605220756373927e-11,2.9802322387695312e-08,0.06072106261859583,192,0.0,0,0.002905820475426142,0.002905838021755739,0.005000069737434387,0.0058116451988577695,0.01,0.5012650221378874,1.0000000000789426,9.668249297371686e-11
HAPT,2,M1,cpsa,3,0.01,3162,0,0.0,0.11174181880444348,0.6012638949141547,0.11175978764839083,0.6012642424821024,3.156882787869896e-05,0.000362398758708693,0.03953194180898166,125,0.0,0,0.003897139940112838,0.00390705587878125,0.01700850868737469,0.0058116451988577695,0.01,0.5012650221378874,1.0001608067967713,0.0002825157869852357
HAPT,2,M1,late_product,3,0.05,3162,0,0.0,0.10937034336809867,1.9971027722906722,0.11013104882931693,1.9971466429138474,0.0011294985525123044,0.7556593226177217,0.05186590765338393,164,0.00031625553447185326,1,0.017613951466978115,0.021104013496521676,1.0437540210002427,0.021572440690364396,0.05,0.34345351043643263,1.006955317481797,0.010327283591959157
HAPT,2,M1,late_mean,3,0.05,3162,0,0.0,0.1660301371014819,0.49999428630603493,0.1660301371226885,0.49999428630603493,6.361975841775565e-11,2.9802322387695312e-08,0.06072106261859583,192,0.0,0,0.010786216240674655,0.010786233537523122,0.025000065565109253,0.021572440690364396,0.05,0.34345351043643263,1.0000000001277274,3.831819905013366e-10
HAPT,2,M1,cpsa,3,0.05,3162,0,0.0,0.11174181880444348,0.6012638949141547,0.112006824716857,0.6012728614750813,0.0005232043696304475,0.005665035861887994,0.03953194180898166,125,0.0,0,0.013968958622565782,0.014147501011411753,0.08583935198856962,0.021572440690364396,0.05,0.34345351043643263,1.0023715911844724,0.004682261083883862
HAPT,2,M1,late_product,5,0.01,3162,0,0.0,0.1415506428061269,1.998102260959188,0.141557346028443,1.998109494520252,7.232069990206192e-06,0.0031753033399581922,0.06578115117014548,208,0.0,0,0.006316215013669843,0.007563857694408724,0.9843240900592751,0.0058116451988577695,0.01,0.5012650221378874,1.000047355647302,5.1091749545154015e-05
HAPT,2,M1,late_mean,5,0.01,3162,0,0.0,0.22137351701799307,0.6666591532445918,0.2213735218972874,0.666659093639947,1.4408560619137782e-08,1.2014061212539673e-07,0.06925996204933586,219,0.0,0,0.002905820475426142,0.002905838021755739,0.005000069737434387,0.0058116451988577695,0.01,0.5012650221378874,1.0000000220410028,6.508710171491139e-08
HAPT,2,M1,cpsa,5,0.01,3162,0,0.0,0.1491769139042914,0.8332337680749333,0.14919302740446735,0.833231346098728,3.062812943631957e-05,0.0003520082925073109,0.05471220746363061,173,0.0,0,0.003897139940112838,0.00390705587878125,0.01700850868737469,0.0058116451988577695,0.01,0.5012650221378874,1.0001080160445355,0.00020531413765517297
HAPT,2,M1,late_product,5,0.05,3162,0,0.0,0.1415506428061269,1.998102260959188,0.14171607137727313,1.9989510943946183,0.0001787598632227976,0.07773950695991519,0.06578115117014548,208,0.0,0,0.017613951466978115,0.021104013496521676,1.0437540210002427,0.021572440690364396,0.05,0.34345351043643263,1.00116868823671,0.0012628686078637865
HAPT,2,M1,late_mean,5,0.05,3162,0,0.0,0.22137351701799307,0.6666591532445918,0.22137351888521584,0.666659093639947,1.435480781399315e-08,1.341104507446289e-07,0.06925996204933586,219,0.0,0,0.010786216240674655,0.010786233537523122,0.025000065565109253,0.021572440690364396,0.05,0.34345351043643263,1.000000008434716,6.48442867392598e-08
HAPT,2,M1,cpsa,5,0.05,3162,0,0.0,0.1491769139042914,0.8332337680749333,0.14940386226255442,0.8330194520397072,0.0005090398046054467,0.004967139314636881,0.05471220746363061,173,0.0,0,0.013968958622565782,0.014147501011411753,0.08583935198856962,0.021572440690364396,0.05,0.34345351043643263,1.0015213369972824,0.00341232293444571
HAPT,2,M1,late_product,8,0.01,3162,0,0.0,0.16402369308316772,1.9999700692342826,0.1640269725657582,1.9999700785116827,3.59796251638218e-06,0.0005723591457353905,0.07811511701454775,247,0.0,0,0.006316215013669843,0.007563857694408724,0.9843240900592751,0.0058116451988577695,0.01,0.5012650221378874,1.0000199939565366,2.1935626791172444e-05
HAPT,2,M1,late_mean,8,0.01,3162,0,0.0,0.25826910450750773,0.777768997825242,0.2582691018748745,0.7777689382205972,5.308355558647732e-08,1.4901161193847656e-07,0.07337128399746995,232,0.0,0,0.002905820475426142,0.002905838021755739,0.005000069737434387,0.0058116451988577695,0.01,0.5012650221378874,0.9999999898066274,2.0553583320661653e-07
HAPT,2,M1,cpsa,8,0.01,3162,0,0.0,0.17552045863147267,1.0063616450527206,0.1755372123060069,1.006349568818223,3.394704507022016e-05,0.00031832861845487725,0.0683111954459203,216,0.0,0,0.003897139940112838,0.00390705587878125,0.01700850868737469,0.0058116451988577695,0.01,0.5012650221378874,1.0000954514058638,0.00019340791002316293
HAPT,2,M1,late_product,8,0.05,3162,0,0.0,0.16402369308316772,1.9999700692342826,0.1641072920721224,1.999970285754539,8.994403335711433e-05,0.014324570161988959,0.07811511701454775,247,0.0,0,0.017613951466978115,0.021104013496521676,1.0437540210002427,0.021572440690364396,0.05,0.34345351043643263,1.0005096762997057,0.0005483600062065941
HAPT,2,M1,late_mean,8,0.05,3162,0,0.0,0.25826910450750773,0.777768997825242,0.2582691021234628,0.7777689382205972,4.536052926484783e-08,1.2665987014770508e-07,0.07337128399746995,232,0.0,0,0.010786216240674655,0.010786233537523122,0.025000065565109253,0.021572440690364396,0.05,0.34345351043643263,0.999999990769144,1.7563281272587997e-07
HAPT,2,M1,cpsa,8,0.05,3162,0,0.0,0.17552045863147267,1.0063616450527206,0.17574881303476753,1.006156060956073,0.0005662067552160644,0.0052806754227567865,0.06862745098039216,217,0.00031625553447185326,1,0.013968958622565782,0.014147501011411753,0.08583935198856962,0.021572440690364396,0.05,0.34345351043643263,1.0013010130276283,0.0032258732664599906
HAPT,2,M1,late_product,16,0.01,3162,0,0.0,0.18289143024536672,1.9999702884453123,0.18289268708677983,1.9999702884453123,1.480421087304845e-06,0.00025311112617899193,0.08633776091081594,273,0.0,0,0.006316215013669843,0.007563857694408724,0.9843240900592751,0.0058116451988577695,0.01,0.5012650221378874,1.0000068720629032,8.094535021781587e-06
HAPT,2,M1,late_mean,16,0.01,3162,0,0.0,0.2929943580610173,0.8823428452068904,0.29299436094679476,0.8823429048115352,1.1180849597887664e-07,2.9848888516426086e-07,0.07811511701454775,247,0.0,0,0.002905820475426142,0.002905838021755739,0.005000069737434387,0.0058116451988577695,0.01,0.5012650221378874,1.0000000098492594,3.8160631050647075e-07
HAPT,2,M1,cpsa,16,0.01,3162,0,0.0,0.20222531427480334,1.2294288988177868,0.20223998182372005,1.2294293194854617,3.204650678860142e-05,0.00019500997319177316,0.07716635041113219,244,0.0,0,0.003897139940112838,0.00390705587878125,0.01700850868737469,0.0058116451988577695,0.01,0.5012650221378874,1.0000725307262808,0.00015846931381228326
HAPT,2,M1,late_product,16,0.05,3162,0,0.0,0.18289143024536672,1.9999702884453123,0.18292317674886324,1.9999702884453123,3.704869093575323e-05,0.006348013932086146,0.08633776091081594,273,0.0,0,0.017613951466978115,0.021104013496521676,1.0437540210002427,0.021572440690364396,0.05,0.34345351043643263,1.0001735811429433,0.0002025720444421523
HAPT,2,M1,late_mean,16,0.05,3162,0,0.0,0.2929943580610173,0.8823428452068904,0.29299436017407976,0.8823429048115352,1.1839976803328287e-07,3.2782554626464844e-07,0.07811511701454775,247,0.0,0,0.010786216240674655,0.010786233537523122,0.025000065565109253,0.021572440690364396,0.05,0.34345351043643263,1.0000000072119561,4.041025527482192e-07
HAPT,2,M1,cpsa,16,0.05,3162,0,0.0,0.20222531427480334,1.2294288988177868,0.20241575004750442,1.2294293194854617,0.0005365176922339648,0.00478370226895386,0.07748260594560405,245,0.00031625553447185326,1,0.013968958622565782,0.014147501011411753,0.08583935198856962,0.021572440690364396,0.05,0.34345351043643263,1.0009417009605548,0.0026530689006861556
HAPT,2,M1,late_product,32,0.01,3162,0,0.0,0.1940343831305472,1.9999702884453123,0.19403524103062078,1.9999702884453123,9.709569763406916e-07,0.00047183237245462806,0.09044908285895004,286,0.0,0,0.006316215013669843,0.007563857694408724,0.9843240900592751,0.0058116451988577695,0.01,0.5012650221378874,1.0000044213817147,5.004045987496079e-06
HAPT,2,M1,late_mean,32,0.01,3162,0,0.0,0.31193539192527936,0.9393833038054051,0.3119353927759068,0.9393832442007604,2.039593206876614e-07,5.969777703285217e-07,0.08001265022137888,253,0.0,0,0.002905820475426142,0.002905838021755739,0.005000069737434387,0.0058116451988577695,0.01,0.5012650221378874,1.0000000027269347,6.538511690796458e-07
HAPT,2,M1,cpsa,32,0.01,3162,0,0.0,0.21806232166321352,1.4120494356360838,0.21807586054821682,1.412026167072285,3.107892234418773e-05,0.00018595699828072298,0.08127767235926629,257,0.0,0,0.003897139940112838,0.00390705587878125,0.01700850868737469,0.0058116451988577695,0.01,0.5012650221378874,1.0000620872276331,0.00014252311957031985
HAPT,2,M1,late_product,32,0.05,3162,0,0.0,0.1940343831305472,1.9999702884453123,0.19405577337993837,1.9999702884453123,2.426926097937851e-05,0.011566764225790394,0.09044908285895004,286,0.0,0,0.017613951466978115,0.021104013496521676,1.0437540210002427,0.021572440690364396,0.05,0.34345351043643263,1.0001102394794472,0.00012507711565248745
HAPT,2,M1,late_mean,32,0.05,3162,0,0.0,0.31193539192527936,0.9393833038054051,0.31193539279254806,0.9393832442007604,2.0502038633442048e-07,6.016343832015991e-07,0.08001265022137888,253,0.0,0,0.010786216240674655,0.010786233537523122,0.025000065565109253,0.021572440690364396,0.05,0.34345351043643263,1.0000000027802831,6.572527248960926e-07
HAPT,2,M1,cpsa,32,0.05,3162,0,0.0,0.21806232166321352,1.4120494356360838,0.21823253451667418,1.411634900555201,0.0005217250740275871,0.004498007489502243,0.08127767235926629,257,0.0,0,0.013968958622565782,0.014147501011411753,0.08583935198856962,0.021572440690364396,0.05,0.34345351043643263,1.0007805697571337,0.0023925503041894863
HAPT,2,M1,late_product,64,0.01,3162,0,0.0,0.19977667504595725,1.999999885897513,0.1997769495897423,1.9999998858975414,2.7526290265971075e-07,0.00014747377855428567,0.09329538266919671,295,0.0,0,0.006316215013669843,0.007563857694408724,0.9843240900592751,0.0058116451988577695,0.01,0.5012650221378874,1.0000013742534506,1.377853058153002e-06
HAPT,2,M1,late_mean,64,0.01,3162,0,0.0,0.3218430402388915,0.969220113548174,0.32184304770793837,0.9692193982924366,4.5665761145857943e-07,1.192094714497216e-06,0.08064516129032258,255,0.0,0,0.002905820475426142,0.002905838021755739,0.005000069737434387,0.0058116451988577695,0.01,0.5012650221378874,1.0000000232071102,1.4188829782356653e-06
HAPT,2,M1,cpsa,64,0.01,3162,0,0.0,0.22686287668873809,1.5826470585108348,0.22687575515316652,1.582646820092257,3.056088698489457e-05,0.00017991122081684185,0.08317520556609741,263,0.0,0,0.003897139940112838,0.00390705587878125,0.01700850868737469,0.0058116451988577695,0.01,0.5012650221378874,1.0000567676149417,0.00013471083251238554
HAPT,2,M1,late_product,64,0.05,3162,0,0.0,0.19977667504595725,1.999999885897513,0.19978341773479708,1.999999885898185,6.742764066163423e-06,0.003769233546393025,0.09329538266919671,295,0.0,0,0.017613951466978115,0.021104013496521676,1.0437540210002427,0.021572440690364396,0.05,0.34345351043643263,1.0000337511315487,3.3751508100794534e-05
HAPT,2,M1,late_mean,64,0.05,3162,0,0.0,0.3218430402388915,0.969220113548174,0.32184304618754395,0.9692193982924366,4.350728411998442e-07,1.192094714497216e-06,0.08064516129032258,255,0.0,0,0.010786216240674655,0.010786233537523122,0.025000065565109253,0.021572440690364396,0.05,0.34345351043643263,1.0000000184830855,1.3518168386580821e-06
HAPT,2,M1,cpsa,64,0.05,3162,0,0.0,0.22686287668873809,1.5826470585108348,0.22702327155157168,1.582646820092257,0.0005149738233641884,0.004315082947123905,0.08317520556609741,263,0.0,0,0.013968958622565782,0.014147501011411753,0.08583935198856962,0.021572440690364396,0.05,0.34345351043643263,1.0007070123819934,0.002269978371431595
HAPT,2,M1,late_product,100,0.01,3162,0,0.0,0.2008572950410843,1.9999998859031345,0.2008574027332294,1.9999998859031345,1.2145286328064587e-07,6.752461194992065e-05,0.09329538266919671,295,0.0,0,0.006316215013669843,0.007563857694408724,0.9843240900592751,0.0058116451988577695,0.01,0.5012650221378874,1.0000005361624784,6.046724031397681e-07
HAPT,2,M1,late_mean,100,0.01,3162,0,0.0,0.32548481301985316,0.9801859322180337,0.32548483323202904,0.9801871243091103,6.805361671913995e-07,1.8477439880371094e-06,0.08096141682479444,256,0.0,0,0.002905820475426142,0.002905838021755739,0.005000069737434387,0.0058116451988577695,0.01,0.5012650221378874,1.0000000620986758,2.0908384660942374e-06
HAPT,2,M1,cpsa,100,0.01,3162,0,0.0,0.23020674801818752,1.6647124341638218,0.23021936471847335,1.6647123149545322,3.030398404124542e-05,0.00017732958065724835,0.08349146110056926,264,0.0,0,0.003897139940112838,0.00390705587878125,0.01700850868737469,0.0058116451988577695,0.01,0.5012650221378874,1.0000548059533199,0.00013163812226239018
HAPT,2,M1,late_product,100,0.05,3162,0,0.0,0.2008572950410843,1.9999998859031345,0.20086008019275906,1.9999998859031345,2.7851516771675664e-06,0.0015002042055130005,0.09329538266919671,295,0.0,0,0.017613951466978115,0.021104013496521676,1.0437540210002427,0.021572440690364396,0.05,0.34345351043643263,1.0000138663207339,1.3866320745770664e-05
HAPT,2,M1,late_mean,100,0.05,3162,0,0.0,0.32548481301985316,0.9801859322180337,0.32548483084834984,0.9801871243091103,6.732013392104857e-07,1.8477439880371094e-06,0.08096141682479444,256,0.0,0,0.010786216240674655,0.010786233537523122,0.025000065565109253,0.021572440690364396,0.05,0.34345351043643263,1.0000000547752028,2.0683033809304747e-06
HAPT,2,M1,cpsa,100,0.05,3162,0,0.0,0.23020674801818752,1.6647124341638218,0.23036437036154847,1.6647123149545322,0.0005122732231755277,0.004246243838585295,0.08349146110056926,264,0.0,0,0.013968958622565782,0.014147501011411753,0.08583935198856962,0.021572440690364396,0.05,0.34345351043643263,1.0006846990573381,0.0022252745742060327
HAPT,2,M2,late_product,2,0.01,3162,0,0.0,0.07710451664808379,1.9850168157835528,0.07888820449819367,1.9850164534953163,0.0018231258675436666,0.7853855089960036,0.03225806451612903,102,0.0006325110689437065,2,0.0022561137405005586,0.0024388527671725265,0.39307339486958764,0.009061239292710261,0.01,0.864326375711575,1.0231333769751891,0.023644864747219385
HAPT,2,M2,late_mean,2,0.01,3162,0,0.0,0.1106867576012334,0.3333294955149242,0.11068675791064533,0.3333294917896339,2.3120591600508397e-09,5.98374754190445e-08,0.11037318153067678,349,0.0,0,0.00453061671033509,0.004530637383455131,0.005000084638595581,0.009061239292710261,0.01,0.864326375711575,1.0000000027953835,2.08883086844083e-08
HAPT,2,M2,cpsa,2,0.01,3162,0,0.0,0.08602408690843755,0.3757413561057852,0.08602019333328258,0.3758722899209829,7.568248270252438e-05,0.0009619556437314714,0.030360531309297913,96,0.0,0,0.004145039350363036,0.0041731986430157695,0.024538538837944213,0.009061239292710261,0.01,0.864326375711575,0.9999547385471337,0.0008797824588720066
HAPT,2,M2,late_product,2,0.05,3162,0,0.0,0.07710451664808379,1.9850168157835528,0.08166074464992683,1.985007129883654,0.005313269346418987,0.7853855089960036,0.03415559772296015,108,0.002530044275774826,8,0.009424725810283504,0.011062973663541364,1.0136231755377119,0.040327145846265504,0.05,0.7381404174573055,1.0590915837348196,0.06890996244317982
HAPT,2,M2,late_mean,2,0.05,3162,0,0.0,0.1106867576012334,0.3333294955149242,0.11068675774084537,0.3333294955149242,7.454950834738023e-09,8.940696716308594e-08,0.11037318153067678,349,0.0,0,0.020163566087293864,0.02016358613049822,0.025000065565109253,0.040327145846265504,0.05,0.7381404174573055,1.000000001261325,6.735178621453224e-08
HAPT,2,M2,cpsa,2,0.05,3162,0,0.0,0.08602408690843755,0.3757413561057852,0.08609866156241763,0.37968729427013725,0.001622045894801416,0.02025784979736045,0.030676786843769767,97,0.00031625553447185326,1,0.01823716141420432,0.01884768790635276,0.1253887184526855,0.040327145846265504,0.05,0.7381404174573055,1.0008669043364502,0.01885571766112312
HAPT,2,M2,late_product,3,0.01,3162,0,0.0,0.13740545543549354,1.996101056550919,0.13873753587098422,1.9985189396270966,0.0013456198855837835,0.6473118516091294,0.06040480708412397,191,0.0006325110689437065,2,0.0022561137405005586,0.0024388527671725265,0.39307339486958764,0.009061239292710261,0.01,0.864326375711575,1.0096945236364072,0.009793060117729454
HAPT,2,M2,late_mean,3,0.01,3162,0,0.0,0.16603013606726785,0.4999943012871775,0.16603013608199466,0.4999943012871775,7.15722282199751e-11,5.960464477539063e-08,0.15464895635673626,489,0.0,0,0.00453061671033509,0.004530637383455131,0.005000084638595581,0.009061239292710261,0.01,0.864326375711575,1.0000000000886995,4.3107974199923133e-10
HAPT,2,M2,cpsa,3,0.01,3162,0,0.0,0.1377414815445041,0.5750281454517661,0.13773497667421522,0.5751046008050418,5.6514320961446516e-05,0.0008298575798448837,0.0528146742567995,167,0.0,0,0.004145039350363036,0.0041731986430157695,0.024538538837944213,0.009061239292710261,0.01,0.864326375711575,0.9999527747907461,0.0004102926752910437
HAPT,2,M2,late_product,3,0.05,3162,0,0.0,0.13740545543549354,1.996101056550919,0.14181120430161992,1.9985189396270966,0.004740277182468974,0.7796381711960934,0.06198608475648324,196,0.002213788741302973,7,0.009424725810283504,0.011062973663541364,1.0136231755377119,0.040327145846265504,0.05,0.7381404174573055,1.0320638569419445,0.0344984641799346
HAPT,2,M2,late_mean,3,0.05,3162,0,0.0,0.16603013606726785,0.4999943012871775,0.16603013602132025,0.4999943012871775,1.5198053399797182e-10,2.9802322387695312e-08,0.15464895635673626,489,0.0,0,0.020163566087293864,0.02016358613049822,0.025000065565109253,0.040327145846265504,0.05,0.7381404174573055,0.9999999997232575,9.153792052329357e-10
HAPT,2,M2,cpsa,3,0.05,3162,0,0.0,0.1377414815445041,0.5750281454517661,0.13770960400625254,0.5775442821853409,0.0012064811041936963,0.014464331059571123,0.053763440860215055,170,0.0009487666034155598,3,0.01823716141420432,0.01884768790635276,0.1253887184526855,0.040327145846265504,0.05,0.7381404174573055,0.9997685698026904,0.008759025172848049
HAPT,2,M2,late_product,5,0.01,3162,0,0.0,0.21312380087649604,1.9999912103413435,0.2131890189515441,1.999991929592427,7.096917232731177e-05,0.05097702145576672,0.09772296015180265,309,0.00031625553447185326,1,0.0022561137405005586,0.0024388527671725265,0.39307339486958764,0.009061239292710261,0.01,0.864326375711575,1.0003060102850072,0.00033299505749917615
HAPT,2,M2,late_mean,5,0.01,3162,0,0.0,0.22137351574805952,0.6666590584996896,0.2213735122371534,0.6666591181043344,1.2553271570314808e-08,1.2293457984924316e-07,0.17994939911448452,569,0.0,0,0.00453061671033509,0.004530637383455131,0.005000084638595581,0.009061239292710261,0.01,0.864326375711575,0.9999999841403516,5.6706293559530486e-08
HAPT,2,M2,cpsa,5,0.01,3162,0,0.0,0.20062543039067354,0.7769970234780859,0.2006147516505046,0.7770515242838201,5.960909603693738e-05,0.0010596446955498662,0.07748260594560405,245,0.0,0,0.004145039350363036,0.0041731986430157695,0.024538538837944213,0.009061239292710261,0.01,0.864326375711575,0.9999467727488577,0.0002971163522035162
HAPT,2,M2,late_product,5,0.05,3162,0,0.0,0.21312380087649604,1.9999912103413435,0.21478058086901403,1.999991929592427,0.0018012615644332482,0.8607016801834437,0.09835547122074637,311,0.0018975332068311196,6,0.009424725810283504,0.011062973663541364,1.0136231755377119,0.040327145846265504,0.05,0.7381404174573055,1.0077737915038314,0.008451714717105051
HAPT,2,M2,late_mean,5,0.05,3162,0,0.0,0.22137351574805952,0.6666590584996896,0.22137351322546867,0.6666591181043344,1.5034294880647978e-08,1.341104507446289e-07,0.17994939911448452,569,0.0,0,0.020163566087293864,0.02016358613049822,0.025000065565109253,0.040327145846265504,0.05,0.7381404174573055,0.9999999886048209,6.791370155478846e-08
HAPT,2,M2,cpsa,5,0.05,3162,0,0.0,0.20062543039067354,0.7769970234780859,0.200492324192448,0.7789625172822345,0.001262045924805003,0.012915784581639611,0.07748260594560405,245,0.0,0,0.01823716141420432,0.01884768790635276,0.1253887184526855,0.040327145846265504,0.05,0.7381404174573055,0.9993365437374198,0.006290558092996727
HAPT,2,M2,late_product,8,0.01,3162,0,0.0,0.27406651878523514,1.9999993421945788,0.27408622771596025,1.9999993450381637,2.4752655084533327e-05,0.008477836847305298,0.127134724857685,402,0.0,0,0.0022561137405005586,0.0024388527671725265,0.39307339486958764,0.009061239292710261,0.01,0.864326375711575,1.0000719129458515,9.031623123556395e-05
HAPT,2,M2,late_mean,8,0.01,3162,0,0.0,0.25826910069915715,0.7777689112686907,0.2582690999735751,0.7777689187192713,5.1590891943076376e-08,1.4901161193847656e-07,0.19671094244149273,622,0.0,0,0.00453061671033509,0.004530637383455131,0.005000084638595581,0.009061239292710261,0.01,0.864326375711575,0.9999999971905968,1.997563463976732e-07
HAPT,2,M2,cpsa,8,0.01,3162,0,0.0,0.2534516359566993,0.9694847771212526,0.25343484249019627,0.9694848367258974,6.969124108011127e-05,0.0013804185685302173,0.09930423782416192,314,0.0,0,0.004145039350363036,0.0041731986430157695,0.024538538837944213,0.009061239292710261,0.01,0.864326375711575,0.9999337409425683,0.00027496859831679135
HAPT,2,M2,late_product,8,0.05,3162,0,0.0,0.27406651878523514,1.9999993421945788,0.27455673239167205,1.9999995167521023,0.0006167967773652684,0.22590851783752441,0.12745098039215685,403,0.00031625553447185326,1,0.009424725810283504,0.011062973663541364,1.0136231755377119,0.040327145846265504,0.05,0.7381404174573055,1.0017886665201197,0.0022505367678589175
HAPT,2,M2,late_mean,8,0.05,3162,0,0.0,0.25826910069915715,0.7777689112686907,0.2582691002628094,0.7777689187192713,4.2578681905731524e-08,1.341104507446289e-07,0.19671094244149273,622,0.0,0,0.020163566087293864,0.02016358613049822,0.025000065565109253,0.040327145846265504,0.05,0.7381404174573055,0.9999999983104919,1.648616957679695e-07
HAPT,2,M2,cpsa,8,0.05,3162,0,0.0,0.2534516359566993,0.9694847771212526,0.2531967202380627,0.9694848367258974,0.0014732666415339971,0.013436982876117401,0.10056925996204934,318,0.0018975332068311196,6,0.01823716141420432,0.01884768790635276,0.1253887184526855,0.040327145846265504,0.05,0.7381404174573055,0.9989942234238326,0.005812811726280181
HAPT,2,M2,late_product,16,0.01,3162,0,0.0,0.346382588207894,1.9999999976583782,0.34638691874759503,1.9999999976740357,8.677531472465472e-06,0.0008575618271467467,0.16350411132194814,517,0.0,0,0.0022561137405005586,0.0024388527671725265,0.39307339486958764,0.009061239292710261,0.01,0.864326375711575,1.0000125021864505,2.5051869718281966e-05
HAPT,2,M2,late_mean,16,0.01,3162,0,0.0,0.2929943598921469,0.8823429002043071,0.29299435849754313,0.8823428927537265,1.014870005527319e-07,2.9837246984243393e-07,0.2077798861480076,657,0.0,0,0.00453061671033509,0.004530637383455131,0.005000084638595581,0.009061239292710261,0.01,0.864326375711575,0.9999999952401686,3.463786831599418e-07
HAPT,2,M2,cpsa,16,0.01,3162,0,0.0,0.3179653469379243,1.2491244552805252,0.31794384352247707,1.2491245446958272,6.956181801343048e-05,0.0006976281714851373,0.15401644528779254,487,0.0,0,0.004145039350363036,0.0041731986430157695,0.024538538837944213,0.009061239292710261,0.01,0.864326375711575,0.9999323718271369,0.0002187716953539937
HAPT,2,M2,late_product,16,0.05,3162,0,0.0,0.346382588207894,1.9999999976583782,0.3464909399008979,1.9999999979433334,0.00021682663877194892,0.02149435878910383,0.16350411132194814,517,0.0,0,0.009424725810283504,0.011062973663541364,1.0136231755377119,0.040327145846265504,0.05,0.7381404174573055,1.000312809294383,0.0006259744171719526
HAPT,2,M2,late_mean,16,0.05,3162,0,0.0,0.2929943598921469,0.8823429002043071,0.2929943583164035,0.8823429002043071,1.1807320173689429e-07,3.129243850708008e-07,0.2077798861480076,657,0.0,0,0.020163566087293864,0.02016358613049822,0.025000065565109253,0.040327145846265504,0.05,0.7381404174573055,0.9999999946219328,4.0298796802900164e-07
HAPT,2,M2,cpsa,16,0.05,3162,0,0.0,0.3179653469379243,1.2491244552805252,0.31758909693162074,1.2491245446958272,0.0014667826402329422,0.010731451572523448,0.15433270082226438,488,0.00031625553447185326,1,0.01823716141420432,0.01884768790635276,0.1253887184526855,0.040327145846265504,0.05,0.7381404174573055,0.9988166949325551,0.004613026716144949
HAPT,2,M2,late_product,32,0.01,3162,0,0.0,0.3908459215609891,2.000000068810311,0.39084892117014775,2.0000000688113087,6.394234192489173e-06,0.0007534027117100939,0.18437697659709046,583,0.0,0,0.0022561137405005586,0.0024388527671725265,0.39307339486958764,0.009061239292710261,0.01,0.864326375711575,1.0000076746589723,1.6359986991680538e-05
HAPT,2,M2,late_mean,32,0.01,3162,0,0.0,0.3119354151642354,0.9393834760701765,0.3119354101185179,0.939383096090566,1.8774428984035717e-07,5.960464477539062e-07,0.2125237191650854,672,0.0,0,0.00453061671033509,0.004530637383455131,0.005000084638595581,0.009061239292710261,0.01,0.864326375711575,0.9999999838244801,6.018691072365379e-07
HAPT,2,M2,cpsa,32,0.01,3162,0,0.0,0.363831848381348,1.4511511655395477,0.36380625989126225,1.4511514063046587,6.926357288797616e-05,0.00044135970314798656,0.17900063251106893,566,0.0,0,0.004145039350363036,0.0041731986430157695,0.024538538837944213,0.009061239292710261,0.01,0.864326375711575,0.9999296694607698,0.00019037248442136924
HAPT,2,M2,late_product,32,0.05,3162,0,0.0,0.3908459215609891,2.000000068810311,0.3909213020251949,2.000000068834019,0.00016077082566179712,0.018853545232281554,0.18437697659709046,583,0.0,0,0.009424725810283504,0.011062973663541364,1.0136231755377119,0.040327145846265504,0.05,0.7381404174573055,1.0001928649118423,0.00041134067619203704
HAPT,2,M2,late_mean,32,0.05,3162,0,0.0,0.3119354151642354,0.9393834760701765,0.31193540935419717,0.9393832749045004,1.8859756039654345e-07,5.960464477539062e-07,0.2125237191650854,672,0.0,0,0.020163566087293864,0.02016358613049822,0.025000065565109253,0.040327145846265504,0.05,0.7381404174573055,0.999999981374227,6.046045149995104e-07
HAPT,2,M2,cpsa,32,0.05,3162,0,0.0,0.363831848381348,1.4511511655395477,0.36335782319666193,1.4511520671183344,0.001473410722323145,0.008921812791688744,0.17900063251106893,566,0.0,0,0.01823716141420432,0.01884768790635276,0.1253887184526855,0.040327145846265504,0.05,0.7381404174573055,0.9986971311423258,0.004049702435007281
HAPT,2,M2,late_product,64,0.01,3162,0,0.0,0.41983801125020437,2.0000000690195785,0.41984086514285823,2.0000000690195785,3.126025659216995e-06,0.0009926557540898624,0.1989247311827957,629,0.0,0,0.0022561137405005586,0.0024388527671725265,0.39307339486958764,0.009061239292710261,0.01,0.864326375711575,1.0000067976042601,7.445789984351907e-06
HAPT,2,M2,late_mean,64,0.01,3162,0,0.0,0.3218430363128378,0.9692201424815821,0.3218430325711066,0.9692196656444239,4.3301719349886967e-07,1.0133080650120974e-06,0.2166350411132195,685,0.0,0,0.00453061671033509,0.004530637383455131,0.005000084638595581,0.009061239292710261,0.01,0.864326375711575,0.9999999883740495,1.3454297425841099e-06
HAPT,2,M2,cpsa,64,0.01,3162,0,0.0,0.39272840425985095,1.6006876368075336,0.39270047151868687,1.6006876451982333,6.907847337372973e-05,0.00038573192869989503,0.19512966476913346,617,0.00031625553447185326,1,0.004145039350363036,0.0041731986430157695,0.024538538837944213,0.009061239292710261,0.01,0.864326375711575,0.9999288751695545,0.00017589375411721832
HAPT,2,M2,late_product,64,0.05,3162,0,0.0,0.41983801125020437,2.0000000690195785,0.4199094457472617,2.0000000690195785,7.830363562457801e-05,0.024599403142942327,0.1989247311827957,629,0.0,0,0.009424725810283504,0.011062973663541364,1.0136231755377119,0.040327145846265504,0.05,0.7381404174573055,1.0001701477597147,0.00018650916192986775
HAPT,2,M2,late_mean,64,0.05,3162,0,0.0,0.3218430363128378,0.9692201424815821,0.3218430331704872,0.9692198444583582,3.9772059808559653e-07,1.135747879743576e-06,0.2166350411132195,685,0.0,0,0.020163566087293864,0.02016358613049822,0.025000065565109253,0.040327145846265504,0.05,0.7381404174573055,0.9999999902363877,1.23575952626486e-06
HAPT,2,M2,cpsa,64,0.05,3162,0,0.0,0.39272840425985095,1.6006876368075336,0.3921960445075514,1.6006513094739798,0.0014825319700707933,0.007712489635914921,0.19512966476913346,617,0.00031625553447185326,1,0.01823716141420432,0.01884768790635276,0.1253887184526855,0.040327145846265504,0.05,0.7381404174573055,0.9986444582400327,0.0037749547880673987
HAPT,2,M2,late_product,100,0.01,3162,0,0.0,0.4310833176984021,2.0000000690195785,0.43108464342937686,2.0000000690195785,1.6171450753293479e-06,0.0007410943508148196,0.20430107526881722,646,0.0,0,0.0022561137405005586,0.0024388527671725265,0.39307339486958764,0.009061239292710261,0.01,0.864326375711575,1.0000030753474336,3.751351557660479e-06
HAPT,2,M2,late_mean,100,0.01,3162,0,0.0,0.32548481727629913,0.9801875033279899,0.3254848237677,0.9801867284676078,6.522247305169932e-07,1.788142071745824e-06,0.21695129664769133,686,0.0,0,0.00453061671033509,0.004530637383455131,0.005000084638595581,0.009061239292710261,0.01,0.864326375711575,1.00000001994379,2.00385608144459e-06
HAPT,2,M2,cpsa,100,0.01,3162,0,0.0,0.40449888408851725,1.6731459844963958,0.4044698592055487,1.67314604411962,6.900995613728213e-05,0.0003623221222349149,0.20398481973434535,645,0.0,0,0.004145039350363036,0.0041731986430157695,0.024538538837944213,0.009061239292710261,0.01,0.864326375711575,0.9999282448379704,0.00017060604825347442
HAPT,2,M2,late_product,100,0.05,3162,0,0.0,0.4310833176984021,2.0000000690195785,0.4311168056152773,2.0000000690195785,4.082056018664959e-05,0.018384903669357303,0.20430107526881722,646,0.0,0,0.009424725810283504,0.011062973663541364,1.0136231755377119,0.040327145846265504,0.05,0.7381404174573055,1.0000776831658762,9.469297119775994e-05
HAPT,2,M2,late_mean,100,0.05,3162,0,0.0,0.32548481727629913,0.9801875033279899,0.3254848220088788,0.9801869743367675,6.453722051027882e-07,1.788142071745824e-06,0.21695129664769133,686,0.0,0,0.020163566087293864,0.02016358613049822,0.025000065565109253,0.040327145846265504,0.05,0.7381404174573055,1.0000000145400934,1.982802794008488e-06
HAPT,2,M2,cpsa,100,0.05,3162,0,0.0,0.40449888408851725,1.6731459844963958,0.4039465098212645,1.67314604411962,0.0014879089478700921,0.00715770248956471,0.20398481973434535,645,0.0,0,0.01823716141420432,0.01884768790635276,0.1253887184526855,0.040327145846265504,0.05,0.7381404174573055,0.9986344232605303,0.003678400624572527
